series,delta,memory_timescale,m0,rmse_normalized_prey,rmse_normalized_predator,rmse_normalized_total,validation_rmse_normalized_prey,validation_rmse_normalized_predator,validation_rmse_normalized_total,profile_rss,profile_likelihood_ratio,inside_confidence_interval,confidence_level,likelihood_ratio_threshold,optimization_status,r,K,a,theta,e,mu,phi
andren_lynx_roedeer_data_1,0.01,100.0,4.102564102564103,0.37909675557394373,0.16794083041280122,0.29318805620832483,0.630615038678444,0.17530086079149615,0.4628205477297086,3.266450979522202,123.03793819236101,False,0.95,3.841458820694124,success,0.616120262643038,157.12949326705956,0.04870901054454377,3.101874425370801e-06,0.03173628174471364,0.19485375388028864,0.19473690158385715
andren_lynx_roedeer_data_1,0.01539926526059492,64.93816315762113,4.102564102564103,0.3790379513475086,0.16779222290339169,0.2931074876462369,0.630615038678444,0.17528625835244807,0.46281778238018073,3.264655973942979,123.01705039670433,False,0.95,3.841458820694124,success,0.616120262643038,157.12949326705956,0.04870901054454379,3.101874425370801e-06,0.03173628174471364,0.1948537538802886,0.19473690158385715
andren_lynx_roedeer_data_1,0.023713737056616554,42.169650342858226,4.102564102564103,0.37894804369726315,0.16759152320583057,0.2929919269130408,0.6306150386784439,0.1752658083680607,0.4628139100061304,3.262082230976233,122.98708068297134,False,0.95,3.841458820694124,success,0.6161202626430388,157.12949326705942,0.04870901054454375,3.101874425370801e-06,0.0317362817447136,0.1948537538802898,0.1947369015838575
andren_lynx_roedeer_data_1,0.03651741272548377,27.384196342643612,4.102564102564103,0.3788088958570156,0.1672235275130295,0.2927967620503275,0.630615038678443,0.1752385816198902,0.4628087550465987,3.257737866951932,122.93643945211635,False,0.95,3.841458820694124,success,0.6161202626430381,157.12949326705956,0.04870901054454377,3.101874425370801e-06,0.03173628174471363,0.19485375388028886,0.19473690158385723
andren_lynx_roedeer_data_1,0.05623413251903491,17.78279410038923,4.102564102564103,0.37859625424169496,0.1666685617660474,0.2925008830815771,0.630615038678436,0.1751993075402339,0.4628013204226965,3.251157130933093,122.85960058653214,False,0.95,3.841458820694124,success,0.6161202626430381,157.12949326705956,0.04870901054454377,3.101874425370801e-06,0.03173628174471364,0.1948537538802887,0.1947369015838572
andren_lynx_roedeer_data_1,0.08659643233600653,11.547819846894583,4.102564102564103,0.05458487629160914,0.07368182779905885,0.06484026707062686,0.08019766814721735,0.06073726000144444,0.07113606936264565,0.15976188888402826,8.362494468589688,False,0.95,3.841458820694124,usable_limit,1.729850383135875,231.28212497569567,0.23191724813269798,3.080867783534738e-06,0.010000000000000004,0.25160257377173484,0.026046968054268586
andren_lynx_roedeer_data_1,0.1333521432163324,7.498942093324558,4.102564102564103,0.0548290934285722,0.07028809155462892,0.0630342974125634,0.07434273751983214,0.05934291579631438,0.06726226385259092,0.15098626071122892,6.215659073574019,False,0.95,3.841458820694124,usable_limit,4.842205251415253,197.9306850097631,0.23126769747813344,3.1165092683786562e-06,0.010000000000000004,0.2538482955645965,0.04123418499103172
andren_lynx_roedeer_data_1,0.2053525026457146,4.869675251658631,4.102564102564103,0.05100336671643753,0.06621511055459371,0.05910069492894511,0.06619617701259532,0.04851493898395034,0.05803289220648613,0.13272990136120105,1.318500367670591,True,0.95,3.841458820694124,usable_limit,4.999999999999999,182.11891591155657,0.060892601552773325,3.1081300438533986e-06,0.026513330710134335,0.19553703088240287,0.0623129463529305
andren_lynx_roedeer_data_1,0.31622776601683794,3.162277660168379,4.102564102564103,0.05036050959698957,0.06536352456241354,0.05834625639271863,0.08203151698690372,0.03538483062758083,0.06317141765749466,0.12936285413170467,0.3420915844631911,True,0.95,3.841458820694124,usable_limit,1.571500044820511,158.92934760355817,0.0183736511948326,3.0544728789689657e-06,0.08280693693612402,0.19241008200713808,0.08247902241358764
andren_lynx_roedeer_data_1,0.4869675251658631,2.0535250264571463,4.102564102564103,0.050224034126125104,0.06500076295010218,0.058084218114723536,0.09041411306003079,0.03435872788064976,0.06839310645821174,0.12820350297195357,0.0,True,0.95,3.841458820694124,usable_limit,1.0020295954509306,152.3602584545993,0.00894132532932303,2.6569586590587436e-06,0.16523607107605556,0.18943290260569726,0.12190552700253432
andren_lynx_roedeer_data_1,0.7498942093324559,1.333521432163324,4.102564102564103,0.05155290556018501,0.06544238783400295,0.058908438262754055,0.0877174596125173,0.03541369156323284,0.06688976854127017,0.13186775574515483,1.0708666606416588,True,0.95,3.841458820694124,usable_limit,0.7060081046103739,155.204570673001,0.04639894029253059,3.1111724063241273e-06,0.0324182747098551,0.19111064413368503,0.15283468554957017
andren_lynx_roedeer_data_1,1.0,1.0,4.102564102564103,0.05284998268389307,0.06565419963882019,0.05959695713667709,0.08494654997691876,0.03590770506638135,0.0652122673893317,0.1349682973981352,1.9539998386384667,True,0.95,3.841458820694124,success,0.6161212737340466,157.12865608365178,0.04870699756509003,3.1017789968473562e-06,0.031735397323435895,0.19486063728899775,0.19474009729438338
andren_lynx_roedeer_data_1,1.1547819846894583,0.8659643233600653,4.102564102564103,0.05336790778521729,0.06588957383517745,0.059956523921724965,0.08703472226411008,0.03733824505001612,0.06696710917684082,0.13660182090950235,2.4111535378573556,True,0.95,3.841458820694124,success,0.5897499546498418,157.7892498602101,0.06168946319281277,3.108138448620338e-06,0.02596161454151961,0.19860715003163024,0.2
andren_lynx_roedeer_data_1,1.7782794100389228,0.5623413251903491,4.102564102564103,0.05396379571184402,0.06591278441839536,0.06023531521215564,0.08579317565068638,0.03749899944830427,0.06620666109936918,0.13787514155089445,2.7637261621756615,True,0.95,3.841458820694124,usable_limit,0.5683760363727676,161.61880982193713,0.16003918901622505,3.714926970606061e-06,0.010000000000000004,0.19864406415427968,0.027896590032773255
andren_lynx_roedeer_data_1,2.7384196342643614,0.36517412725483767,4.102564102564103,0.053898021733944805,0.06597208867080878,0.06023833177646043,0.0876111591212359,0.03780553547288962,0.06747211911211337,0.13788895137801505,2.7675321212869313,True,0.95,3.841458820694124,usable_limit,0.561573833667276,161.1804461553852,0.16478567724779103,3.1853519135913658e-06,0.010000000000000004,0.20250822783468353,0.01167214403550242
andren_lynx_roedeer_data_1,4.216965034285822,0.23713737056616555,4.102564102564103,0.053873609664802966,0.06597223632392565,0.06022749282468699,0.08762245897663942,0.03788742335633423,0.0675024153852844,0.13783933389401348,2.7538558717824544,True,0.95,3.841458820694124,usable_limit,0.5601241168404739,161.22576736056394,0.1653431325372105,3.1045136114871935e-06,0.010000000000000004,0.20299116415677002,0.01082918662024457
andren_lynx_roedeer_data_1,6.493816315762113,0.1539926526059492,4.102564102564103,0.05385643526269533,0.06595027743024903,0.060207784846860575,0.08757206765691573,0.03791604081271998,0.0674777488681242,0.13774913953430246,2.728982655941795,True,0.95,3.841458820694124,usable_limit,0.5592812396951854,161.26663642974765,0.16534108075896847,3.118222237190337e-06,0.010000000000000004,0.20297117057244565,0.013890589320697588
andren_lynx_roedeer_data_1,10.0,0.1,4.102564102564103,0.05389756785219553,0.06593792889540655,0.06021942496984553,0.08810630162565328,0.03794414201868308,0.06783243434996486,0.1378024074605565,2.7436745075749567,True,0.95,3.841458820694124,usable_limit,0.5609358079714578,161.01939531842854,0.16559621773263258,3.207470758347434e-06,0.010000000000000004,0.2031684751884668,0.02167168624194393
andren_lynx_roedeer_data_2,0.01,100.0,1.2023217247097844,0.06420222057183263,0.13150530154837992,0.10347842640300581,0.09267542272367271,0.10908287752783431,0.10121217354341307,0.406895819772007,3.436222033916951,True,0.95,3.841458820694124,usable_limit,0.6169595100741891,50.34534781016531,0.3019955932539656,9.904649850097042e-10,0.010000000000000004,0.12959608806054546,0.0010871494406818772
andren_lynx_roedeer_data_2,0.01539926526059492,64.93816315762113,1.2023217247097844,0.33236643329551757,0.26386860242221466,0.3000783941954473,0.5126185393657732,0.3856172057835814,0.4535848301574005,3.4217876211908935,nan,False,,,failed,0.6089675169137319,59.10051270753224,0.24856576097473979,9.987229115088905e-10,0.010100000000000003,0.11078486715669808,0.19801980198019803
andren_lynx_roedeer_data_2,0.023713737056616554,42.169650342858226,1.2023217247097844,0.10022896727466325,0.12467783891420142,0.11311589056640334,0.14473942666433945,0.15972011615927761,0.15241393823573818,0.4862177785479604,10.204000979628084,False,0.95,3.841458820694124,usable_limit,0.9018105351835819,41.74958540630182,0.13032180855188727,1.078812821725575e-09,0.023313655111357308,0.14096699014306072,0.01235479529655524
andren_lynx_roedeer_data_2,0.03651741272548377,27.384196342643612,1.2023217247097844,0.06179577801107038,0.13219661311868783,0.10318590674129272,0.08770005613968411,0.10394287330405527,0.09616501639787368,0.40459859130086473,3.2210759678439835,True,0.95,3.841458820694124,usable_limit,0.5851713843704335,51.81754379175054,0.3064880624551717,9.984147368828564e-10,0.010000000000000004,0.12975821421658837,0.0005150490325806232
andren_lynx_roedeer_data_2,0.05623413251903491,17.78279410038923,1.2023217247097844,0.10549495817375004,0.12336088820251716,0.11477607533409394,0.1428079695209857,0.14636943967575813,0.14459966982967523,0.5005948038257091,11.31133509704865,False,0.95,3.841458820694124,success,4.042722614884256,41.85549602597201,0.34136342890614096,1.0010821171851538e-09,0.012318435335933568,0.173129636233852,0.02120994840311919
andren_lynx_roedeer_data_2,0.08659643233600653,11.547819846894583,1.2023217247097844,0.09473907315157867,0.12559167497687748,0.11124019238817823,0.12695572453216442,0.13898039409643748,0.13310391792634785,0.4702264552972384,8.93319627411532,False,0.95,3.841458820694124,usable_limit,2.5042641794395126,44.88909777933664,0.33249428584791524,1.0204400440841346e-09,0.017116851994905022,0.21775126760806868,0.02895949751598377
andren_lynx_roedeer_data_2,0.1333521432163324,7.498942093324558,1.2023217247097844,0.06761130258495954,0.13061253514965335,0.10399741000489961,0.0811539373063533,0.10990887757332611,0.09660725363488994,0.41098752893363333,3.816438223837768,True,0.95,3.841458820694124,usable_limit,0.8783827378761007,57.94853736652825,0.31802453956937005,9.937909944368574e-10,0.010000000000000004,0.13552396652349968,0.0343531552237494
andren_lynx_roedeer_data_2,0.2053525026457146,4.869675251658631,1.2023217247097844,0.06207954157525536,0.13096583415206114,0.10248394800489256,0.06794147435934199,0.10297648371805664,0.08723588750352777,0.39911246474944184,2.7022923941976615,True,0.95,3.841458820694124,usable_limit,1.1057831641909066,60.51085131210639,0.2938084935364305,9.967535176034852e-10,0.010000000000000004,0.12652810914910598,0.07434107524035682
andren_lynx_roedeer_data_2,0.31622776601683794,3.162277660168379,1.2023217247097844,0.04884268133175432,0.13106637895094117,0.09890400196904828,0.03965765437601277,0.09646474825524623,0.07375017697116162,0.37171606100875326,0.0,True,0.95,3.841458820694124,success,1.8225689039657385,72.6413366011979,0.15644394559728414,9.914816355443853e-10,0.010000000000000004,0.08133171759694784,0.2
andren_lynx_roedeer_data_2,0.4869675251658631,2.0535250264571463,1.2023217247097844,0.05004631106531915,0.1317781337395827,0.0996747455054038,0.05578780120068786,0.09602146752046384,0.07852515834938177,0.37753208587954656,0.5899604429203299,True,0.95,3.841458820694124,success,0.8835114471193948,62.67577388938029,0.19834550476137097,1.0006993490288501e-09,0.010000000000000004,0.09431348464753511,0.2
andren_lynx_roedeer_data_2,0.7498942093324559,1.333521432163324,1.2023217247097844,0.053131025454514,0.1319249808143057,0.10056616336696739,0.06345063336209433,0.09703411838857603,0.08198049464811466,0.3843150221453598,1.2666274177607246,True,0.95,3.841458820694124,success,0.6678344102781921,59.812837452582684,0.23102371628470042,9.990419175632574e-10,0.010000000000000004,0.10494394121482746,0.2
andren_lynx_roedeer_data_2,1.0,1.0,1.2023217247097844,0.05489498833465573,0.1319688987080281,0.10106742791441704,0.0656434114611743,0.09781640961243226,0.08329798154135597,0.3881557494389637,1.6445027890806245,True,0.95,3.841458820694124,success,0.6084638514190334,59.103584644790814,0.24827937509875833,9.988481569088759e-10,0.010000000000000004,0.11072008632695401,0.2
andren_lynx_roedeer_data_2,1.1547819846894583,0.8659643233600653,1.2023217247097844,0.056215669603480345,0.13173127478007468,0.10127519504832169,0.06785295461461306,0.09904130567230614,0.08489170654194649,0.38975327501887286,1.8005777424935865,True,0.95,3.841458820694124,success,0.5906746498753943,58.23624911257768,0.25214364116372345,9.989648835656088e-10,0.010000000000000004,0.11222134695367766,0.2
andren_lynx_roedeer_data_2,1.7782794100389228,0.5623413251903491,1.2023217247097844,0.05716146744363263,0.13212120241984593,0.10179254758865054,0.0717031381612221,0.0993975632800155,0.08666376292364644,0.39374546429433205,2.1878266243053797,True,0.95,3.841458820694124,success,0.5726597870775147,56.97775663160095,0.27296185582101473,9.987397031407724e-10,0.010000000000000004,0.11884681826496632,0.2
andren_lynx_roedeer_data_2,2.7384196342643614,0.36517412725483767,1.2023217247097844,0.05856291588626929,0.13210373764926836,0.10217879578955942,0.07511505519140961,0.10097181009378402,0.08898757764436477,0.39673923974217046,2.475660178475786,True,0.95,3.841458820694124,success,0.5637059656577932,55.654611304541675,0.2832936034347719,9.987054745405983e-10,0.010000000000000004,0.12241048825072427,0.2
andren_lynx_roedeer_data_2,4.216965034285822,0.23713737056616555,1.2023217247097844,0.05944231400689313,0.13213831315833077,0.1024546790020426,0.07735640450634916,0.1021723480637778,0.09061788462278204,0.39888452747764036,2.680584000185184,True,0.95,3.841458820694124,success,0.5598625752452501,54.772704068779234,0.29040198770540937,9.987301933458793e-10,0.010000000000000004,0.12487173001504846,0.2
andren_lynx_roedeer_data_2,6.493816315762113,0.1539926526059492,1.2023217247097844,0.06031085119981886,0.13206721990274725,0.10266243067765173,0.08016542772099405,0.1034057624976041,0.0925182347415925,0.4005038375604586,2.8345363717846372,True,0.95,3.841458820694124,success,0.5624879116406071,53.681702493486995,0.2938738495481467,1.000330907968657e-09,0.010000000000000004,0.12612969308045135,0.2
andren_lynx_roedeer_data_2,10.0,0.1,1.2023217247097844,0.06074313140194699,0.13208740716197628,0.10280275079804017,0.08156036959835952,0.10411027953385762,0.09351749620696381,0.4015994117224701,2.9383430677016342,True,0.95,3.841458820694124,success,0.5634867883585671,53.13308100209736,0.2967204618339727,9.988646110352042e-10,0.010000000000000004,0.12713841442130439,0.2
andren_lynx_roedeer_data_7,0.01,100.0,0.07754943776657619,0.07483197645591248,0.0753261175171013,0.07507945351592003,0.1621591305293574,0.22900125502441457,0.19841516879613078,0.1578338815269775,0.26476099344610987,True,0.95,3.841458820694124,usable_limit,0.014766811100275756,630.0128246305343,0.07616191669444455,1.2176570733856781e-05,0.010000561235743997,0.5880757232245467,3.4474199590874544e-05
andren_lynx_roedeer_data_7,0.01539926526059492,64.93816315762113,0.07754943776657619,0.0747925991494667,0.07477050945096203,0.07478155511584797,0.1655064624701376,0.23220234951832516,0.20163124787741793,0.156583867595249,0.042123597239702625,True,0.95,3.841458820694124,usable_limit,0.014320041066125586,630.0116324156647,0.07910935259144088,3.75264172610636e-05,0.010000000000000004,0.5975042600681578,3.402784737260927e-05
andren_lynx_roedeer_data_7,0.023713737056616554,42.169650342858226,0.07754943776657619,0.07359021118283052,0.08120314693068316,0.07749022600747693,0.15864853405695897,0.22671838664788405,0.1956662773737998,0.16813258354731592,nan,False,,,failed,0.02428519936884963,766.7914541104778,0.07725022624985793,7.74857280605765e-06,0.010100000000000003,0.6012746741454321,3.494267202312098e-05
andren_lynx_roedeer_data_7,0.03651741272548377,27.384196342643612,0.07754943776657619,0.07456624218878115,0.07625500937415812,0.07541535297540185,0.15016760432441534,0.22599487509920632,0.19186452637165635,0.15924931300332468,0.5147417257432095,True,0.95,3.841458820694124,success,0.024283990429595604,765.2377755205716,0.07710204245710606,7.74939703077098e-06,0.010041435303448332,0.6026415232517504,3.494266813828628e-05
andren_lynx_roedeer_data_7,0.05623413251903491,17.78279410038923,0.07754943776657619,0.07359849367410087,0.08126526585671742,0.07752671057725727,0.15858253940149672,0.22646861558992304,0.1954948281288326,0.1682909438820348,2.0609944024104982,True,0.95,3.841458820694124,success,0.024285199368849653,766.7914541104765,0.07725022624985642,7.74857280605765e-06,0.010100000000000003,0.601274674145442,3.494267202312098e-05
andren_lynx_roedeer_data_7,0.08659643233600653,11.547819846894583,0.07754943776657619,0.07468219303542477,0.07615570358362714,0.07542254684408944,0.1494114120255988,0.22551942728829294,0.19128876355907956,0.15927969602856826,0.520083309619582,True,0.95,3.841458820694124,success,0.02429343080690445,766.2711125514695,0.07678737933313884,7.748962285023979e-06,0.010099600572976423,0.6043492256034682,3.4942674204322015e-05
andren_lynx_roedeer_data_7,0.1333521432163324,7.498942093324558,0.07754943776657619,0.0736139063055899,0.08133701033371153,0.07757163286793202,0.1586167281580317,0.2267140360443167,0.1956508632629341,0.16848603032232248,2.0934337991474568,True,0.95,3.841458820694124,success,0.024285199368849642,766.7914541104772,0.07725022624985714,7.74857280605765e-06,0.010100000000000003,0.6012746741454372,3.494267202312098e-05
andren_lynx_roedeer_data_7,0.2053525026457146,4.869675251658631,0.07754943776657619,0.0751898074644994,0.07493293432379491,0.07506148077716908,0.16118701527920049,0.2346659737050131,0.20130744286977956,0.15775832510091706,0.2513539452004181,True,0.95,3.841458820694124,usable_limit,0.013362660451872137,630.0116324156647,0.07677442997077405,1.3177425008363992e-05,0.01000000353298465,0.596437426028528,3.49527966212787e-05
andren_lynx_roedeer_data_7,0.31622776601683794,3.162277660168379,0.07754943776657619,0.07458442635323863,0.07562647633757943,0.07510725856293832,0.16312360533232192,0.2312612694294627,0.20011382430349692,0.157950808087522,0.2854962852606936,True,0.95,3.841458820694124,success,0.01475787398853882,630.0116324156647,0.07599479545768048,8.526483162581276e-06,0.010000000000000004,0.5881001681414294,3.522599012378514e-05
andren_lynx_roedeer_data_7,0.4869675251658631,2.0535250264571463,0.07754943776657619,0.07470008371928138,0.07525389365550046,0.07497750001827554,0.16230622611466866,0.23147049855474922,0.19990235458439465,0.15740551425173424,0.18866459654932427,True,0.95,3.841458820694124,success,0.0145390947284798,630.0116324156647,0.07596785399888453,8.341715231597366e-06,0.010000000000000004,0.5890024085108666,3.493452662153842e-05
andren_lynx_roedeer_data_7,0.7498942093324559,1.333521432163324,0.07754943776657619,0.07476803079118663,0.07522615242590623,0.0749974414136826,0.16209242578631083,0.2314094869089396,0.1997802606975341,0.15748925412076512,0.2035566596995309,True,0.95,3.841458820694124,success,0.01443697053386777,630.0116324156647,0.07596346618194168,8.333757736011265e-06,0.010000000000000004,0.5893180183990793,3.4950134218119545e-05
andren_lynx_roedeer_data_7,1.0,1.0,0.07754943776657619,0.07456231226535678,0.0761120873612974,0.07534118479573554,0.15077652185557813,0.22440778247896456,0.1911706206246032,0.1589362355399048,0.45964072040288584,True,0.95,3.841458820694124,success,0.0242467629312653,763.7121506788159,0.07713336042337167,7.75479271420297e-06,0.010000000000000004,0.5996719341256146,3.494263383235596e-05
andren_lynx_roedeer_data_7,1.1547819846894583,0.8659643233600653,0.07754943776657619,0.07358384662538266,0.08129917472365517,0.07753753379794605,0.1586753977501332,0.22698063920390454,0.19582912503580266,0.16833793612909353,nan,False,,,failed,0.02428519936884963,766.7914541104778,0.07725022624985793,7.74857280605765e-06,0.010100000000000003,0.6012746741454321,3.494267202312098e-05
andren_lynx_roedeer_data_7,1.7782794100389228,0.5623413251903491,0.07754943776657619,0.07469816682441795,0.07529160524411938,0.07499547302059265,0.16239159516549523,0.23160613306701025,0.2000155382147194,0.1574809872603083,0.20208685676304555,True,0.95,3.841458820694124,success,0.014558774869748744,630.0116324156647,0.07602692917041161,8.862789295370586e-06,0.010000000000000004,0.5891334065988205,3.4958728108082866e-05
andren_lynx_roedeer_data_7,2.7384196342643614,0.36517412725483767,0.07754943776657619,0.07473345890725021,0.07522259489366227,0.07497842577294378,0.16214184974678944,0.23137707900910587,0.19978154585708918,0.15740940127888753,0.18935602986413227,True,0.95,3.841458820694124,usable_limit,0.01453106568204253,630.0116324156647,0.07596468183566561,8.495318914147722e-06,0.010000000000000004,0.5890294166391081,3.489664667655604e-05
andren_lynx_roedeer_data_7,4.216965034285822,0.23713737056616555,0.07754943776657619,0.07471498823226971,0.07473566043922751,0.07472532505060021,0.16491089150003818,0.23090287363130227,0.200638654284924,0.1563484777097001,0.0,True,0.95,3.841458820694124,usable_limit,0.01464937210256037,630.0116324156647,0.07849294573433664,3.3265297184506415e-05,0.010000223708847688,0.5944982982199903,3.473709508900039e-05
andren_lynx_roedeer_data_7,6.493816315762113,0.1539926526059492,0.07754943776657619,0.07469398086552083,0.07528249561739775,0.07498881557913253,0.16236494556516154,0.2312049341832409,0.19977249202412056,0.1574530289349122,0.1971154464174441,True,0.95,3.841458820694124,success,0.014619056056419612,630.0116324156647,0.07593806440778311,8.371503986104938e-06,0.010000000000000004,0.5885337280003555,3.4998938440301684e-05
andren_lynx_roedeer_data_7,10.0,0.1,0.07754943776657619,0.0747984493759579,0.07502465700599174,0.07491163857477169,0.1623800516937225,0.23041098527712617,0.19931947135745673,0.1571291006308022,0.13945167681140958,True,0.95,3.841458820694124,usable_limit,0.01461169540749947,630.034308947788,0.07653443037241435,1.5084824709818403e-05,0.010002235223224354,0.5900061418814174,3.5825950509066634e-05
timeserieslogmeans_WRHW,0.01,100.0,1.6982436524617444,0.16277968177913205,0.20175854615782063,0.18330812277124126,0.024775111290976294,0.21585005167330246,0.1536311344533516,3.2929830516438123,nan,False,,,failed,1.0202747217215733,22262545.828896534,0.09059453053093154,3.1757654305670455e-08,0.013231038583942777,0.03528526006200876,5.9991243281875394e-05
timeserieslogmeans_WRHW,0.01539926526059492,64.93816315762113,1.6982436524617444,0.16277968178363733,0.20176032532508978,0.18330910189740757,0.024775111290976294,0.215846254007799,0.1536284666145561,3.2930182301665463,nan,False,,,failed,1.0202747217215733,22262545.828896534,0.09059453053093154,3.1757654305670455e-08,0.013231038583942777,0.03528526006200876,5.9991243281875394e-05
timeserieslogmeans_WRHW,0.023713737056616554,42.169650342858226,1.6982436524617444,0.16277968179089103,0.20177363097305503,0.1833164244687234,0.02477511129097629,0.2158387259338821,0.15362317818649912,3.2932813250397226,nan,False,,,failed,1.0202747217215733,22262545.828896534,0.09059453053093154,3.1757654305670455e-08,0.013231038583942777,0.03528526006200876,5.9991243281875394e-05
timeserieslogmeans_WRHW,0.03651741272548377,27.384196342643612,1.6982436524617444,0.1627796818028305,0.20177475434729472,0.18331704271526675,0.024775111290976284,0.21584912417886065,0.1536304828936326,3.2933035386873515,0.23325188877140723,True,0.95,3.841458820694124,success,1.0202747217215733,22262545.828896534,0.09059453053093154,3.1757654305670455e-08,0.013231038583942777,0.03528526006200876,5.9991243281875394e-05
timeserieslogmeans_WRHW,0.05623413251903491,17.78279410038923,1.6982436524617444,0.1627796818231074,0.20178518111585192,0.18332278108897057,0.02477511129097626,0.21584772963501198,0.15362950323435515,3.2935097224870735,0.23938718108293972,True,0.95,3.841458820694124,success,1.0202747217215733,22262545.828896534,0.09059453053093154,3.1757654305670455e-08,0.013231038583942777,0.03528526006200876,5.9991243281875394e-05
timeserieslogmeans_WRHW,0.08659643233600653,11.547819846894583,1.6982436524617444,0.16277952970101248,0.20141714680682618,0.18312023689025386,0.024775111290976284,0.21161921603542022,0.15065938194305412,3.2862360735567835,0.022716839209917027,True,0.95,3.841458820694124,success,1.0852132314844125,22268682.07890843,0.1007718974894597,3.1770811836801e-08,0.011004502281250175,0.02832609030775832,5.9981444429088793e-05
timeserieslogmeans_WRHW,0.1333521432163324,7.498942093324558,1.6982436524617444,0.16277985176264334,0.20142861598076545,0.18312668767248919,0.024775111290976284,0.21134386784863737,0.1504660038292746,3.2864676063139457,0.029621215648115345,True,0.95,3.841458820694124,success,1.0793916103380126,22265085.97133467,0.10130599799688113,3.176185395179543e-08,0.011173588013727646,0.027791640446405343,6.0000489198524674e-05
timeserieslogmeans_WRHW,0.2053525026457146,4.869675251658631,1.6982436524617444,0.16278056843428113,0.20146679080782542,0.18314800197953532,0.024775111290976284,0.21132013397741647,0.15044933559792398,3.2872326816513957,0.052432533513004774,True,0.95,3.841458820694124,success,1.0341880826233742,22261888.26985195,0.09825293420569363,3.175714494588108e-08,0.012456826144514559,0.0277213571009736,6.0002512305878146e-05
timeserieslogmeans_WRHW,0.31622776601683794,3.162277660168379,1.6982436524617444,0.16277838953151696,0.2013811289251181,0.18309992242711262,0.024775111290976284,0.21184518973471891,0.1508180867025227,3.2855069960958363,0.0009723520293727278,True,0.95,3.841458820694124,usable_limit,1.1164374308047336,22262207.75010413,0.1021332824066791,3.1759588177326303e-08,0.010000000000000004,0.028780703636164418,6.0033772839103334e-05
timeserieslogmeans_WRHW,0.4869675251658631,2.0535250264571463,1.6982436524617444,0.16277822941632134,0.20137960655958384,0.1830990140743599,0.024775111290976284,0.21187351721181347,0.15083798168098259,3.2854743975902596,0.0,True,0.95,3.841458820694124,success,1.1124036941941404,22258263.8813874,0.10171854816579436,3.1740869917173874e-08,0.010000000000000004,0.02884163832591442,6.003289816665851e-05
timeserieslogmeans_WRHW,0.7498942093324559,1.333521432163324,1.6982436524617444,0.16277918500703736,0.20166018289003795,0.18325377545196558,0.02477511129097628,0.2142751088932341,0.1525247986897337,3.291030729305144,0.16559574640768318,True,0.95,3.841458820694124,success,1.0174857075696362,22260755.191557962,0.08961753341605481,3.1755489035150844e-08,0.013041899709689652,0.03329022043744363,5.9992112335424814e-05
timeserieslogmeans_WRHW,1.0,1.0,1.6982436524617444,0.1627796858874559,0.2017923448460857,0.18332672551499463,0.02477511129097628,0.21583681224437512,0.15362183383115482,3.2936514522289175,0.24360432845020877,True,0.95,3.841458820694124,success,1.0202747217215733,22262545.828896534,0.09059453053093154,3.1757654305670455e-08,0.013231038583942777,0.03528526006200876,5.9991243281875394e-05
timeserieslogmeans_WRHW,1.1547819846894583,0.8659643233600653,1.6982436524617444,0.16277968515763253,0.20178069379074903,0.18332031295889442,0.02477511129097635,0.21584202542941192,0.15362549606258585,3.2934210400480053,nan,False,,,failed,1.0202747217215733,22262545.828896534,0.09059453053093154,3.1757654305670455e-08,0.013231038583942777,0.03528526006200876,5.9991243281875394e-05
timeserieslogmeans_WRHW,1.7782794100389228,0.5623413251903491,1.6982436524617444,0.16277967998868334,0.20177055532214336,0.18331473101230064,0.024775111290976298,0.21584029462231946,0.15362428018078705,3.2932204793989897,nan,False,,,failed,1.0202747217215733,22262545.828896534,0.09059453053093154,3.1757654305670455e-08,0.013231038583942777,0.03528526006200876,5.9991243281875394e-05
timeserieslogmeans_WRHW,2.7384196342643614,0.36517412725483767,1.6982436524617444,0.16277968082007324,0.20178635897026534,0.18332342888234676,0.024775111290976277,0.21584104918783864,0.153624810258609,3.2935329985637236,nan,False,,,failed,1.0202747217215733,22262545.828896534,0.09059453053093154,3.1757654305670455e-08,0.013231038583942777,0.03528526006200876,5.9991243281875394e-05
timeserieslogmeans_WRHW,4.216965034285822,0.23713737056616555,1.6982436524617444,0.16277968211315821,0.2018090981571643,0.18333594438607614,0.02477511129103923,0.2158412621612807,0.153624959871204,3.2939827133855717,nan,False,,,failed,1.0202747217215733,22262545.828896534,0.09059453053093154,3.1757654305670455e-08,0.013231038583942777,0.03528526006200876,5.9991243281875394e-05
timeserieslogmeans_WRHW,6.493816315762113,0.1539926526059492,1.6982436524617444,0.16277964995695854,0.20176417784181655,0.1833112079228847,0.024775111290976284,0.2152829612819454,0.15323276339902614,3.293093897114412,0.22701331165690464,True,0.95,3.841458820694124,success,1.0298113151990627,22374097.355561353,0.08998854111687053,3.1856357841917314e-08,0.01321668074324074,0.03482992505242694,6.009454718882153e-05
timeserieslogmeans_WRHW,10.0,0.1,1.6982436524617444,0.1627806028838836,0.2014803440338507,0.18315547180911554,0.024775111290976284,0.21162762354748543,0.15066528662541426,3.2875008316547327,0.06042637852235825,True,0.95,3.841458820694124,success,1.0200833832179028,22520141.15024984,0.09675125729520885,3.279190315358223e-08,0.012834097275484154,0.028221217043450104,6.211342345948837e-05
timeserieslogmeans_TP,0.01,100.0,8.31763771102671,0.16257777702610046,0.19016340245662675,0.1769090913670485,0.026750431654837394,0.11861236152479421,0.08597813065020839,3.0044953543982125,0.27817240912470564,True,0.95,3.841458820694124,usable_limit,0.8330749666314676,368.83474303891353,0.1395608743793174,2.7361209747777837e-07,0.010000000000000004,0.03974391244232169,0.0005802738264782889
timeserieslogmeans_TP,0.01539926526059492,64.93816315762113,8.31763771102671,0.16223934013392136,0.1903698909902763,0.17686477727735941,0.025662511303666636,0.1185533721110212,0.0857714011932447,3.002990346371515,0.23007216193909125,True,0.95,3.841458820694124,usable_limit,0.8375711805388462,374.29311659706343,0.14171466668062402,2.7499708263194086e-07,0.010000000000000004,0.040246698484830076,0.0005869423461475905
timeserieslogmeans_TP,0.023713737056616554,42.169650342858226,8.31763771102671,0.1625880705261272,0.1901762619487504,0.17692073265478048,0.03495133352251624,0.11623801347618273,0.08582794268736553,3.0048907817380135,0.29080632008190843,True,0.95,3.841458820694124,success,0.8207482156848483,316.3228518263158,0.14003334762227013,2.754157304151775e-07,0.010114478205362184,0.041174199012091704,0.0006029562762997622
timeserieslogmeans_TP,0.03651741272548377,27.384196342643612,8.31763771102671,0.16237530857476262,0.19019768049057723,0.17683452504918984,0.033682395568675846,0.11898723718094553,0.08744274236092822,3.0019631279397645,0.19722828701754713,True,0.95,3.841458820694124,usable_limit,0.8263249490503115,318.9987214566482,0.14161068028651944,2.753773990887587e-07,0.010000000000000004,0.04065389231922831,0.0006030252141315278
timeserieslogmeans_TP,0.05623413251903491,17.78279410038923,8.31763771102671,0.16190438061310503,0.19041819553945422,0.17673725930631465,0.029901994001076824,0.1192944071034885,0.08696345442602106,2.9986616474023204,0.09159189899429726,True,0.95,3.841458820694124,usable_limit,0.8358489756679338,327.88226363749527,0.14579521448633032,2.724605960807709e-07,0.010000000000000004,0.04091144593540909,0.0005992850720845803
timeserieslogmeans_TP,0.08659643233600653,11.547819846894583,8.31763771102671,0.1619417916108241,0.1903744351090932,0.17673082556989017,0.03235493215959338,0.12038115044337187,0.0881432442593351,2.9984433318350345,0.08460242839431002,True,0.95,3.841458820694124,usable_limit,0.8211872200348509,316.6272900042003,0.14388050092364071,2.75408702377833e-07,0.010000000000000004,0.04095252054668303,0.0006040541463006118
timeserieslogmeans_TP,0.1333521432163324,7.498942093324558,8.31763771102671,0.16198423518996796,0.1904034789512072,0.17676591476696188,0.031200496643507682,0.12175881904400157,0.08887823413466162,2.9996341078464797,0.12271947498138011,True,0.95,3.841458820694124,success,0.8168239319018441,316.1970062088479,0.14364382132943537,2.7541581733820727e-07,0.010100672056318486,0.04063100619654198,0.0006041443046636777
timeserieslogmeans_TP,0.2053525026457146,4.869675251658631,8.31763771102671,0.16189273103894053,0.1903820160919008,0.17671243365205447,0.03230838935676992,0.12060223557347634,0.08828570452839157,2.9978192838942483,0.06462044749354827,True,0.95,3.841458820694124,usable_limit,0.8177380221479535,311.2397809894693,0.14535114936596194,2.757385964775704e-07,0.010000000000000004,0.040821642090853705,0.0006061316384280214
timeserieslogmeans_TP,0.31622776601683794,3.162277660168379,8.31763771102671,0.16175308588938475,0.190445664147497,0.17668278324064274,0.0314885586198088,0.12051550451482727,0.08807813619853819,2.996813365791355,0.032402246837245824,True,0.95,3.841458820694124,success,0.8158568846553829,316.7970082323328,0.14604220322323042,2.7541585120810816e-07,0.010000000000000004,0.040943396411756164,0.0006043328198408383
timeserieslogmeans_TP,0.4869675251658631,2.0535250264571463,8.31763771102671,0.16133392265191576,0.19074566296442722,0.1766529684692465,0.030488825996669522,0.1136810905017352,0.08322547340904377,2.9958020418236733,0.0,True,0.95,3.841458820694124,usable_limit,0.8388529707041136,312.2852044717282,0.15524078740792846,2.755198088328669e-07,0.010000000000000004,0.042620637396724954,0.0006051493961725671
timeserieslogmeans_TP,0.7498942093324559,1.333521432163324,8.31763771102671,0.16180845159708057,0.19043228515360242,0.1767009199708192,0.03161298302181949,0.12100269720670986,0.08843368539995537,2.9974286513792494,0.05211029882318654,True,0.95,3.841458820694124,usable_limit,0.8122395120742816,316.6653472136285,0.14597169906811952,2.754150399030855e-07,0.010000000000000004,0.04083923425547276,0.0006043257016424506
timeserieslogmeans_TP,1.0,1.0,8.31763771102671,0.1619405696718989,0.19036934086806195,0.17672752197691155,0.03181231402247778,0.12216426123768814,0.08926401863913268,2.9983312343135764,0.08101337833330445,True,0.95,3.841458820694124,success,0.80912483640692,316.19867632745206,0.14492429742008342,2.754154904874648e-07,0.010000000000000004,0.04050938156589768,0.0006043022971343937
timeserieslogmeans_TP,1.1547819846894583,0.8659643233600653,8.31763771102671,0.16159934926358355,0.19058251217465333,0.17668622417893187,0.031076120642371672,0.11775306593683149,0.0861147775114789,2.996930094202346,0.03614145507375835,True,0.95,3.841458820694124,usable_limit,0.8183352210336413,317.3892620265273,0.14955551714024262,2.754180900806017e-07,0.010000000000000004,0.041813072025211465,0.0006045020132636379
timeserieslogmeans_TP,1.7782794100389228,0.5623413251903491,8.31763771102671,0.16180357229300196,0.1904542769876506,0.1767105367962893,0.03121604618637118,0.12039699975964067,0.08794850507721146,2.997754926223941,0.06255948181011697,True,0.95,3.841458820694124,success,0.8149349789346396,316.30207326602164,0.14729345694866686,2.754428846506494e-07,0.010000000000000004,0.04096080791617078,0.0006051816188448206
timeserieslogmeans_TP,2.7384196342643614,0.36517412725483767,8.31763771102671,0.1616674668946797,0.1905813065668096,0.176716728501937,0.032259760068467674,0.11862062102850762,0.0869239433437759,2.997965004713022,0.06928679235574874,True,0.95,3.841458820694124,success,0.808772403180892,317.577179986999,0.14719674112172956,2.7593770953838083e-07,0.010000000000000004,0.0417981205804053,0.0006051148172564687
timeserieslogmeans_TP,4.216965034285822,0.23713737056616555,8.31763771102671,0.16136987714194018,0.19075669077060922,0.17667534112399316,0.030385759034957896,0.11367867373444593,0.08320497345157059,2.996560911482818,0.02431477807168786,True,0.95,3.841458820694124,success,0.8353340419607225,312.5985318887617,0.1556707307627502,2.7480163842106337e-07,0.010000000000000004,0.04270971018711682,0.0006070600361375167
timeserieslogmeans_TP,6.493816315762113,0.1539926526059492,8.31763771102671,0.16139538967593262,0.19073204662938964,0.17667368992026206,0.030655282449598708,0.11401469619210049,0.08348382265397784,2.9965049001639272,0.022520342040909865,True,0.95,3.841458820694124,success,0.8338644251910522,311.38757864973894,0.15511082384209707,2.7137063635959344e-07,0.010000000000000004,0.04261259707536853,0.0006013541997118325
timeserieslogmeans_TP,10.0,0.1,8.31763771102671,0.16152254794254556,0.1906622939805295,0.17669414795030677,0.03162492832969767,0.11607690786731173,0.08507051378678422,2.9971989043089504,0.0447518037191489,True,0.95,3.841458820694124,success,0.8158428172221661,315.43472387590356,0.15065276988861276,2.719922180168826e-07,0.010000000094940549,0.04245719368369973,0.000596918163721131
windermere_north_pike_perch,0.01,100.0,9.8,0.315972259618837,0.246834145309213,0.28351857447014245,0.8182820687400827,0.5028563161270242,0.6791354867367744,2.8937801545049417,nan,False,,,failed,0.6658235502741592,6135.977502189962,0.6765934614425081,0.5038031671144247,0.033204201502250064,0.13360113839864324,0.11380835049221193
windermere_north_pike_perch,0.01539926526059492,64.93816315762113,9.8,0.31594079646310125,0.24685078703785276,0.28350828729593264,0.8182820687400746,0.5028296011494455,0.6791255965628326,2.893570162757031,nan,False,,,failed,0.6658235502741592,6135.977502189962,0.6765934614425081,0.5038031671144247,0.033204201502250064,0.13360113839864324,0.11380835049221193
windermere_north_pike_perch,0.023713737056616554,42.169650342858226,9.8,0.31589242331604145,0.24687554662724948,0.283492115085221,0.8182820687401179,0.5027861320728989,0.6791095046553367,2.8932400553577184,nan,False,,,failed,0.6658235502741592,6135.977502189962,0.6765934614425081,0.5038031671144247,0.033204201502250064,0.13360113839864324,0.11380835049221193
windermere_north_pike_perch,0.03651741272548377,27.384196342643612,9.8,0.3158175244620093,0.24691574905952762,0.28346789579327974,0.8182820687401496,0.5027154624301496,0.6790833454694711,2.8927457260369094,nan,False,,,failed,0.6658235502741592,6135.977502189962,0.6765934614425081,0.5038031671144247,0.033204201502250064,0.13360113839864324,0.11380835049221193
windermere_north_pike_perch,0.05623413251903491,17.78279410038923,9.8,0.3156987627515876,0.24698616232886458,0.28343241979775663,0.8182820687401279,0.5026015883347996,0.6790411992722852,2.8920217173268226,nan,False,,,failed,0.6658235502741592,6135.977502189962,0.6765934614425081,0.5038031671144247,0.033204201502250064,0.13360113839864324,0.11380835049221193
windermere_north_pike_perch,0.08659643233600653,11.547819846894583,9.8,0.3155108963852284,0.24710213308406936,0.2833783600705137,0.8182820687403524,0.5024111689409712,0.6789707382128569,2.8909186184251334,nan,False,,,failed,0.6658235502741592,6135.977502189962,0.6765934614425081,0.5038031671144247,0.033204201502250064,0.13360113839864324,0.11380835049221193
windermere_north_pike_perch,0.1333521432163324,7.498942093324558,9.8,0.3152144074270523,0.2472020686342569,0.28325693759080606,0.8182820688009135,0.5021424818353959,0.6788713487049346,2.8884417369595847,nan,False,,,failed,0.6658235502741592,6135.977502189962,0.6765934614425081,0.5038031671144247,0.033204201502250064,0.13360113839864324,0.11380835049221193
windermere_north_pike_perch,0.2053525026457146,4.869675251658631,9.8,0.3147062418079942,0.2474125772571785,0.2830662484454399,0.818282068740071,0.5016123920174326,0.6786753774253863,2.884554036323119,41.55499201689908,False,0.95,3.841458820694124,success,0.6658235502741592,6135.977502189962,0.676593461442508,0.5038031671144247,0.033204201502250064,0.13360113839864318,0.11380835049221193
windermere_north_pike_perch,0.31622776601683794,3.162277660168379,9.8,0.05484718911665286,0.2224900691581388,0.1620340165335527,5.357237697741109,0.45343717639098907,3.8016839047343147,0.9451808105038427,1.3880156399344836,True,0.95,3.841458820694124,usable_limit,0.9317235278308013,6231.967353945583,0.5679975494734032,0.44947850797957734,0.03401911129928261,0.14469274803404572,0.05349474214697249
windermere_north_pike_perch,0.4869675251658631,2.0535250264571463,9.8,0.04080541324785534,0.2210405380806627,0.15894024226940945,5.0998285115756286,0.43019285469992324,3.6189305560976543,0.9094320220557085,0.0,True,0.95,3.841458820694124,usable_limit,0.8450400796414896,6802.406621523941,0.4700279685604265,0.7435111244107366,0.021104039811459422,0.10777194728872168,0.077592302689711
windermere_north_pike_perch,0.7498942093324559,1.333521432163324,9.8,0.04026115895867286,0.2218492754403196,0.15943346877944153,4.287275742584264,0.4273961708549302,3.0465883197285537,0.9150851148136256,0.22308586356376897,True,0.95,3.841458820694124,usable_limit,0.6548210687290512,6314.917950494731,0.8054860754484391,0.46110779018996845,0.033624467049781274,0.14994689853799223,0.08186741033745053
windermere_north_pike_perch,1.0,1.0,9.8,0.042979683381610054,0.22179247740837288,0.15974848390286375,4.45782349824522,0.43070197757509404,3.1668355289621806,0.9187048119334867,0.36520603082294084,True,0.95,3.841458820694124,usable_limit,0.6297148907397907,6403.035692010546,0.8541566890825311,0.4409783082456428,0.029120220385862098,0.14860730405835765,0.09593288634598685
windermere_north_pike_perch,1.1547819846894583,0.8659643233600653,9.8,0.05483499558240405,0.221147921051968,0.161110644785082,3.819576647957991,0.4261319310338158,2.7176050294581633,0.9344390350703353,0.9765408127492533,True,0.95,3.841458820694124,usable_limit,0.6182653552074101,6497.971758291132,0.6582759000061188,0.583375467678511,0.014489264403382985,0.10915868961518724,0.13649223888449674
windermere_north_pike_perch,1.7782794100389228,0.5623413251903491,9.8,0.04443459213972649,0.22224191383688227,0.16025901104852738,4.018696867612842,0.4251130144215172,2.8575028949059544,0.9245862224010727,0.5949380605589012,True,0.95,3.841458820694124,usable_limit,0.5859727189839239,5385.60622979205,0.7631983305399973,0.31957442325663776,0.029443337778682268,0.1587931521341605,0.1275552040336292
windermere_north_pike_perch,2.7384196342643614,0.36517412725483767,9.8,0.041946774180632314,0.22278502521461785,0.16030080992315487,3.6310475579497976,0.4248963076300407,2.585057372702861,0.9250685878326994,0.6137147056238572,True,0.95,3.841458820694124,usable_limit,0.530204291022687,5151.298119389894,0.7188895632890547,0.23448593849707616,0.032592671246300116,0.18505566621756192,0.12972641274760224
windermere_north_pike_perch,4.216965034285822,0.23713737056616555,9.8,13.338993998365995,0.22116892676751013,9.43338954413024,21.945642920367952,0.41248086058045563,15.520653717686011,3203.598178487006,nan,False,,,failed,0.6658235502741592,6135.977502189962,0.6765934614425081,0.5038031671144247,0.033204201502250064,0.13360113839864324,0.11380835049221193
windermere_north_pike_perch,6.493816315762113,0.1539926526059492,9.8,14.57464839244472,0.22122616420338553,10.307019859763528,22.422383055200786,0.412431459664104,15.85770099325681,3824.447702024152,nan,False,,,failed,0.6658235502741592,6135.977502189962,0.6765934614425081,0.5038031671144247,0.033204201502250064,0.13360113839864324,0.11380835049221193
windermere_north_pike_perch,10.0,0.1,9.8,0.31492923229166675,0.37771074660098314,0.3477397226732163,0.818282068740071,0.41561373804856416,0.6489685367089189,4.3532249300944335,56.370670545195956,False,0.95,3.841458820694124,success,0.512152364131538,4816.542410503565,0.7240135430109261,0.12470086420559634,0.04289758794050468,0.11361796578004293,0.1178901780596798
windermere_south_pike_perch,0.01,100.0,6.9,0.05691642470362993,0.18765137192710987,0.13865878404769474,2.065762458460736,0.3270846218084508,1.478911573524482,0.6921453021690689,0.06221764873274731,True,0.95,3.841458820694124,usable_limit,0.4765073834189294,19305.558886021852,0.17983032128939866,0.013817901100548894,0.014995161655138143,0.13027558797073774,0.0011021487395678074
windermere_south_pike_perch,0.01539926526059492,64.93816315762113,6.9,0.05689693937250201,0.18763650260360315,0.13864472369922728,2.0999484337689234,0.3194759773125648,1.5019734226291044,0.6920049387468628,0.054916297958279056,True,0.95,3.841458820694124,usable_limit,0.4759111793064625,19682.619534891255,0.18149416494429518,0.014088385338276076,0.01468916693357064,0.12702930706964982,0.0011579136329268275
windermere_south_pike_perch,0.023713737056616554,42.169650342858226,6.9,0.05697161610415269,0.18761461738402507,0.13864524820143148,2.103813225364278,0.3352388093726545,1.5063889183287364,0.6920101745581154,0.05518867822824779,True,0.95,3.841458820694124,usable_limit,0.4944489406822797,19440.14133683607,0.18249834624060107,0.013391964781183083,0.014753789767103983,0.13310217647284167,0.0013420374507793894
windermere_south_pike_perch,0.03651741272548377,27.384196342643612,6.9,0.05704652536781049,0.1875285991671127,0.1386024558983712,2.1221914790523004,0.3278996978027465,1.518422682519812,0.6915830681181576,0.03296273515102062,True,0.95,3.841458820694124,usable_limit,0.5015864706555951,19314.34134299143,0.18676716658633472,0.013705797795694658,0.014403632368321768,0.1309479094827587,0.0015942963674734027
windermere_south_pike_perch,0.05623413251903491,17.78279410038923,6.9,0.05706659273372605,0.18753209422252712,0.13860895059433165,2.1369104772098555,0.3452783484703696,1.5306213649253169,0.6916478826550274,0.03633646435758281,True,0.95,3.841458820694124,success,0.5076599652996766,19444.40636626727,0.1835308725304815,0.013119719793875988,0.014898347804310604,0.13732533947212053,0.0018437059494056413
windermere_south_pike_perch,0.08659643233600653,11.547819846894583,6.9,0.0573278120052545,0.18745497623988608,0.13861068888510378,2.1074052363520983,0.3415400528900857,1.5096036628751943,0.691665230635309,0.03723940857776191,True,0.95,3.841458820694124,success,0.5091820096621631,19255.364749364155,0.17879640944824085,0.012718091384194075,0.01450373741148589,0.13324634513556355,0.002363390466675339
windermere_south_pike_perch,0.1333521432163324,7.498942093324558,6.9,0.05711137595402327,0.1874150705327206,0.1385390160318501,2.166073207160102,0.34143349920662025,1.5505563474374813,0.6909501226706358,0.0,True,0.95,3.841458820694124,usable_limit,0.5013481085487048,18665.728030111914,0.17257708545859074,0.01247657177356416,0.014409606747485228,0.12917027691355343,0.002875934545800885
windermere_south_pike_perch,0.2053525026457146,4.869675251658631,6.9,0.056818651230727955,0.18754632155716727,0.138567640265149,2.104404230078882,0.3386064604616294,1.5071780748538386,0.6912356734314627,0.014874740523326078,True,0.95,3.841458820694124,usable_limit,0.46937119883650674,18655.030379651504,0.15850406358583982,0.012187645476061312,0.01492646892660812,0.12455004694953828,0.0033214778080823274
windermere_south_pike_perch,0.31622776601683794,3.162277660168379,6.9,0.05704955610603839,0.18762585559051065,0.13866887455007193,1.9230127015860474,0.32269234781486583,1.3787871847749997,0.6922460436834091,0.06745705525390623,True,0.95,3.841458820694124,usable_limit,0.4207293255866578,18439.6421646915,0.14308648740571261,0.012429414288032698,0.015901072349335642,0.1181801387927319,0.0037818741090501935
windermere_south_pike_perch,0.4869675251658631,2.0535250264571463,6.9,0.05671783134041667,0.1878386960070362,0.13874488839157947,2.0370322562796157,0.3212117453439239,1.45819707146711,0.6930051859725064,0.10691433860914178,True,0.95,3.841458820694124,success,0.4104860341600964,18481.611105273765,0.14196882315035209,0.012460159384565564,0.015562557357450605,0.11382627691220427,0.003540427819886353
windermere_south_pike_perch,0.7498942093324559,1.333521432163324,6.9,0.056850001000586396,0.18782467602988445,0.1387624436573126,1.9504060745884493,0.30994726964666364,1.3964510671256878,0.6931805677109588,0.11602385744700087,True,0.95,3.841458820694124,success,0.3867312131701663,18410.151066394395,0.13656854786011263,0.01275499126147373,0.015814489015696164,0.10952019002330747,0.0035334949033737064
windermere_south_pike_perch,1.0,1.0,6.9,0.057078425308321905,0.18787935202244607,0.13884631351255222,1.9347612425486427,0.3397407920497137,1.3890149155878304,0.6940187559369339,0.15952846315566988,True,0.95,3.841458820694124,success,0.39180853661069004,18400.71485401862,0.13188517940695468,0.01158141458310736,0.01648822103285153,0.11759552124836026,0.00352156114399639
windermere_south_pike_perch,1.1547819846894583,0.8659643233600653,6.9,0.05692579776559544,0.18791541104603665,0.13883938230892992,1.9530723315659924,0.3392812757388999,1.40171382892437,0.6939494668773074,0.15593413569539724,True,0.95,3.841458820694124,success,0.3910146839266157,18400.494110402073,0.13197558931374448,0.011571779657013644,0.01647517981796973,0.11769445902065546,0.0035215515625822854
windermere_south_pike_perch,1.7782794100389228,0.5623413251903491,6.9,0.056980063753133935,0.18784023989580131,0.13879964587386995,1.9422801184206837,0.31260950114447345,1.3910745412482506,0.6935523010096213,0.13532447312325002,True,0.95,3.841458820694124,success,0.37558391403503916,18413.213568371066,0.13453843257748718,0.012731738910615879,0.0162573339993979,0.11106186543893141,0.0035107325725301443
windermere_south_pike_perch,2.7384196342643614,0.36517412725483767,6.9,0.0569595938157801,0.18784035299530785,0.13879552143542043,1.9556084453370821,0.31258105609325654,1.4003769685520564,0.6935110837390891,0.13318495771837935,True,0.95,3.841458820694124,success,0.3745373492121267,18450.075661745133,0.13487944243211522,0.012738525897670654,0.01620273637816196,0.11089725961443565,0.0035113304108080018
windermere_south_pike_perch,4.216965034285822,0.23713737056616555,6.9,0.05695494852033385,0.18784923363212802,0.13880057769536064,1.9661583404678753,0.3119808142311956,1.407677279819446,0.6935616132683704,0.13580783834873267,True,0.95,3.841458820694124,success,0.37371295457132325,18452.64456877086,0.1354960643233636,0.01280888949821764,0.016182973849481218,0.1108380685551755,0.003511871817427036
windermere_south_pike_perch,6.493816315762113,0.1539926526059492,6.9,0.056920728583676056,0.18785673281549642,0.13879863365071235,1.965889897589339,0.3085269528706956,1.4071090878271484,0.6935421853189677,0.1347993973376755,True,0.95,3.841458820694124,usable_limit,0.3705184654837126,18535.04132369678,0.13742725553456686,0.013249408011791699,0.016445161012704827,0.11167207478712306,0.0035084331618456515
windermere_south_pike_perch,10.0,0.1,6.9,0.05692800966441126,0.1878572993200979,0.138800510071455,1.962909454394015,0.3057457426529045,1.404723101771268,0.6935609374594589,0.13577275980314585,True,0.95,3.841458820694124,usable_limit,0.3687776636792104,18577.203581361235,0.1375922538985862,0.0133558432987675,0.016339837336591886,0.11046690855649491,0.00350582217132175
komi_lynx_hare,0.01,100.0,18.0,0.2139328916767237,0.318555922644532,0.27133480977666125,0.5176279416348148,0.6777919982678867,0.6030508597444623,2.355922527889182,2.202972889806927,True,0.95,3.841458820694124,usable_limit,4.999999999999999,244.62204623297418,0.036026459045958185,6.283110579815583e-07,0.9227785857018029,3.0000000000000004,9.999999999999997e-06
komi_lynx_hare,0.01539926526059492,64.93816315762113,18.0,0.3785627047945303,0.5394847414402834,0.46602226755179843,0.6078687131770032,1.099699762493052,0.8884942149746223,6.94965612333184,36.81928640487717,False,0.95,3.841458820694124,success,4.950495049502853,203.33100884768004,0.01446429885205693,5.246630567803692e-07,1.9801980197985913,2.5239692227755652,0.0038767354072987243
komi_lynx_hare,0.023713737056616554,42.169650342858226,18.0,0.33983884996493563,0.5393232150209006,0.45075490801874285,0.565659461497151,1.0996997331050729,0.8744455755999384,6.50175958729553,34.687467726793194,False,0.95,3.841458820694124,success,4.95049504950406,203.33100884770604,0.014464298852063098,5.246630567803692e-07,1.9801980198005533,2.523969222775503,0.003876735407300983
komi_lynx_hare,0.03651741272548377,27.384196342643612,18.0,0.22145708475850193,0.49240292143650766,0.3817747224666281,0.499840776547644,1.0493566719482965,0.8218850974625823,4.664062038863069,24.057512673915497,False,0.95,3.841458820694124,success,4.152532767563605,344.08999298142777,0.01645916315016008,5.245448795319782e-07,1.6753419533946974,3.0000000000000004,0.0023098338527025508
komi_lynx_hare,0.05623413251903491,17.78279410038923,18.0,0.21342497968421945,0.3188052136645645,0.271281206696039,0.5173737332894387,0.6760964068994791,0.6019891740389678,2.354991779406689,2.19032823109123,True,0.95,3.841458820694124,success,4.999999999999999,248.77440701064927,0.03643798431673261,5.314435197765195e-07,0.9109943974760902,3.0000000000000004,9.999999999999997e-06
komi_lynx_hare,0.08659643233600653,11.547819846894583,18.0,0.2134106941114086,0.3187720235296983,0.2712560850435725,0.5173640633857446,0.6753009853182443,0.6015384421858675,2.354555637541307,2.1844013177398978,True,0.95,3.841458820694124,success,4.999999999999999,248.75371686385813,0.03646512826491208,5.380022754256156e-07,0.9103264203420719,3.0000000000000004,9.999999999999997e-06
komi_lynx_hare,0.1333521432163324,7.498942093324558,18.0,0.224472060966322,0.3672391486386212,0.3043454439015701,0.5014004200127785,0.8798337331070718,0.7160690536191732,2.9640367751566,9.55080432277718,False,0.95,3.841458820694124,success,4.999999999999999,262.51270658378667,0.011895344621771893,5.254130695070292e-07,2.0,2.0470514616077287,0.002036937045768489
komi_lynx_hare,0.2053525026457146,4.869675251658631,18.0,0.23706090582101524,0.3377510175943993,0.29178213015427495,0.5138294657065341,0.8336575565362057,0.6924614218128615,2.72437796727572,6.852820916011648,False,0.95,3.841458820694124,usable_limit,4.999999999999999,240.1765758540963,0.010961548091009791,5.242268870431783e-07,2.0,1.7965756087919897,0.00250289206118216
komi_lynx_hare,0.31622776601683794,3.162277660168379,18.0,0.22586978485157191,0.3026857575500284,0.26705414014065576,0.5210908944733319,0.7291203486757445,0.6337003247419304,2.28217324052048,1.1852379234198647,True,0.95,3.841458820694124,success,4.999999999999999,221.72217433949194,0.014734823867235722,5.249476230944784e-07,2.0,2.6002124709385064,0.0016450911284864173
komi_lynx_hare,0.4869675251658631,2.0535250264571463,18.0,0.2276734451436061,0.2925990910217109,0.2621539868953837,0.522222669962892,0.7065435838849081,0.6212569327388234,2.1991908110446405,0.0,True,0.95,3.841458820694124,success,4.999999999999999,218.71007160266595,0.01430283157498875,5.249015210446729e-07,2.0,2.506043853322281,0.002303815111056538
komi_lynx_hare,0.7498942093324559,1.333521432163324,18.0,0.22849842688346436,0.29413071344475683,0.26336705154568935,0.5230533520008376,0.6911659866771469,0.6129009831035948,2.219590522875833,0.29546400554974706,True,0.95,3.841458820694124,success,4.999999999999999,209.15351614066458,0.014152193797045446,5.237286552655563e-07,2.0,2.4644554075284453,0.0031848221721854043
komi_lynx_hare,1.0,1.0,18.0,0.22783719837520366,0.29939440654620375,0.2660327044130246,0.5229309625974219,0.6833270676185902,0.6084376192278415,2.2647487941538476,0.9399796986576611,True,0.95,3.841458820694124,success,4.999999999999999,203.34368902394993,0.014462361599099466,5.244806071974669e-07,2.0,2.5237437519668537,0.0038763205188582627
komi_lynx_hare,1.1547819846894583,0.8659643233600653,18.0,0.22693158638031785,0.30273143283446036,0.2675296855706793,0.5224255877613294,0.6797678631699482,0.6062230788028479,2.290308245169489,1.299101882954873,True,0.95,3.841458820694124,usable_limit,4.999999999999999,199.6122876045878,0.014972508894904032,5.249091339670862e-07,2.0,2.6207077540110855,0.004155550580163976
komi_lynx_hare,1.7782794100389228,0.5623413251903491,18.0,0.2237588733133383,0.3102513518416824,0.2704846896832111,0.5220219726381646,0.6710620372665871,0.6011785083390053,2.3411829552967363,2.0021394732100397,True,0.95,3.841458820694124,success,4.999999999999999,190.85198598657522,0.017101375641646675,5.254656706533204e-07,2.0,3.0000000000000004,0.004933494533525855
komi_lynx_hare,2.7384196342643614,0.36517412725483767,18.0,0.22660419153391323,0.3098828441873608,0.27145610763287914,0.5246930574338066,0.6739365728134213,0.6039425919301998,2.3580293878781844,2.2315771375132876,True,0.95,3.841458820694124,usable_limit,2.73713189491526,208.574864173624,0.017383043163808374,5.21324336491114e-07,2.0,3.0000000000000004,0.0011581227068582637
komi_lynx_hare,4.216965034285822,0.23713737056616555,18.0,0.2264460105821507,0.3095126780306453,0.2711788096167116,0.524634989017007,0.6746835994453044,0.6043342746615267,2.353214297124375,2.166166401803476,True,0.95,3.841458820694124,usable_limit,2.5557592890322347,209.24864336560256,0.017377576082828264,5.180151755188375e-07,2.0,3.0000000000000004,9.999999999999997e-06
komi_lynx_hare,6.493816315762113,0.1539926526059492,18.0,0.2265439093503931,0.30944039597498,0.27117844818948234,0.5246732511139313,0.6746527164247182,0.6043336446921161,2.353208024398584,2.1660811025202475,True,0.95,3.841458820694124,usable_limit,2.550511241665548,209.87573225985332,0.017381906016627372,5.213903604764442e-07,2.0,3.0000000000000004,9.999999999999997e-06
komi_lynx_hare,10.0,0.1,18.0,0.22648032377929933,0.3094777323042702,0.27117319544100393,0.5246776148525715,0.6746809679849736,0.6043513084657484,2.3531168616219174,2.1648414053364147,True,0.95,3.841458820694124,success,2.5575522129122206,209.0061145016711,0.017382168819938086,5.164675400562205e-07,2.0,3.0000000000000004,9.999999999999997e-06
glerl_m110_zoop_1994-201,0.01,100.0,0.064,0.16152492165592328,0.17935356086140508,0.17067220059168672,0.3508465448189842,0.18791475638168167,0.2814296125831522,7.981346015017652,2.2998565943140794,True,0.95,3.841458820694124,success,0.052607360298269984,83.78962015964832,0.3909287270318781,0.07445807881126906,0.35408606181652974,0.21688250375263143,0.010002465023335226
glerl_m110_zoop_1994-201,0.01539926526059492,64.93816315762113,0.064,0.1612917318019285,0.17858139876236012,0.1701563086276649,0.35459343668073806,0.18491450354945804,0.28278072685386385,7.933168406227322,0.6409049248230996,True,0.95,3.841458820694124,usable_limit,0.06561508794752878,85.94075255553958,1.393641763945363,0.8126797212065879,0.6536268449652588,0.6657326611292979,0.010607148861097213
glerl_m110_zoop_1994-201,0.023713737056616554,42.169650342858226,0.064,0.16137252782680975,0.17898304911437732,0.17040543507689843,0.35498245189314526,0.18510110117525078,0.28308563969968487,7.95641537122669,1.442646876496856,True,0.95,3.841458820694124,usable_limit,0.08243935404863363,59.99077935965237,0.9902794805186909,0.35927503002246175,0.28006064663239016,0.2698270196880273,0.010032497290738882
glerl_m110_zoop_1994-201,0.03651741272548377,27.384196342643612,0.064,0.16144364944676617,0.17926118500054677,0.17058520509483022,0.3508430962882509,0.1859236550347756,0.2807654570229546,7.973211542045209,2.0204573343086247,True,0.95,3.841458820694124,usable_limit,0.0666376278484508,85.10878994693803,0.48990921443536034,0.12330409803210625,0.3624320401675734,0.28503316001279605,0.010473678804076092
glerl_m110_zoop_1994-201,0.05623413251903491,17.78279410038923,0.064,0.1615240635530893,0.17936400171475747,0.17067728058800613,0.3508519649908711,0.18810298477479523,0.2814958562920086,7.981821145843251,2.3161673733644523,True,0.95,3.841458820694124,success,0.05266857527692662,83.79578555323141,0.39078632384372824,0.0744854280479274,0.3543761275478357,0.21682902172455853,0.010002618187171087
glerl_m110_zoop_1994-201,0.08659643233600653,11.547819846894583,0.064,0.16148014941691724,0.17931696773373115,0.17063178715135394,0.3502657452035052,0.185625241322073,0.2803059243744633,7.977566659491397,2.1700804053376612,True,0.95,3.841458820694124,usable_limit,0.06998113273280908,92.29797700677753,0.44726776501136384,0.08344115108433327,0.34772650461781085,0.2788666323600609,0.009787224496344626
glerl_m110_zoop_1994-201,0.1333521432163324,7.498942093324558,0.064,0.16147700181054817,0.17935783297197075,0.17065177169037116,0.3502194624024423,0.18829145295760422,0.2811648476448837,7.979435447611142,2.2342588699032127,True,0.95,3.841458820694124,usable_limit,0.05841592249440244,84.2406124190722,0.40130636446483775,0.07770996949210812,0.3581206914019077,0.24022574335611105,0.009965471360668615
glerl_m110_zoop_1994-201,0.2053525026457146,4.869675251658631,0.064,0.16129906732972318,0.17823601814281148,0.16997862701652108,0.356112337071999,0.1879422001321378,0.2847264188702811,7.916609018023516,0.06837019486742459,True,0.95,3.841458820694124,usable_limit,0.08016678551381287,77.71075507602418,1.9053268488884516,1.0,0.5841577615551746,0.701269632788074,0.008278473655058755
glerl_m110_zoop_1994-201,0.31622776601683794,3.162277660168379,0.064,0.16140117463953646,0.17922635322078082,0.17054680422664364,0.3512274068523444,0.1883083470112083,0.28179844293245826,7.9696222063463855,1.8970817771629769,True,0.95,3.841458820694124,success,0.06342273057268999,88.51917471096964,0.5560517080356442,0.20235592723494153,0.42717772627470263,0.3345355529635672,0.0098436734222046
glerl_m110_zoop_1994-201,0.4869675251658631,2.0535250264571463,0.064,0.16129014358581004,0.17846165825154953,0.17009273042053277,0.35435057696697675,0.18660475666164505,0.28318339164363177,7.927241122083898,0.4361087084318996,True,0.95,3.841458820694124,usable_limit,0.07019338011213858,95.51790892348636,1.3763999856981883,0.8099794647772975,0.773509863116771,0.8091800189781543,0.010062769398506402
glerl_m110_zoop_1994-201,0.7498942093324559,1.333521432163324,0.064,0.16130979019004676,0.17857831767093313,0.17016325095821602,0.35415345119977293,0.18545729650500956,0.28268275135180865,7.933815761607252,0.6632627178760041,True,0.95,3.841458820694124,usable_limit,0.07396795487601876,93.41455615759435,1.2066011750560366,0.6424778075065594,0.6536933838431621,0.6906693464538529,0.010004065232673243
glerl_m110_zoop_1994-201,1.0,1.0,0.064,0.16151185210353813,0.17936565484144198,0.17067237108948607,0.35072371665197083,0.1886423216290901,0.2815963875228027,7.981361961406185,2.300404034067358,True,0.95,3.841458820694124,success,0.05286962254228385,83.83813649503641,0.3906400489848955,0.07458777543360778,0.35353930475926815,0.21710583020171373,0.009978969348720463
glerl_m110_zoop_1994-201,1.1547819846894583,0.8659643233600653,0.064,0.16147994433107504,0.1793392237220477,0.17064338485038583,0.35044651607230354,0.18749080880644514,0.28103875534711426,7.978651153335947,2.207326238573303,True,0.95,3.841458820694124,usable_limit,0.05828743289165039,82.26890578262018,0.41008055222523027,0.08114436635446545,0.3581771043858332,0.24257656085643017,0.009944077543573526
glerl_m110_zoop_1994-201,1.7782794100389228,0.5623413251903491,0.064,0.16130830201840782,0.1782173153819614,0.16997320347927694,0.35561242364833096,0.18939524948158926,0.28489538113071733,7.916103832876105,0.05088478579811212,True,0.95,3.841458820694124,usable_limit,0.07958075655358772,100.51442395966458,1.82709722099566,1.0,0.7046593718247673,0.8392990684350045,0.009945206856760319
glerl_m110_zoop_1994-201,2.7384196342643614,0.36517412725483767,0.064,0.16130609327085407,0.17821445029649652,0.1699706533799113,0.35588088458721373,0.18858804653781286,0.2847952381198868,7.915866304847943,0.042663107869853424,True,0.95,3.841458820694124,usable_limit,0.07811500988494975,99.42902209486148,1.8535754667878497,1.0,0.6420678713118014,0.7610394838918033,0.009934303138581414
glerl_m110_zoop_1994-201,4.216965034285822,0.23713737056616555,0.064,0.16147439564792782,0.17931759952516405,0.17062939657241166,0.3501133664980733,0.18544046987764468,0.28014954691115945,7.9773431270583,2.1624027829014243,True,0.95,3.841458820694124,success,0.06781055522921278,85.56257077964464,0.44187483836240854,0.08726798826064686,0.3676084136365299,0.29173795058896257,0.010004193979204256
glerl_m110_zoop_1994-201,6.493816315762113,0.1539926526059492,0.064,0.16129239428017095,0.17827718175630042,0.1699970440737119,0.35583299825644815,0.1880527887153341,0.2845882762797754,7.918324628301077,0.12774236887083593,True,0.95,3.841458820694124,usable_limit,0.07301640635745289,95.91294199742588,1.7299951200939085,1.0,0.6839062731647597,0.7501166983001315,0.010034643042717112
glerl_m110_zoop_1994-201,10.0,0.1,0.064,0.16138194442116155,0.17812051568261816,0.16995742127397187,0.35596893460468365,0.19060315594219335,0.28552009163867753,7.9146338626309465,0.0,True,0.95,3.841458820694124,success,0.08917219413117894,97.7478805680741,2.0,0.9990326027032201,0.6354336550120782,0.8327082391912346,0.009993956063229248
andren_lynx_roedeer_data_3,0.01,100.0,1.033434650455927,0.048412343520974274,0.1523297974611709,0.11302239202864663,0.05345299048397577,0.09202937191490138,0.07525499148472227,0.4854143217953292,0.0031050799267324384,True,0.95,3.841458820694124,success,0.23308992742134846,138.05471124620064,0.12903956316851503,2.6652358190470774e-07,0.012709140597455888,0.18839566046608555,1.010004645431673e-05
andren_lynx_roedeer_data_3,0.01539926526059492,64.93816315762113,1.033434650455927,0.048418379132716675,0.15232552137701838,0.11302080317494646,0.05346904975585659,0.09202797771489914,0.07525984309074873,0.48540067411177956,0.0020366745619474075,True,0.95,3.841458820694124,success,0.23302770649716034,138.05471124620064,0.12901536768130437,2.665245354667212e-07,0.012710897485074948,0.1883949998596942,1.0100092303622536e-05
andren_lynx_roedeer_data_3,0.023713737056616554,42.169650342858226,1.033434650455927,0.04848790837445283,0.15230078635108799,0.11301903994834031,0.05400395897443708,0.09231952802663439,0.07562844319425469,0.48538552885209263,0.0008509966724350847,True,0.95,3.841458820694124,success,0.23188911417944963,138.05471124620064,0.12874489014406978,2.665257985346599e-07,0.012686894096640092,0.18784916157494064,1.0099987187187315e-05
andren_lynx_roedeer_data_3,0.03651741272548377,27.384196342643612,1.033434650455927,0.04862360974568425,0.15226063888145347,0.11302114310448505,0.054747911533199925,0.09316168461914978,0.07640822370113382,0.48540359396849053,0.0022652573126976353,True,0.95,3.841458820694124,success,0.22925976733073822,138.05471124620064,0.12779243185232494,2.665251317632874e-07,0.012700913568132105,0.1872679655980709,1.0100043436533516e-05
andren_lynx_roedeer_data_3,0.05623413251903491,17.78279410038923,1.033434650455927,0.048635962708907916,0.1522697049253793,0.11302990734023532,0.05473056989602529,0.09334272140446194,0.07651241376513587,0.485478878227003,0.008158456358174826,True,0.95,3.841458820694124,success,0.22887568369202127,138.05471124620064,0.12759750367873907,2.6652033078832405e-07,0.012728547635253473,0.1874681819636703,1.0099649601350285e-05
andren_lynx_roedeer_data_3,0.08659643233600653,11.547819846894583,1.033434650455927,0.04878306070487002,0.1522632760561717,0.11305726922027831,0.05549406962490215,0.09395078231131072,0.07715679250863396,0.4857139526947666,0.026554040973407737,True,0.95,3.841458820694124,success,0.22677314460518855,138.05471124620064,0.12693021224977727,2.6659440667231483e-07,0.012725485031811716,0.1868696529668014,1.0102636135200776e-05
andren_lynx_roedeer_data_3,0.1333521432163324,7.498942093324558,1.033434650455927,0.04863350547146018,0.15229956463146493,0.11304949190813798,0.05441142190782673,0.09314040367324841,0.07627495536035138,0.4856471295861499,0.021325752177904382,True,0.95,3.841458820694124,success,0.22978980629273335,138.05471124620064,0.12789920226045765,2.6652104710398057e-07,0.012724086031182994,0.18765430890256252,1.0099599027811722e-05
andren_lynx_roedeer_data_3,0.2053525026457146,4.869675251658631,1.033434650455927,0.048481687733743464,0.15230088849144602,0.11301777444454496,0.053641784734212584,0.09191283070793727,0.07525094523731093,0.4853746589351255,0.0,True,0.95,3.841458820694124,success,0.23261221839602989,138.05471124620064,0.1288625998238831,2.6652597620452776e-07,0.012689819421123877,0.1880022329275349,1.0100020073345294e-05
andren_lynx_roedeer_data_3,0.31622776601683794,3.162277660168379,1.033434650455927,0.04830818358006562,0.15240653448322147,0.11305182960481157,0.05315359197945062,0.09176006339502073,0.07498404355119874,0.4856672147258233,0.022897303781491567,True,0.95,3.841458820694124,success,0.23395626814878756,138.05471124620064,0.12933529622052203,2.6651803477221357e-07,0.012710042563897942,0.18862756468806746,1.0099937448099122e-05
andren_lynx_roedeer_data_3,0.4869675251658631,2.0535250264571463,1.033434650455927,0.048323655637595136,0.15241430652809262,0.11306037442141313,0.0534122712853454,0.09160764705556225,0.07498277043066558,0.48574063404378487,0.028641408261167865,True,0.95,3.841458820694124,success,0.23346401320297921,138.05471124620064,0.12914713014315676,2.6652322677920735e-07,0.012683813582515885,0.18812133463803205,1.0099997447266175e-05
andren_lynx_roedeer_data_3,0.7498942093324559,1.333521432163324,1.033434650455927,0.04836583091303616,0.1524097126356328,0.11306629494589572,0.05314220878731507,0.09182276935167816,0.0750183821679929,0.4857915080061068,0.03262112336543698,True,0.95,3.841458820694124,success,0.23374802752959514,138.05471124620064,0.1291926081450784,2.665171400439191e-07,0.012724899914608684,0.18867900797509163,1.0100022122693963e-05
andren_lynx_roedeer_data_3,1.0,1.0,1.033434650455927,0.048430532445415175,0.15239818350397424,0.11307237241753047,0.05318521165006203,0.09139565937093184,0.07477243238690746,0.48584373335689085,0.03670611997161596,True,0.95,3.841458820694124,success,0.233336369048569,138.05471124620064,0.1288260839079351,2.6673353133696395e-07,0.012675217757492783,0.18782704641899373,1.0101486031724963e-05
andren_lynx_roedeer_data_3,1.1547819846894583,0.8659643233600653,1.033434650455927,0.04840416407176248,0.15240588321830345,0.11307191591866933,0.053540787970234927,0.09160177188089638,0.07502499779471317,0.4858398104417078,0.03639929008258692,True,0.95,3.841458820694124,usable_limit,0.2328432860660308,138.05471124620064,0.12883125810762167,2.666070472769836e-07,0.012658066814025846,0.18758367681902952,1.0106849446334779e-05
andren_lynx_roedeer_data_3,1.7782794100389228,0.5623413251903491,1.033434650455927,0.0483595183549866,0.1523866837561837,0.11304942370868908,0.053305342213383365,0.09170202545135098,0.0750024032293837,0.485646543632935,0.02127990358899521,True,0.95,3.841458820694124,success,0.2334620054745178,138.05471124620064,0.12909634908322587,2.6655580794598605e-07,0.012689165025058517,0.1881699318484377,1.010110867993903e-05
andren_lynx_roedeer_data_3,2.7384196342643614,0.36517412725483767,1.033434650455927,0.048434833359128966,0.1523891280959025,0.11306719118372925,0.05365902611029278,0.09204104299983784,0.07533539898216203,0.48579920944276334,0.033223546973854934,True,0.95,3.841458820694124,success,0.23247629776972523,138.05471124620064,0.12879049762316877,2.6653004688904456e-07,0.012694016762768682,0.18795744231215505,1.0100768708020238e-05
andren_lynx_roedeer_data_3,4.216965034285822,0.23713737056616555,1.033434650455927,0.048358919689404006,0.15240199032574758,0.1130596120831296,0.053319767997974866,0.09191437941889079,0.07513737686171137,0.4857340836067343,0.028128957235103804,True,0.95,3.841458820694124,success,0.23331980136258643,138.05471124620064,0.12909675907705376,2.66508215299431e-07,0.01268951868351796,0.18820719005876332,1.0100902321461755e-05
andren_lynx_roedeer_data_3,6.493816315762113,0.1539926526059492,1.033434650455927,0.048440062685675724,0.15237790548689165,0.11306074861233734,0.0537858980346986,0.09196779174718742,0.07533590626737369,0.4857438493177213,0.028892941685887564,True,0.95,3.841458820694124,success,0.23226331410357506,138.05471124620064,0.1287146161566206,2.6652843338923157e-07,0.012676848656603889,0.18767355836034758,1.0100105757458975e-05
andren_lynx_roedeer_data_3,10.0,0.1,1.033434650455927,0.04838562578550562,0.15240664986977634,0.11306846533667904,0.05344177991180549,0.09173594771587824,0.07507165891157662,0.485810158436488,0.03407998532306651,True,0.95,3.841458820694124,success,0.2331366958644188,138.05471124620064,0.12898083317704576,2.665281223377818e-07,0.012679214256248551,0.18794356828381736,1.0099796098671617e-05
andren_lynx_roedeer_data_4,0.01,100.0,1.7006802721088434,0.03666586471729714,0.06803313438512809,0.05464838977377117,0.052793094361762403,0.07615711679933888,0.06552487028403069,0.10751207417517662,0.07876083458835523,True,0.95,3.841458820694124,success,0.16529306531753726,316.6950113378686,0.07555895611725517,2.643205502324858e-06,0.014724955195880464,0.2748098838725548,1.0099263675467724e-05
andren_lynx_roedeer_data_4,0.01539926526059492,64.93816315762113,1.7006802721088434,0.03696805824739905,0.06789888016110711,0.05466669579239024,0.05445615333939752,0.07475559951795228,0.0653982885701623,0.10758411463887851,0.10287522549913146,True,0.95,3.841458820694124,success,0.16802822844053805,316.6950113378686,0.07611422454800716,2.64350648243447e-06,0.014677529550100831,0.2747235262741932,1.0100724549126242e-05
andren_lynx_roedeer_data_4,0.023713737056616554,42.169650342858226,1.7006802721088434,0.036937575397180955,0.06792159921586399,0.05467050446201719,0.054262289538337595,0.0749425536531736,0.06542469875360982,0.10759910609273189,0.10789134467199064,True,0.95,3.841458820694124,success,0.16768125956381033,316.6950113378686,0.07605262844965031,2.6433694443885167e-06,0.014683764379640826,0.2747633851340283,1.0100454491634682e-05
andren_lynx_roedeer_data_4,0.03651741272548377,27.384196342643612,1.7006802721088434,0.03759577349668856,0.0675957349924508,0.05469289521493604,0.05750490214706121,0.07198744682803213,0.06514985138801868,0.10768726033171105,0.13737349752102213,True,0.95,3.841458820694124,success,0.17282827485093816,316.6950113378686,0.07705858566709496,2.6439481327983107e-06,0.01459024638876147,0.27454847699616114,0.0
andren_lynx_roedeer_data_4,0.05623413251903491,17.78279410038923,1.7006802721088434,0.03758484359828017,0.06759135829757326,0.05468643426306979,0.0575208931597259,0.07201880350761838,0.06517423267120814,0.10766181932672592,0.1288675295811624,True,0.95,3.841458820694124,success,0.17282827485093816,316.6950113378686,0.07705858566709496,2.6439481327983107e-06,0.01459024638876147,0.27454847699616114,0.0
andren_lynx_roedeer_data_4,0.08659643233600653,11.547819846894583,1.7006802721088434,0.03757318829565907,0.06753952908241936,0.05465040012376864,0.0575069477296676,0.07204460462645598,0.06518233692099834,0.10751998441276843,0.0814094494535419,True,0.95,3.841458820694124,success,0.17282827485093816,316.6950113378686,0.07705858566709496,2.6439481327983107e-06,0.01459024638876147,0.27454847699616114,0.0
andren_lynx_roedeer_data_4,0.1333521432163324,7.498942093324558,1.7006802721088434,0.03761600631276116,0.06756477027604445,0.05468071924077237,0.05751883898791716,0.07202627389909962,0.06517745380998731,0.10763931804077426,0.12134275468109913,True,0.95,3.841458820694124,success,0.17282827485093816,316.6950113378686,0.07705858566709496,2.6439481327983107e-06,0.01459024638876147,0.27454847699616114,0.0
andren_lynx_roedeer_data_4,0.2053525026457146,4.869675251658631,1.7006802721088434,0.03835957442294397,0.0670428477036983,0.05461776440925911,0.060116263044428846,0.06903454263227006,0.06472917873290866,0.10739160680635193,0.038400188254715716,True,0.95,3.841458820694124,success,0.17794150425267352,316.6950113378686,0.07811696679212103,2.6434296641141906e-06,0.014473239312555468,0.2738677359806988,1.0099610188680477e-05
andren_lynx_roedeer_data_4,0.31622776601683794,3.162277660168379,1.7006802721088434,0.03758492831711327,0.06753507674397674,0.05465168536933408,0.057538869828416606,0.07213581807571431,0.06524683053828753,0.10752504169351265,0.08310269584125968,True,0.95,3.841458820694124,success,0.17282827485093816,316.6950113378686,0.07705858566709496,2.6439481327983107e-06,0.01459024638876147,0.27454847699616114,0.0
andren_lynx_roedeer_data_4,0.4869675251658631,2.0535250264571463,1.7006802721088434,0.03730307399842284,0.06766585972336799,0.05463601331463674,0.0566524256227211,0.07262844328558353,0.0651321276446009,0.10746338223301787,0.062452833880003694,True,0.95,3.841458820694124,success,0.17164857028333697,316.6950113378686,0.076820607424037,2.643635050622213e-06,0.01459317906274652,0.2742201147780353,1.0099992836002037e-05
andren_lynx_roedeer_data_4,0.7498942093324559,1.333521432163324,1.7006802721088434,0.03720383856841758,0.06765506070201097,0.05459547986242846,0.05623528173716094,0.07257942111773702,0.06492372171188154,0.10730399117071793,0.009017535907475817,True,0.95,3.841458820694124,success,0.1712735559122164,316.6950113378686,0.07674440595208111,2.6436840795002066e-06,0.01456349294086553,0.27364225537797804,1.0100044583248185e-05
andren_lynx_roedeer_data_4,1.0,1.0,1.7006802721088434,0.037654552138552365,0.06746323119564679,0.05463127703116709,0.05706003031792261,0.07269293989231615,0.06534566003213273,0.1074447514820205,nan,False,,,failed,0.1726622657627495,316.6950113378686,0.07726946552551661,2.64369128654003e-06,0.014580659225858118,0.2746779445798332,1.0098067073550233e-05
andren_lynx_roedeer_data_4,1.1547819846894583,0.8659643233600653,1.7006802721088434,0.03731832588150539,0.06758093182396405,0.05458864255865643,0.056456880904376366,0.07230944692338258,0.0648692358357042,0.10727711627028323,0.0,True,0.95,3.841458820694124,success,0.17190449910044725,316.6950113378686,0.07694722753514716,2.647333012841936e-06,0.0145369233523148,0.27349774799515736,1.0093592821288698e-05
andren_lynx_roedeer_data_4,1.7782794100389228,0.5623413251903491,1.7006802721088434,0.03733431239919563,0.06760798605453638,0.05461085359464325,0.05670908414286897,0.07248247586258119,0.06507545440291852,0.10736443189208014,0.029289413769074138,True,0.95,3.841458820694124,success,0.1718037968336003,316.6950113378686,0.0768302071652648,2.6446461109534167e-06,0.014587382726414974,0.27409374785267493,1.0101502359475894e-05
andren_lynx_roedeer_data_4,2.7384196342643614,0.36517412725483767,1.7006802721088434,0.037392156099426095,0.06756059838271768,0.054601317711181305,0.05696151700209038,0.07220299827564997,0.06503032899798733,0.107326940248705,0.016716023774246302,True,0.95,3.841458820694124,success,0.17222596757435857,316.6950113378686,0.07691226938332012,2.6445254348195476e-06,0.014571195326868564,0.27396945384982935,1.0099076645337544e-05
andren_lynx_roedeer_data_4,4.216965034285822,0.23713737056616555,1.7006802721088434,0.03739727145939291,0.06758451444884514,0.05461786569380792,0.05705310375508661,0.07196099130606749,0.06493627998985083,0.10739200510608625,0.03853370673229338,True,0.95,3.841458820694124,success,0.17251161343760035,316.6950113378686,0.07697126476542188,2.6439277324665784e-06,0.014553674416300705,0.27375467127635855,1.010009533903826e-05
andren_lynx_roedeer_data_4,6.493816315762113,0.1539926526059492,1.7006802721088434,0.0373925492030438,0.06756449559966557,0.054603863423476166,0.056989139886522426,0.07211113645010277,0.06499145353479549,0.10733694842770697,0.02007284775198803,True,0.95,3.841458820694124,success,0.1723261773070342,316.6950113378686,0.07693833264946805,2.6436112033954535e-06,0.014559203487144423,0.27383130368562514,1.0100091237705697e-05
andren_lynx_roedeer_data_4,10.0,0.1,1.7006802721088434,0.037312861157052755,0.06761321217189285,0.05460675813453357,0.056684492765003626,0.07232718601069607,0.06497827927950839,0.10734832922268413,0.023889677895585507,True,0.95,3.841458820694124,success,0.17181956407058566,316.6950113378686,0.07678470915194266,2.643538903141549e-06,0.014585930991277413,0.2739366808234867,1.0097383772058937e-05
andren_lynx_roedeer_data_5,0.01,100.0,0.6271379703534778,0.037429455317520254,0.07878841001282061,0.061678917296409216,0.07058645320784374,0.048201908428664175,0.06043952081473033,0.13695439819886238,0.030880838393070986,True,0.95,3.841458820694124,usable_limit,0.2547869232698669,715.2793614595214,0.12099508825223317,0.0007848649078471579,0.010000000000000004,0.3455015465315765,1.0107790302880653e-05
andren_lynx_roedeer_data_5,0.01539926526059492,64.93816315762113,0.6271379703534778,0.03789772159838177,0.07856934445889582,0.06168216594384909,0.0728881440010196,0.04659984299110311,0.06117281627777502,0.13696882543888333,0.03467300054959069,True,0.95,3.841458820694124,success,0.2630723097184626,715.2793614595214,0.12458264926338296,0.0008220849356768031,0.010000000000000004,0.3491369682240912,1.01213257152155e-05
andren_lynx_roedeer_data_5,0.023713737056616554,42.169650342858226,0.6271379703534778,0.03739096903173641,0.07880429486226563,0.0616773923487009,0.07037157451907133,0.04838109959622594,0.06038579840671622,0.13694762616968117,0.02910069053812399,True,0.95,3.841458820694124,usable_limit,0.2542097053382638,715.2793614595214,0.12079273218989052,0.0007831146633222775,0.010000000000000004,0.3452455757179535,1.0108671162120156e-05
andren_lynx_roedeer_data_5,0.03651741272548377,27.384196342643612,0.6271379703534778,0.03782787396319945,0.07860127854127065,0.06168107098980252,0.07266520308306122,0.04674934559104823,0.061097189183684175,0.1369639626641661,0.03339487761256654,True,0.95,3.841458820694124,usable_limit,0.2619641888581464,715.2793614595214,0.12405097555335609,0.0008163787388025318,0.010000000000000004,0.3486555612867326,1.010942911300721e-05
andren_lynx_roedeer_data_5,0.05623413251903491,17.78279410038923,0.6271379703534778,0.03779968187524182,0.07861665544386225,0.06168222784177158,0.0724685073209012,0.04691170864477033,0.06104257924306331,0.13696910033487197,0.03474525236038029,True,0.95,3.841458820694124,usable_limit,0.26080518861736646,715.2793614595214,0.12340278504159831,0.000808629775087026,0.010000000000000004,0.3480621423096571,1.0113212408893967e-05
andren_lynx_roedeer_data_5,0.08659643233600653,11.547819846894583,0.6271379703534778,0.03734148340069493,0.07878875203723967,0.06165246884817352,0.06979609231670342,0.04914663196361119,0.06036093909163622,0.13683696894270023,0.0,True,0.95,3.841458820694124,usable_limit,0.25157793446957727,715.2793614595214,0.11954846731942323,0.0007690311300297361,0.010000297684945113,0.3440847121984518,1.010541833829076e-05
andren_lynx_roedeer_data_5,0.1333521432163324,7.498942093324558,0.6271379703534778,0.03728761796391103,0.07881775042666601,0.06165470069565982,0.06962108423740265,0.04935628488505561,0.06034541502072169,0.13684687624337025,0.0026063856566594028,True,0.95,3.841458820694124,usable_limit,0.24974035428416957,715.2793614595214,0.11812562656508895,0.0007518223687612278,0.010000000000000004,0.34283289968130576,1.0097015406433148e-05
andren_lynx_roedeer_data_5,0.2053525026457146,4.869675251658631,0.6271379703534778,0.03737968272304041,0.07888235487551616,0.06172384705760828,0.0704455026253707,0.04862760222715961,0.060527731406785634,0.13715399864127664,0.0833098575679658,True,0.95,3.841458820694124,usable_limit,0.2509772613561763,715.2793614595214,0.118220585813228,0.0007506609116240914,0.010000000000000004,0.3432551350088524,1.0111054320956538e-05
andren_lynx_roedeer_data_5,0.31622776601683794,3.162277660168379,0.6271379703534778,0.03782875577164935,0.07865182951391088,0.06171355219526906,0.07254699130689164,0.04694659155152002,0.061102571165162364,0.13710825088409517,0.07130004377362965,True,0.95,3.841458820694124,success,0.2591023052831186,715.2793614595214,0.12211713734160716,0.0007922089914857481,0.010000000000000004,0.34714178021041975,1.0102187924908166e-05
andren_lynx_roedeer_data_5,0.4869675251658631,2.0535250264571463,0.6271379703534778,0.03798381924673456,0.07856509244031987,0.06170593275660213,0.07323564241912929,0.04654962829775106,0.06136092899883995,0.13707439694504295,0.06241004419325661,True,0.95,3.841458820694124,usable_limit,0.2609574715360102,715.2793614595214,0.12278251732100946,0.000797942118120882,0.010000841842392073,0.34790780809987965,1.010027513620729e-05
andren_lynx_roedeer_data_5,0.7498942093324559,1.333521432163324,0.6271379703534778,0.03761006966197634,0.07878171811688396,0.0617295571401046,0.071570655183684,0.04767182417528024,0.06080691368430332,0.1371793760896838,0.08997028046517393,True,0.95,3.841458820694124,success,0.2567966333085123,715.2793614595214,0.12162011882762358,0.0007905811892079909,0.010000000000000004,0.3463859129324133,1.0101583505323783e-05
andren_lynx_roedeer_data_5,1.0,1.0,0.6271379703534778,0.03773275595723357,0.07876504807980503,0.06175635056875585,0.07067225741093884,0.049409242786894576,0.060974753957405564,0.13729848608055856,0.12121476704596654,True,0.95,3.841458820694124,usable_limit,0.24653133321449408,715.2793614595214,0.11446041572872308,0.000698480782249408,0.010000000000000004,0.3401000808768434,1.0077854561684096e-05
andren_lynx_roedeer_data_5,1.1547819846894583,0.8659643233600653,0.6271379703534778,0.03775725370976396,0.07869351779698067,0.06171823049540224,0.07225183853316686,0.047307831518057106,0.061067008664104756,0.13712903911740956,0.07675791859982402,True,0.95,3.841458820694124,success,0.25717129819719786,715.2793614595214,0.12110594343640005,0.0007810408058152304,0.010000000000000004,0.3462664716352659,1.0095848710007747e-05
andren_lynx_roedeer_data_5,1.7782794100389228,0.5623413251903491,0.6271379703534778,0.037656253780457255,0.0787870299134812,0.06174702232240022,0.07082183882845713,0.049049074138740406,0.06091610841522796,0.1372570115645877,0.11033840434979524,True,0.95,3.841458820694124,success,0.24741991488749696,715.2793614595214,0.11493533786964867,0.0007058535844433633,0.010000000000000004,0.34058598307504734,1.0089057750970177e-05
andren_lynx_roedeer_data_5,2.7384196342643614,0.36517412725483767,0.6271379703534778,0.037676300630849896,0.07869637420764232,0.06169531158303462,0.07217082183416637,0.04731740658926711,0.06102280102778388,0.13702721296779813,0.050015930943562825,True,0.95,3.841458820694124,success,0.2572362333914462,715.2793614595214,0.12125157221691643,0.0007835226476497065,0.010000000000000004,0.3463475336784082,1.010487706452945e-05
andren_lynx_roedeer_data_5,4.216965034285822,0.23713737056616555,0.6271379703534778,0.037720469389742765,0.07863934029414761,0.061672439763971035,0.07231698898115578,0.047300978005231586,0.06110290261334566,0.1369256337518629,0.023318986669802325,True,0.95,3.841458820694124,success,0.25717515922303563,715.2793614595214,0.12110835354014805,0.0007809934750096942,0.010000000000000004,0.3463284492933345,1.0102306518591137e-05
andren_lynx_roedeer_data_5,6.493816315762113,0.1539926526059492,0.6271379703534778,0.0377377993663408,0.07865085813923514,0.061685083233518796,0.07236444580013973,0.04718491470889072,0.06108612441482375,0.13698178176694112,0.03807819694747493,True,0.95,3.841458820694124,success,0.25810045072823534,715.2793614595214,0.12172567080178388,0.0007886119715121225,0.010000000000000004,0.3467845591816294,1.0095837182322189e-05
andren_lynx_roedeer_data_5,10.0,0.1,0.6271379703534778,0.03777132038666551,0.07864450240258422,0.06169128950630798,0.0723607004480002,0.04723965605313796,0.06110505737393588,0.13700934723423977,0.04532191195180542,True,0.95,3.841458820694124,success,0.25781401045578267,715.2793614595214,0.1215384373075428,0.0007859401728597423,0.010000000000000004,0.3466387178562393,1.01072528912508e-05
andren_lynx_roedeer_data_6,0.01,100.0,0.29313232830820773,0.041623846333852126,0.10970494951335032,0.08296903196780976,0.05340895362958992,0.2501063473649054,0.18083929512141766,0.22028352850161403,0.055092408663497884,True,0.95,3.841458820694124,success,0.03196868394678443,570.4564489112227,0.03502795796296442,1.188777883358854e-06,0.02026048506475932,0.4354358712190736,1.0139758260464402e-05
andren_lynx_roedeer_data_6,0.01539926526059492,64.93816315762113,0.29313232830820773,0.04162321598755346,0.10970209857299593,0.08296698903921318,0.053363438237914104,0.25008150837991155,0.18081539947435818,0.22027268064745342,0.053516531052424314,True,0.95,3.841458820694124,success,0.03197589059298741,570.4564489112227,0.035023102362274704,1.1972404119945811e-06,0.02026405584566052,0.4354682655246054,1.0121684260348688e-05
andren_lynx_roedeer_data_6,0.023713737056616554,42.169650342858226,0.29313232830820773,0.04140687194556833,0.10988022492250375,0.0830306957496344,0.054470926968524104,0.251977649476073,0.18229072620445752,0.22061108597338738,0.1026404651882462,True,0.95,3.841458820694124,success,0.030978782124216522,570.4564489112227,0.03522285439776763,1.1979156891434601e-06,0.020131157246780582,0.43581858984817456,1.0104624021668411e-05
andren_lynx_roedeer_data_6,0.03651741272548377,27.384196342643612,0.29313232830820773,0.041400779047729666,0.10989229388761912,0.083037162649147,0.05450069238524524,0.25210966327649986,0.18238641367692562,0.22064545218626858,0.1076249525298205,True,0.95,3.841458820694124,success,0.030950111430012296,570.4564489112227,0.03523211112831488,1.194083101794562e-06,0.020124792312582202,0.43582504616314144,1.0125668967994862e-05
andren_lynx_roedeer_data_6,0.05623413251903491,17.78279410038923,0.29313232830820773,0.04149181006010861,0.10971118498666739,0.08294008202685503,0.05407468648334167,0.2522197910526485,0.18239914297621218,0.2201298306118861,0.032757333810802265,True,0.95,3.841458820694124,success,0.031210071735790844,570.4564489112227,0.03515503903760691,1.1957859871100196e-06,0.020207134494826404,0.4366005976240245,1.0089263252552679e-05
andren_lynx_roedeer_data_6,0.08659643233600653,11.547819846894583,0.29313232830820773,0.04151049275067281,0.10963994202649412,0.08289764138977856,0.053841919910237915,0.2524368413665833,0.18251480928784655,0.2199046063356265,0.0,True,0.95,3.841458820694124,success,0.03135716980951703,570.4564489112227,0.0351091070968536,1.2009917412993576e-06,0.020261320492441004,0.43719127838411465,1.0114384404877707e-05
andren_lynx_roedeer_data_6,0.1333521432163324,7.498942093324558,0.29313232830820773,0.041874219988317286,0.10937066565035994,0.08281120939955175,0.051872798740250456,0.2513705530626272,0.18149096698755782,0.21944628487092505,nan,False,,,failed,0.032726748953169925,571.0603693940272,0.03475601372471414,1.19902372925789e-06,0.020608057712583103,0.4396527905417328,1.0101117097937736e-05
andren_lynx_roedeer_data_6,0.2053525026457146,4.869675251658631,0.29313232830820773,0.041563278251642195,0.10964764181700144,0.08291595580783254,0.053756486415765393,0.2528065375853514,0.18275790718551968,0.22000178328084602,0.014137836462517313,True,0.95,3.841458820694124,success,0.03134722916246919,570.4564489112227,0.035092846558888634,1.1976190441325035e-06,0.020295286440756753,0.43781865047020774,1.0101967056367604e-05
andren_lynx_roedeer_data_6,0.31622776601683794,3.162277660168379,0.29313232830820773,0.041519353726132247,0.10980130636570937,0.08300657688837691,0.05389006931359984,0.2529951148728714,0.18290799288188855,0.2204829378152329,0.08404696377965888,True,0.95,3.841458820694124,usable_limit,0.03137348245377516,570.4564489112227,0.03513088269002482,1.1952467414725297e-06,0.020267280483598916,0.43758470879148736,1.0099387242959618e-05
andren_lynx_roedeer_data_6,0.4869675251658631,2.0535250264571463,0.29313232830820773,0.041983895799649264,0.10964837857560804,0.0830223296191322,0.05190267976669221,0.25227897572649494,0.18212436651993222,0.22056663089241071,0.09619153297030153,True,0.95,3.841458820694124,success,0.03273642723362837,571.0675503324653,0.03479425542893169,1.19873853541744e-06,0.020605330300125096,0.4401305518612538,1.0099982035323926e-05
andren_lynx_roedeer_data_6,0.7498942093324559,1.333521432163324,0.29313232830820773,0.04197765319410946,0.10959264833531113,0.08298395006515447,0.05192137976512974,0.252138762991363,0.18202992264945006,0.2203627509893136,0.06659877897316917,True,0.95,3.841458820694124,success,0.0327652195017713,570.4564489112227,0.03476494534439623,1.1987435727927264e-06,0.020620378253666322,0.43997802304765893,1.0100048545335488e-05
andren_lynx_roedeer_data_6,1.0,1.0,0.29313232830820773,0.04188747097135104,0.10961515332683733,0.08297602684884904,0.05106057982283842,0.25235645500701437,0.18205900581343362,0.22032067301186933,0.060487837608128,True,0.95,3.841458820694124,success,0.03271436461205772,573.4869881996132,0.034797772740218974,1.196781861386376e-06,0.02060470860445146,0.4409444208989618,1.009997599727571e-05
andren_lynx_roedeer_data_6,1.1547819846894583,0.8659643233600653,0.29313232830820773,0.04192711084397927,0.1096396564955809,0.08300221954921537,0.0516588926302646,0.2519684845331049,0.18187462492840323,0.2204597904030768,0.08068726583127328,True,0.95,3.841458820694124,success,0.032689808543397626,570.9268645437622,0.034766925886283565,1.198941443621999e-06,0.020602540281993688,0.4399221066355276,1.0104138725959995e-05
andren_lynx_roedeer_data_6,1.7782794100389228,0.5623413251903491,0.29313232830820773,0.0419523659161665,0.10962173880528997,0.0829967668787741,0.052011820066777174,0.2517030595475057,0.18174110653926645,0.22043082599454633,0.0764827713837341,True,0.95,3.841458820694124,success,0.032723900968887824,570.570892929661,0.03478210320216507,1.1985668309023912e-06,0.020583446154908102,0.4393678199445181,1.010006961972968e-05
andren_lynx_roedeer_data_6,2.7384196342643614,0.36517412725483767,0.29313232830820773,0.04171978031544729,0.10970165625786452,0.08299094364835191,0.052837346713664884,0.2526241977063968,0.1824976307716633,0.22039989528460552,0.0719922371629877,True,0.95,3.841458820694124,success,0.03194993720808534,570.4564489112227,0.03495009844528975,1.1978127311368677e-06,0.02043036532723113,0.4387508371261843,1.0099985851106158e-05
andren_lynx_roedeer_data_6,4.216965034285822,0.23713737056616555,0.29313232830820773,0.04172006887897485,0.1097033365072525,0.082992126699133,0.05286192286843445,0.25257492555764127,0.18246708731959904,0.22040617900943824,0.07290456213483433,True,0.95,3.841458820694124,success,0.03194242885562449,570.4564489112227,0.03496651746376397,1.1992284612556546e-06,0.02041166808150841,0.43854461426285307,1.0098000957604237e-05
andren_lynx_roedeer_data_6,6.493816315762113,0.1539926526059492,0.29313232830820773,0.04171939704633128,0.109739298997926,0.08301572692708786,0.052814176317512944,0.2526123362504411,0.18248606747640114,0.22053154935145028,0.09110146747748513,True,0.95,3.841458820694124,success,0.031960953199592336,570.4564489112227,0.03495066134528451,1.1984184333432568e-06,0.020427667031978222,0.4387007555781921,1.01013540433567e-05
andren_lynx_roedeer_data_6,10.0,0.1,0.29313232830820773,0.04175845465952699,0.1097296217194173,0.08301914965307157,0.05263328096434377,0.2525369342973146,0.1824077375680069,0.220549734691811,0.0937401234936239,True,0.95,3.841458820694124,success,0.032081074267933156,570.4564489112227,0.03491153192324182,1.1980687271971573e-06,0.020465480870565777,0.43897825959659514,1.010857552668898e-05
timeserieslogmeans_WRGP,0.01,100.0,6.760829753919817,0.22565327457798148,0.1800173824334539,0.20411474506507152,0.28815987190504155,0.0035482449612516177,0.20377524606614392,3.666328965462164,0.21558676542477295,True,0.95,3.841458820694124,usable_limit,0.30080068120630843,42745.73716456366,0.33090275282651815,4.9335412298649304e-05,0.010138168842232217,2.9688080352716435,1.0171557631025648e-05
timeserieslogmeans_WRGP,0.01539926526059492,64.93816315762113,6.760829753919817,0.22611539666529773,0.18000734282117184,0.20436586808790236,0.3027969857973519,0.003572673184245215,0.21412470502214728,3.675355907460328,0.4319870359061117,True,0.95,3.841458820694124,usable_limit,0.298391927065424,39914.82572524256,0.3326031202424669,4.2252066293248304e-05,0.010000000000000004,2.9997069918427743,1.015115184440841e-05
timeserieslogmeans_WRGP,0.023713737056616554,42.169650342858226,6.760829753919817,0.22667171749567316,0.18000899380451876,0.20467450422921943,0.29439248922901173,0.003539964409775755,0.20818197455888954,3.686465435969955,nan,False,,,failed,0.2857083337883776,39344.41698782577,0.2691990215722894,4.767736002572065e-05,0.012394891098242503,3.0000000000000004,1.0093563147489453e-05
timeserieslogmeans_WRGP,0.03651741272548377,27.384196342643612,6.760829753919817,0.22554268315132991,0.18001658533326312,0.20405326868020177,0.2875248119382524,0.0035474196436348876,0.2033262177711663,3.664120808398566,0.16257014749037144,True,0.95,3.841458820694124,usable_limit,0.30118585085342725,42874.5871246615,0.34340796118980355,4.891549354132537e-05,0.010000000000000004,2.9888347550216428,1.0751831790690398e-05
timeserieslogmeans_WRGP,0.05623413251903491,17.78279410038923,6.760829753919817,0.22655674532096545,0.18000626523846727,0.20460964588153005,0.2964391461902113,0.0035389968663222283,0.2096290675130733,3.6841294325233314,0.6418034933433902,True,0.95,3.841458820694124,usable_limit,0.2878280257802102,39307.3768761407,0.280737674916702,4.664454831790492e-05,0.011901310743572965,2.9914795933797707,1.0087806123417254e-05
timeserieslogmeans_WRGP,0.08659643233600653,11.547819846894583,6.760829753919817,0.22765762062424907,0.1800201674568385,0.20522579384604983,0.2651126956658702,0.0035496536694351495,0.18747978750307626,3.7063511284572384,nan,False,,,failed,0.2825358546892555,42283.59935297409,0.25095994642179115,5.562834922117619e-05,0.013501002967294755,2.9658718630660657,1.0100045240108316e-05
timeserieslogmeans_WRGP,0.1333521432163324,7.498942093324558,6.760829753919817,0.22760997122982016,0.1800206388905443,0.2051995728916112,0.2652682383707469,0.0035496811979748035,0.18758976321341028,3.7054040949111697,1.1485135463886325,True,0.95,3.841458820694124,success,0.2826877324723737,42280.50184073862,0.2508212108088702,5.5613505212696464e-05,0.013488462448844508,2.969808207630992,1.0099741617165098e-05
timeserieslogmeans_WRGP,0.2053525026457146,4.869675251658631,6.760829753919817,0.22756941612025153,0.18002107281430463,0.20517727190228133,0.26524226102867765,0.003549704256361714,0.1875713963213912,3.704598735663116,1.1293849129108273,True,0.95,3.841458820694124,usable_limit,0.2827402086784053,42263.77087433167,0.2508805672438668,5.556067862140054e-05,0.013478280303790141,2.9741281599579232,1.009985918432838e-05
timeserieslogmeans_WRGP,0.31622776601683794,3.162277660168379,6.760829753919817,0.22622219087703707,0.18001315191962564,0.20442751100236584,0.2792008950488285,0.0035471576562298023,0.1974407786191914,3.677573438406772,0.4850659436513914,True,0.95,3.841458820694124,usable_limit,0.29675965088550055,44517.25938594724,0.32452890210774915,4.898061533995304e-05,0.010538400811598824,2.905255046051477,1.08081935957084e-05
timeserieslogmeans_WRGP,0.4869675251658631,2.0535250264571463,6.760829753919817,0.22588697780740352,0.18001401608562217,0.20424246954323316,0.28659356963897864,0.003547742036606503,0.20266778312298478,3.6709188001304307,0.3256840434222441,True,0.95,3.841458820694124,usable_limit,0.30200004380941037,42999.34409575692,0.32828386090055667,4.914516296643668e-05,0.010000000000000004,2.874781182617312,1.0105396307971729e-05
timeserieslogmeans_WRGP,0.7498942093324559,1.333521432163324,6.760829753919817,0.22652728656136756,0.18001144078976056,0.20459561379958932,0.2985794659475412,0.003540395745887892,0.21114240678693189,3.6836241363707023,0.6297330403660198,True,0.95,3.841458820694124,usable_limit,0.2884014915657621,39407.0653878227,0.2761741821428495,4.672969622508068e-05,0.011902085449172334,3.0000000000000004,1.0104062909773037e-05
timeserieslogmeans_WRGP,1.0,1.0,6.760829753919817,0.22572495300421924,0.18001391201998654,0.20415283849299823,0.28983795670615703,0.003545137911547951,0.2049617149011152,3.6676975688978435,0.248430143662794,True,0.95,3.841458820694124,usable_limit,0.3004602226111133,42469.36416681346,0.339456226491586,4.7583429018583024e-05,0.010010310510420587,2.9528652237299338,1.0129089175865632e-05
timeserieslogmeans_WRGP,1.1547819846894583,0.8659643233600653,6.760829753919817,0.22559554237869142,0.18001626828046854,0.20408234316907672,0.2871087106520939,0.003547699151435701,0.20303201459569975,3.6651650458175102,0.1876456856305484,True,0.95,3.841458820694124,usable_limit,0.3013728504758065,43464.508652937024,0.34067272668961734,4.892206685343696e-05,0.010000000000000004,2.9700506131892137,1.0017491831726646e-05
timeserieslogmeans_WRGP,1.7782794100389228,0.5623413251903491,6.760829753919817,0.2267877400478768,0.18001510292352388,0.20474144221015714,0.2973884248745581,0.0035459019850364393,0.2103003193890325,3.68887711792997,0.7551348380724937,True,0.95,3.841458820694124,usable_limit,0.2891005539807348,39867.7266370942,0.2632429458804468,4.861064659674124e-05,0.012145405406901753,2.97622776347862,1.0131028474611737e-05
timeserieslogmeans_WRGP,2.7384196342643614,0.36517412725483767,6.760829753919817,0.22554201214775843,0.18002008836078048,0.20405444305023457,0.2872897722179402,0.003549115123934782,0.20316004705551594,3.664162984111645,0.16358306207067513,True,0.95,3.841458820694124,usable_limit,0.30189153115142064,44764.65727151146,0.33576616689649125,4.888913713077006e-05,0.010000000000000004,3.0000000000000004,1.0158493507170681e-05
timeserieslogmeans_WRGP,4.216965034285822,0.23713737056616555,6.760829753919817,0.22520300150539155,0.1800149464183986,0.2038648729196086,0.2908273108395173,0.003545826100131835,0.20566124770223193,3.657358004126478,0.0,True,0.95,3.841458820694124,usable_limit,0.2941906932869717,188530.7279084491,0.334524493019767,2.704690970271128e-05,0.010000000000000004,3.0000000000000004,1.0007181257727092e-05
timeserieslogmeans_WRGP,6.493816315762113,0.1539926526059492,6.760829753919817,0.22585970050303808,0.1800113048268381,0.2042261909951597,0.3075875705517065,0.0035389011863881325,0.21751165184824933,3.6703336637784476,0.3116559196554348,True,0.95,3.841458820694124,usable_limit,0.29986593688384394,41419.52089357029,0.32801311770343666,4.387499418521688e-05,0.010000000000000004,2.9998501926370613,1.00950194252786e-05
timeserieslogmeans_WRGP,10.0,0.1,6.760829753919817,0.2255230803633485,0.18001797336416434,0.20404304755457162,0.28827313532970583,0.0035483021310557497,0.20385532983077995,3.6637537424714317,0.1537540026749471,True,0.95,3.841458820694124,success,0.30156824129238363,43888.406146443165,0.3403391977871752,4.8921514565715376e-05,0.010000000000000004,3.0000000000000004,1.0099748091325644e-05
isle_royale_wolf_moose_pre_2018,0.01,100.0,50.0,0.17691429132454914,0.10669852010222095,0.14608771451917424,0.15287985548067182,0.2808450169784417,0.22610415052958704,1.2804972200061453,0.2707235480572958,True,0.95,3.841458820694124,success,0.3398940773827614,1646.1935094560658,0.005221524245152814,3.6447987470221355e-06,0.13212705533023908,0.745658733927819,1.0105619684055386e-05
isle_royale_wolf_moose_pre_2018,0.01539926526059492,64.93816315762113,50.0,0.17619531003890251,0.10782112108785316,0.14606536453305158,0.15202170739164064,0.26825989069148337,0.21802977832405854,1.2801054429703946,0.2523633216400287,True,0.95,3.841458820694124,usable_limit,0.3285834043071157,1677.8191209490444,0.005179507599808355,6.154981489670733e-06,0.13380102204265748,0.7476557846997742,3.41339716488427e-05
isle_royale_wolf_moose_pre_2018,0.023713737056616554,42.169650342858226,50.0,0.17666430660774218,0.10709973895887863,0.1460832490641112,0.15314344467436095,0.2806868766347381,0.22609515404105165,1.2804189394276286,0.26705545865487673,True,0.95,3.841458820694124,usable_limit,0.3417706235160786,1662.6744408211837,0.005331665480207545,4.201232817323495e-06,0.12803528640207376,0.7383811985370321,1.3928235195422516e-05
isle_royale_wolf_moose_pre_2018,0.03651741272548377,27.384196342643612,50.0,0.17535844904691328,0.10835358574236637,0.1457585078054918,0.15086821889731442,0.24029373414702251,0.20062689020114916,1.2747325558610167,0.0,True,0.95,3.841458820694124,usable_limit,0.3342847815437292,1737.530847053642,0.005068850817783701,1.9222821283124475e-05,0.13714809877823655,0.7439563935909261,0.0001883536532549381
isle_royale_wolf_moose_pre_2018,0.05623413251903491,17.78279410038923,50.0,0.1770904545555187,0.10643039350924598,0.14609664225644128,0.15300288257498523,0.2835747626904075,0.2278426300225395,1.2806537327163952,0.27805678440301934,True,0.95,3.841458820694124,success,0.3403523353655662,1642.512997974021,0.0052082940215623635,3.646090968899771e-06,0.13234009410162215,0.7454112096436283,1.0108776171445786e-05
isle_royale_wolf_moose_pre_2018,0.08659643233600653,11.547819846894583,50.0,0.17731048555500753,0.10605767739891139,0.14609455709061187,0.15281420142867258,0.2848192385828387,0.2285543467374783,1.2806171766901229,0.27634407094624336,True,0.95,3.841458820694124,usable_limit,0.3390582454283902,1634.1690372741507,0.005137155803065273,4.028873510037027e-06,0.13464561228573335,0.7472254603194903,1.1229116694853425e-05
isle_royale_wolf_moose_pre_2018,0.1333521432163324,7.498942093324558,50.0,0.17691992939481493,0.10677473776764762,0.1461189687248309,0.15397986542885622,0.2799523163531587,0.22592376854703414,1.2810451812724868,0.29639376648942684,True,0.95,3.841458820694124,usable_limit,0.35108150999171767,1656.2888404744149,0.005576888551310018,1.927931564562855e-05,0.12556478675567304,0.7482508525460665,1.6201423629848316e-05
isle_royale_wolf_moose_pre_2018,0.2053525026457146,4.869675251658631,50.0,0.17749182380972114,0.10581956556226724,0.1461183218749245,0.15298393802986326,0.2861288664912357,0.22942734529114486,1.2810338392526421,0.29586254072688883,True,0.95,3.841458820694124,success,0.34112570557583594,1612.5114160724431,0.005052086501265473,3.7191029498648796e-06,0.13967104727915092,0.7620222968997881,1.0167257592071472e-05
isle_royale_wolf_moose_pre_2018,0.31622776601683794,3.162277660168379,50.0,0.1769809556212312,0.10636317078649861,0.1460057922692831,0.15316411515419207,0.284214221915272,0.22829473286726315,1.2790614825708626,0.2034117453897777,True,0.95,3.841458820694124,usable_limit,0.34627537678531906,1663.769411435088,0.005596626693891451,3.1372583311151704e-05,0.1252913622398832,0.7380180728885568,1.3291542369188864e-05
isle_royale_wolf_moose_pre_2018,0.4869675251658631,2.0535250264571463,50.0,0.17734124437468943,0.10606237850540991,0.14611492923481184,0.15299814034478137,0.28524918096721863,0.22888373270225046,1.2809743527176443,0.293076295068741,True,0.95,3.841458820694124,success,0.34221935243171187,1626.7122028276558,0.005183123812630543,3.6784966640253053e-06,0.13408061866424817,0.7503610976627357,1.0101843298145958e-05
isle_royale_wolf_moose_pre_2018,0.7498942093324559,1.333521432163324,50.0,0.1764135886564149,0.10709291215833457,0.14592917134210612,0.1524624189580486,0.2828892657309247,0.22723459888441425,1.277719382915626,0.1404216097882376,True,0.95,3.841458820694124,usable_limit,0.34355767783740376,1674.6900288253723,0.005829925141411253,5.929995870585388e-05,0.12593784814851702,0.7484765940070113,1.0081620001104743e-05
isle_royale_wolf_moose_pre_2018,1.0,1.0,50.0,0.17728068780865797,0.10610981752685955,0.14609540657648046,0.15303907076293322,0.28504388831073524,0.22876950784936897,1.2806320693648279,0.2770418245785321,True,0.95,3.841458820694124,success,0.3426953810375873,1632.1631736262354,0.0052274478055256285,3.6450419334625556e-06,0.13216175478746936,0.7462237850942689,1.0101811401673365e-05
isle_royale_wolf_moose_pre_2018,1.1547819846894583,0.8659643233600653,50.0,0.17717277504321197,0.1062365943134557,0.1460760182025687,0.15295363524562283,0.2849774178631687,0.228699522547392,1.280292185635031,0.2611155246360514,True,0.95,3.841458820694124,success,0.34143315537811203,1636.4454305397649,0.005237202503911925,3.6463974796198128e-06,0.1316955572868133,0.7447055315384605,1.0100494397610469e-05
isle_royale_wolf_moose_pre_2018,1.7782794100389228,0.5623413251903491,50.0,0.17715515549339458,0.10628726294415264,0.1460837625851146,0.15299895321989754,0.28464239531714913,0.2285059877752316,1.280427941461448,nan,False,,,failed,0.3416187486376978,1634.4362191296693,0.005233643033021137,3.6439574489866235e-06,0.13224457677239024,0.7473190299685964,1.0099962022909457e-05
isle_royale_wolf_moose_pre_2018,2.7384196342643614,0.36517412725483767,50.0,0.1770236502501498,0.10649674521612434,0.14608033661228237,0.1530701543015493,0.28440442207967964,0.22838164050156998,1.2803678846854634,0.2646630029444083,True,0.95,3.841458820694124,usable_limit,0.3409220727250769,1637.6161725576655,0.005239303406837709,3.645967226250878e-06,0.13223238696388842,0.7484613515293186,1.0098839480051848e-05
isle_royale_wolf_moose_pre_2018,4.216965034285822,0.23713737056616555,50.0,0.17718775299897455,0.10621952800629798,0.14607889639285054,0.153098757463854,0.2848949764718139,0.2286967174620696,1.2803426382811898,0.26347990611023364,True,0.95,3.841458820694124,success,0.34219168460299876,1633.862108500607,0.005229401947407286,3.6440763315459045e-06,0.13222445200739813,0.7471861955978831,1.0099995179527818e-05
isle_royale_wolf_moose_pre_2018,6.493816315762113,0.1539926526059492,50.0,0.17710184045066996,0.10634346441298875,0.1460718903731501,0.15314267728483036,0.2848630958205003,0.2286915640840357,1.2802198294311349,0.2577245058012343,True,0.95,3.841458820694124,success,0.3426932714792307,1633.7901918302587,0.005240920359626636,3.6453336303673856e-06,0.13223485212257277,0.7487066879890966,1.0100198310557681e-05
isle_royale_wolf_moose_pre_2018,10.0,0.1,50.0,0.17705791040030833,0.10643559857923844,0.14607881482310225,0.15310724801771566,0.2846442527658187,0.22854340947418453,1.280341208407332,0.2634128986726998,True,0.95,3.841458820694124,success,0.34180458762380406,1635.563764093866,0.005239521683765602,3.6447261942132214e-06,0.1322474996843388,0.7485747001599443,1.0099615441692694e-05
