Status,Site,Station,Species,treatment,cover,DateTimeOriginal,Date,Time,nTime,Cam_days,sun_time_minutes
Persecuted,Bathurst,MP01,Fox,Absent,High,1/1/15 6:40,1/1/15,6:40:15,0.28,129,0.3
Persecuted,Bathurst,MP01,Fox,Absent,High,1/1/15 6:40,1/1/15,6:40:17,0.28,129,0.3
Persecuted,Bathurst,MP01,Fox,Absent,High,1/1/15 6:40,1/1/15,6:40:20,0.28,129,0.3
Persecuted,Bathurst,MP02,Fox,Absent,High,13/11/14 0:55,13/11/14,0:55:23,0.04,131,0.05
Persecuted,Bathurst,MP02,Fox,Absent,High,30/12/14 7:03,30/12/14,7:03:08,0.29,131,0.32
Persecuted,Bathurst,MP02,Fox,Absent,High,30/12/14 7:03,30/12/14,7:03:11,0.29,131,0.32
Persecuted,Bathurst,MP02,Fox,Absent,High,14/2/15 19:41,14/2/15,19:41:36,0.82,131,0.78
Persecuted,Bathurst,MP02,Fox,Absent,High,14/2/15 19:41,14/2/15,19:41:40,0.82,131,0.78
Persecuted,Bathurst,MP03,Fox,Absent,High,19/11/14 23:59,19/11/14,23:59:46,1,128,0
Persecuted,Bathurst,MP03,Fox,Absent,High,19/11/14 23:59,19/11/14,23:59:49,1,128,0
Persecuted,Bathurst,MP03,Fox,Absent,High,19/11/14 23:59,19/11/14,23:59:53,1,128,0
Persecuted,Bathurst,MP03,Fox,Absent,High,23/11/14 0:33,23/11/14,0:33:55,0.02,128,0.03
Persecuted,Bathurst,MP03,Fox,Absent,High,23/11/14 0:33,23/11/14,0:33:58,0.02,128,0.03
Persecuted,Bathurst,MP03,Fox,Absent,High,23/11/14 0:34,23/11/14,0:34:01,0.02,128,0.03
Persecuted,Bathurst,MP03,Fox,Absent,High,10/12/14 0:40,10/12/14,0:40:02,0.03,128,0.03
Persecuted,Bathurst,MP03,Fox,Absent,High,19/12/14 1:32,19/12/14,1:32:36,0.06,128,0.07
Persecuted,Bathurst,MP03,Fox,Absent,High,19/12/14 1:32,19/12/14,1:32:39,0.06,128,0.07
Persecuted,Bathurst,MP03,Fox,Absent,High,9/12/14 1:43,9/12/14,1:43:42,0.07,128,0.08
Persecuted,Bathurst,MP03,Fox,Absent,High,9/12/14 1:43,9/12/14,1:43:45,0.07,128,0.08
Persecuted,Bathurst,MP03,Fox,Absent,High,9/12/14 1:43,9/12/14,1:43:49,0.07,128,0.08
Persecuted,Bathurst,MP03,Fox,Absent,High,5/3/15 3:39,5/3/15,3:39:13,0.15,128,0.14
Persecuted,Bathurst,MP03,Fox,Absent,High,5/3/15 3:39,5/3/15,3:39:16,0.15,128,0.14
Persecuted,Bathurst,MP03,Fox,Absent,High,5/3/15 3:39,5/3/15,3:39:20,0.15,128,0.14
Persecuted,Bathurst,MP03,Fox,Absent,High,9/3/15 3:31,9/3/15,3:31:34,0.15,128,0.14
Persecuted,Bathurst,MP03,Fox,Absent,High,4/3/15 4:06,4/3/15,4:06:56,0.17,128,0.16
Persecuted,Bathurst,MP03,Fox,Absent,High,16/12/14 3:27,16/12/14,3:27:15,0.14,128,0.17
Persecuted,Bathurst,MP03,Fox,Absent,High,3/3/15 4:51,3/3/15,4:51:16,0.2,128,0.19
Persecuted,Bathurst,MP03,Fox,Absent,High,3/3/15 4:51,3/3/15,4:51:19,0.2,128,0.19
Persecuted,Bathurst,MP03,Fox,Absent,High,4/3/15 5:02,4/3/15,5:02:27,0.21,128,0.2
Persecuted,Bathurst,MP03,Fox,Absent,High,6/12/14 4:03,6/12/14,4:03:56,0.17,128,0.21
Persecuted,Bathurst,MP03,Fox,Absent,High,15/1/15 4:40,15/1/15,4:40:33,0.19,128,0.21
Persecuted,Bathurst,MP03,Fox,Absent,High,12/1/11 7:59,12/1/11,7:59:20,0.33,128,0.35
Persecuted,Bathurst,MP03,Fox,Absent,High,6/1/11 8:16,6/1/11,8:16:08,0.34,128,0.35
Persecuted,Bathurst,MP03,Fox,Absent,High,1/1/11 10:12,1/1/11,10:12:14,0.43,128,0.43
Persecuted,Bathurst,MP03,Fox,Absent,High,8/1/11 10:34,8/1/11,10:34:40,0.44,128,0.44
Persecuted,Bathurst,MP03,Fox,Absent,High,1/1/11 11:23,1/1/11,11:23:43,0.47,128,0.46
Persecuted,Bathurst,MP03,Fox,Absent,High,1/1/11 11:23,1/1/11,11:23:47,0.47,128,0.46
Persecuted,Bathurst,MP03,Fox,Absent,High,16/12/14 20:48,16/12/14,20:48:57,0.87,128,0.83
Persecuted,Bathurst,MP03,Fox,Absent,High,5/12/14 20:48,5/12/14,20:48:01,0.87,128,0.83
Persecuted,Bathurst,MP03,Fox,Absent,High,5/12/14 20:48,5/12/14,20:48:05,0.87,128,0.83
Persecuted,Bathurst,MP03,Fox,Absent,High,18/12/14 20:57,18/12/14,20:57:33,0.87,128,0.83
Persecuted,Bathurst,MP03,Fox,Absent,High,18/12/14 20:57,18/12/14,20:57:37,0.87,128,0.83
Persecuted,Bathurst,MP03,Fox,Absent,High,18/12/14 20:57,18/12/14,20:57:40,0.87,128,0.83
Persecuted,Bathurst,MP03,Fox,Absent,High,14/1/15 21:03,14/1/15,21:03:46,0.88,128,0.84
Persecuted,Bathurst,MP03,Fox,Absent,High,17/11/14 20:51,17/11/14,20:51:57,0.87,128,0.85
Persecuted,Bathurst,MP03,Fox,Absent,High,22/11/14 20:49,22/11/14,20:49:52,0.87,128,0.85
Persecuted,Bathurst,MP03,Fox,Absent,High,28/12/14 21:18,28/12/14,21:18:14,0.89,128,0.86
Persecuted,Bathurst,MP03,Fox,Absent,High,28/12/14 21:18,28/12/14,21:18:18,0.89,128,0.86
Persecuted,Bathurst,MP03,Fox,Absent,High,16/12/14 21:27,16/12/14,21:27:34,0.89,128,0.86
Persecuted,Bathurst,MP03,Fox,Absent,High,3/12/14 21:29,3/12/14,21:29:07,0.9,128,0.87
Persecuted,Bathurst,MP03,Fox,Absent,High,17/11/14 21:36,17/11/14,21:36:39,0.9,128,0.89
Persecuted,Bathurst,MP03,Fox,Absent,High,17/11/14 21:36,17/11/14,21:36:42,0.9,128,0.89
Persecuted,Bathurst,MP03,Fox,Absent,High,9/12/14 22:05,9/12/14,22:05:37,0.92,128,0.9
Persecuted,Bathurst,MP03,Fox,Absent,High,9/12/14 22:05,9/12/14,22:05:41,0.92,128,0.9
Persecuted,Bathurst,MP03,Fox,Absent,High,18/11/14 22:10,18/11/14,22:10:09,0.92,128,0.91
Persecuted,Bathurst,MP03,Fox,Absent,High,11/3/15 23:04,11/3/15,23:04:52,0.96,128,0.95
Persecuted,Bathurst,MP03,Fox,Absent,High,6/3/15 23:30,6/3/15,23:30:43,0.98,128,0.97
Persecuted,Bathurst,MP03,Fox,Absent,High,6/3/15 23:30,6/3/15,23:30:46,0.98,128,0.97
Persecuted,Bathurst,MP04,Fox,Absent,High,14/2/15 19:54,14/2/15,19:54:31,0.83,131,0.79
Persecuted,Bathurst,MP04,Fox,Absent,High,10/3/15 19:53,10/3/15,19:53:18,0.83,131,0.81
Persecuted,Bathurst,MP04,Fox,Absent,High,10/3/15 19:53,10/3/15,19:53:21,0.83,131,0.81
Persecuted,Bathurst,MP04,Fox,Absent,High,10/3/15 19:53,10/3/15,19:53:25,0.83,131,0.81
Persecuted,Bathurst,MP04,Fox,Absent,High,19/1/15 21:26,19/1/15,21:26:10,0.89,131,0.85
Persecuted,Bathurst,MP04,Fox,Absent,High,19/1/15 21:26,19/1/15,21:26:14,0.89,131,0.85
Persecuted,Bathurst,MP04,Fox,Absent,High,11/12/14 23:27,11/12/14,23:27:10,0.98,131,0.97
Persecuted,Bathurst,MP04,Fox,Absent,High,11/12/14 23:27,11/12/14,23:27:15,0.98,131,0.97
Persecuted,Bathurst,MP04,Fox,Absent,High,11/12/14 23:27,11/12/14,23:27:18,0.98,131,0.97
Persecuted,Bathurst,MP04,Fox,Absent,High,16/1/15 0:03,16/1/15,0:03:51,0,131,0.98
Persecuted,Bathurst,MP05,Fox,Absent,High,17/11/14 1:42,17/11/14,1:42:06,0.07,129,0.09
Persecuted,Bathurst,MP05,Fox,Absent,High,9/11/14 22:07,9/11/14,22:07:42,0.92,129,0.91
Persecuted,Bathurst,MP05,Fox,Absent,High,9/11/14 22:07,9/11/14,22:07:46,0.92,129,0.91
Persecuted,Bathurst,MP05,Fox,Absent,High,9/11/14 22:07,9/11/14,22:07:49,0.92,129,0.91
Persecuted,Bathurst,MP05,Fox,Absent,High,4/11/14 22:30,4/11/14,22:30:16,0.94,129,0.93
Persecuted,Bathurst,MP05,Fox,Absent,High,4/11/14 22:30,4/11/14,22:30:20,0.94,129,0.93
Persecuted,Bathurst,MP05,Fox,Absent,High,4/11/14 22:30,4/11/14,22:30:23,0.94,129,0.93
Persecuted,Bathurst,MP06,Fox,Absent,High,20/12/14 4:06,20/12/14,4:06:35,0.17,131,0.21
Persecuted,Bathurst,MP06,Fox,Absent,High,20/12/14 4:06,20/12/14,4:06:39,0.17,131,0.21
Persecuted,Bathurst,MP06,Fox,Absent,High,20/12/14 4:06,20/12/14,4:06:42,0.17,131,0.21
Persecuted,Bathurst,MP06,Fox,Absent,High,21/2/15 5:19,21/2/15,5:19:53,0.22,131,0.23
Persecuted,Bathurst,MP06,Fox,Absent,High,21/2/15 5:19,21/2/15,5:19:56,0.22,131,0.23
Persecuted,Bathurst,MP06,Fox,Absent,High,21/2/15 5:20,21/2/15,5:20:01,0.22,131,0.23
Persecuted,Bathurst,MP06,Fox,Absent,High,20/12/14 4:44,20/12/14,4:44:08,0.2,131,0.24
Persecuted,Bathurst,MP06,Fox,Absent,High,9/11/14 20:49,9/11/14,20:49:47,0.87,131,0.85
Persecuted,Bathurst,MP06,Fox,Absent,High,9/11/14 20:49,9/11/14,20:49:50,0.87,131,0.85
Persecuted,Bathurst,MP06,Fox,Absent,High,9/11/14 20:49,9/11/14,20:49:54,0.87,131,0.85
Persecuted,Bathurst,MP06,Fox,Absent,High,5/2/15 22:23,5/2/15,22:23:40,0.93,131,0.9
Persecuted,Bathurst,MP06,Fox,Absent,High,5/2/15 22:23,5/2/15,22:23:44,0.93,131,0.9
Persecuted,Bathurst,MP06,Fox,Absent,High,5/2/15 22:23,5/2/15,22:23:48,0.93,131,0.9
Persecuted,Bathurst,MP06,Fox,Absent,High,28/12/14 22:22,28/12/14,22:22:11,0.93,131,0.91
Persecuted,Bathurst,MP06,Fox,Absent,High,28/12/14 22:22,28/12/14,22:22:14,0.93,131,0.91
Persecuted,Bathurst,MP06,Fox,Absent,High,28/12/14 22:22,28/12/14,22:22:17,0.93,131,0.91
Persecuted,Bathurst,MP07,Fox,Absent,High,19/1/15 1:28,19/1/15,1:28:56,0.06,130,0.06
Persecuted,Bathurst,MP07,Fox,Absent,High,16/12/14 2:16,16/12/14,2:16:22,0.09,130,0.11
Persecuted,Bathurst,MP07,Fox,Absent,High,16/12/14 2:16,16/12/14,2:16:26,0.09,130,0.11
Persecuted,Bathurst,MP07,Fox,Absent,High,16/12/14 2:16,16/12/14,2:16:29,0.09,130,0.11
Persecuted,Bathurst,MP07,Fox,Absent,High,2/2/15 2:53,2/2/15,2:53:41,0.12,130,0.12
Persecuted,Bathurst,MP07,Fox,Absent,High,2/2/15 2:53,2/2/15,2:53:45,0.12,130,0.12
Persecuted,Bathurst,MP07,Fox,Absent,High,2/2/15 2:53,2/2/15,2:53:48,0.12,130,0.12
Persecuted,Bathurst,MP07,Fox,Absent,High,3/2/15 2:47,3/2/15,2:47:44,0.12,130,0.12
Persecuted,Bathurst,MP07,Fox,Absent,High,3/2/15 2:47,3/2/15,2:47:47,0.12,130,0.12
Persecuted,Bathurst,MP07,Fox,Absent,High,3/2/15 2:47,3/2/15,2:47:51,0.12,130,0.12
Persecuted,Bathurst,MP07,Fox,Absent,High,29/1/15 2:37,29/1/15,2:37:41,0.11,130,0.12
Persecuted,Bathurst,MP07,Fox,Absent,High,29/1/15 2:37,29/1/15,2:37:45,0.11,130,0.12
Persecuted,Bathurst,MP07,Fox,Absent,High,29/1/15 2:37,29/1/15,2:37:48,0.11,130,0.12
Persecuted,Bathurst,MP07,Fox,Absent,High,29/1/15 2:39,29/1/15,2:39:16,0.11,130,0.12
Persecuted,Bathurst,MP07,Fox,Absent,High,29/1/15 2:39,29/1/15,2:39:19,0.11,130,0.12
Persecuted,Bathurst,MP07,Fox,Absent,High,29/1/15 2:39,29/1/15,2:39:23,0.11,130,0.12
Persecuted,Bathurst,MP07,Fox,Absent,High,28/12/14 2:17,28/12/14,2:17:34,0.1,130,0.12
Persecuted,Bathurst,MP07,Fox,Absent,High,28/12/14 2:17,28/12/14,2:17:37,0.1,130,0.12
Persecuted,Bathurst,MP07,Fox,Absent,High,28/12/14 2:17,28/12/14,2:17:41,0.1,130,0.12
Persecuted,Bathurst,MP07,Fox,Absent,High,10/2/15 3:12,10/2/15,3:12:09,0.13,130,0.13
Persecuted,Bathurst,MP07,Fox,Absent,High,10/2/15 3:12,10/2/15,3:12:13,0.13,130,0.13
Persecuted,Bathurst,MP07,Fox,Absent,High,10/2/15 3:12,10/2/15,3:12:16,0.13,130,0.13
Persecuted,Bathurst,MP07,Fox,Absent,High,2/2/15 3:04,2/2/15,3:04:03,0.13,130,0.13
Persecuted,Bathurst,MP07,Fox,Absent,High,2/2/15 3:04,2/2/15,3:04:06,0.13,130,0.13
Persecuted,Bathurst,MP07,Fox,Absent,High,2/2/15 3:04,2/2/15,3:04:10,0.13,130,0.13
Persecuted,Bathurst,MP07,Fox,Absent,High,24/2/15 4:19,24/2/15,4:19:33,0.18,130,0.18
Persecuted,Bathurst,MP07,Fox,Absent,High,24/2/15 4:19,24/2/15,4:19:36,0.18,130,0.18
Persecuted,Bathurst,MP07,Fox,Absent,High,24/2/15 4:19,24/2/15,4:19:40,0.18,130,0.18
Persecuted,Bathurst,MP07,Fox,Absent,High,5/2/15 6:12,5/2/15,6:12:00,0.26,130,0.27
Persecuted,Bathurst,MP07,Fox,Absent,High,5/2/15 6:12,5/2/15,6:12:04,0.26,130,0.27
Persecuted,Bathurst,MP07,Fox,Absent,High,5/2/15 6:12,5/2/15,6:12:07,0.26,130,0.27
Persecuted,Bathurst,MP07,Fox,Absent,High,2/2/15 6:20,2/2/15,6:20:15,0.26,130,0.27
Persecuted,Bathurst,MP07,Fox,Absent,High,2/2/15 6:20,2/2/15,6:20:18,0.26,130,0.27
Persecuted,Bathurst,MP07,Fox,Absent,High,7/3/15 6:43,7/3/15,6:43:57,0.28,130,0.28
Persecuted,Bathurst,MP07,Fox,Absent,High,7/3/15 6:44,7/3/15,6:44:00,0.28,130,0.28
Persecuted,Bathurst,MP07,Fox,Absent,High,7/3/15 6:44,7/3/15,6:44:03,0.28,130,0.28
Persecuted,Bathurst,MP07,Fox,Absent,High,25/2/15 6:35,25/2/15,6:35:43,0.27,130,0.28
Persecuted,Bathurst,MP07,Fox,Absent,High,25/2/15 6:35,25/2/15,6:35:47,0.27,130,0.28
Persecuted,Bathurst,MP07,Fox,Absent,High,25/2/15 6:35,25/2/15,6:35:50,0.27,130,0.28
Persecuted,Bathurst,MP07,Fox,Absent,High,21/2/15 7:07,21/2/15,7:07:22,0.3,130,0.3
Persecuted,Bathurst,MP07,Fox,Absent,High,21/2/15 7:07,21/2/15,7:07:25,0.3,130,0.3
Persecuted,Bathurst,MP07,Fox,Absent,High,21/2/15 7:07,21/2/15,7:07:28,0.3,130,0.3
Persecuted,Bathurst,MP07,Fox,Absent,High,21/2/15 7:07,21/2/15,7:07:45,0.3,130,0.3
Persecuted,Bathurst,MP07,Fox,Absent,High,21/2/15 7:07,21/2/15,7:07:48,0.3,130,0.3
Persecuted,Bathurst,MP07,Fox,Absent,High,21/2/15 7:07,21/2/15,7:07:51,0.3,130,0.3
Persecuted,Bathurst,MP07,Fox,Absent,High,21/2/15 7:09,21/2/15,7:09:52,0.3,130,0.3
Persecuted,Bathurst,MP07,Fox,Absent,High,21/2/15 7:09,21/2/15,7:09:55,0.3,130,0.3
Persecuted,Bathurst,MP07,Fox,Absent,High,21/2/15 7:09,21/2/15,7:09:58,0.3,130,0.3
Persecuted,Bathurst,MP07,Fox,Absent,High,21/2/15 7:11,21/2/15,7:11:04,0.3,130,0.3
Persecuted,Bathurst,MP07,Fox,Absent,High,21/2/15 7:11,21/2/15,7:11:07,0.3,130,0.3
Persecuted,Bathurst,MP07,Fox,Absent,High,21/2/15 7:11,21/2/15,7:11:09,0.3,130,0.3
Persecuted,Bathurst,MP07,Fox,Absent,High,31/1/15 6:59,31/1/15,6:59:59,0.29,130,0.31
Persecuted,Bathurst,MP07,Fox,Absent,High,31/1/15 7:00,31/1/15,7:00:01,0.29,130,0.31
Persecuted,Bathurst,MP07,Fox,Absent,High,31/1/15 7:00,31/1/15,7:00:04,0.29,130,0.31
Persecuted,Bathurst,MP07,Fox,Absent,High,17/1/15 7:09,17/1/15,7:09:22,0.3,130,0.32
Persecuted,Bathurst,MP07,Fox,Absent,High,17/1/15 7:09,17/1/15,7:09:25,0.3,130,0.32
Persecuted,Bathurst,MP07,Fox,Absent,High,17/1/15 7:09,17/1/15,7:09:27,0.3,130,0.32
Persecuted,Bathurst,MP07,Fox,Absent,High,22/12/14 6:54,22/12/14,6:54:01,0.29,130,0.32
Persecuted,Bathurst,MP07,Fox,Absent,High,22/12/14 6:54,22/12/14,6:54:03,0.29,130,0.32
Persecuted,Bathurst,MP07,Fox,Absent,High,22/12/14 6:54,22/12/14,6:54:06,0.29,130,0.32
Persecuted,Bathurst,MP07,Fox,Absent,High,2/3/15 7:59,2/3/15,7:59:08,0.33,130,0.32
Persecuted,Bathurst,MP07,Fox,Absent,High,2/3/15 7:59,2/3/15,7:59:11,0.33,130,0.32
Persecuted,Bathurst,MP07,Fox,Absent,High,2/3/15 7:59,2/3/15,7:59:14,0.33,130,0.32
Persecuted,Bathurst,MP07,Fox,Absent,High,2/3/15 8:01,2/3/15,8:01:26,0.33,130,0.32
Persecuted,Bathurst,MP07,Fox,Absent,High,2/3/15 8:02,2/3/15,8:02:47,0.34,130,0.33
Persecuted,Bathurst,MP07,Fox,Absent,High,29/1/15 19:27,29/1/15,19:27:26,0.81,130,0.75
Persecuted,Bathurst,MP07,Fox,Absent,High,29/1/15 19:27,29/1/15,19:27:29,0.81,130,0.75
Persecuted,Bathurst,MP07,Fox,Absent,High,29/1/15 19:27,29/1/15,19:27:32,0.81,130,0.75
Persecuted,Bathurst,MP07,Fox,Absent,High,8/2/15 20:32,8/2/15,20:32:19,0.86,130,0.82
Persecuted,Bathurst,MP07,Fox,Absent,High,8/2/15 20:32,8/2/15,20:32:23,0.86,130,0.82
Persecuted,Bathurst,MP07,Fox,Absent,High,8/2/15 20:32,8/2/15,20:32:27,0.86,130,0.82
Persecuted,Bathurst,MP07,Fox,Absent,High,25/1/15 20:52,25/1/15,20:52:57,0.87,130,0.82
Persecuted,Bathurst,MP07,Fox,Absent,High,25/1/15 20:53,25/1/15,20:53:01,0.87,130,0.82
Persecuted,Bathurst,MP07,Fox,Absent,High,25/1/15 21:21,25/1/15,21:21:33,0.89,130,0.85
Persecuted,Bathurst,MP07,Fox,Absent,High,25/1/15 21:21,25/1/15,21:21:37,0.89,130,0.85
Persecuted,Bathurst,MP07,Fox,Absent,High,25/1/15 21:21,25/1/15,21:21:40,0.89,130,0.85
Persecuted,Bathurst,MP07,Fox,Absent,High,5/3/15 21:07,5/3/15,21:07:38,0.88,130,0.87
Persecuted,Bathurst,MP07,Fox,Absent,High,5/3/15 21:07,5/3/15,21:07:42,0.88,130,0.87
Persecuted,Bathurst,MP07,Fox,Absent,High,5/3/15 21:07,5/3/15,21:07:45,0.88,130,0.87
Persecuted,Bathurst,MP07,Fox,Absent,High,8/2/15 21:37,8/2/15,21:37:13,0.9,130,0.87
Persecuted,Bathurst,MP07,Fox,Absent,High,8/2/15 21:37,8/2/15,21:37:16,0.9,130,0.87
Persecuted,Bathurst,MP07,Fox,Absent,High,8/2/15 21:37,8/2/15,21:37:20,0.9,130,0.87
Persecuted,Bathurst,MP07,Fox,Absent,High,5/2/15 21:33,5/2/15,21:33:06,0.9,130,0.87
Persecuted,Bathurst,MP07,Fox,Absent,High,5/2/15 21:33,5/2/15,21:33:09,0.9,130,0.87
Persecuted,Bathurst,MP07,Fox,Absent,High,5/2/15 21:33,5/2/15,21:33:12,0.9,130,0.87
Persecuted,Bathurst,MP07,Fox,Absent,High,27/1/15 22:16,27/1/15,22:16:15,0.93,130,0.9
Persecuted,Bathurst,MP07,Fox,Absent,High,27/1/15 22:16,27/1/15,22:16:18,0.93,130,0.9
Persecuted,Bathurst,MP07,Fox,Absent,High,27/1/15 22:16,27/1/15,22:16:22,0.93,130,0.9
Persecuted,Bathurst,MP07,Fox,Absent,High,12/2/15 22:27,12/2/15,22:27:35,0.94,130,0.91
Persecuted,Bathurst,MP07,Fox,Absent,High,12/2/15 22:27,12/2/15,22:27:39,0.94,130,0.91
Persecuted,Bathurst,MP07,Fox,Absent,High,12/2/15 22:27,12/2/15,22:27:42,0.94,130,0.91
Persecuted,Bathurst,MP07,Fox,Absent,High,10/3/15 22:20,10/3/15,22:20:19,0.93,130,0.92
Persecuted,Bathurst,MP07,Fox,Absent,High,10/3/15 22:20,10/3/15,22:20:23,0.93,130,0.92
Persecuted,Bathurst,MP07,Fox,Absent,High,10/3/15 22:20,10/3/15,22:20:26,0.93,130,0.92
Persecuted,Bathurst,MP07,Fox,Absent,High,20/12/14 22:29,20/12/14,22:29:19,0.94,130,0.92
Persecuted,Bathurst,MP07,Fox,Absent,High,20/12/14 22:29,20/12/14,22:29:23,0.94,130,0.92
Persecuted,Bathurst,MP07,Fox,Absent,High,20/12/14 22:29,20/12/14,22:29:26,0.94,130,0.92
Persecuted,Bathurst,MP07,Fox,Absent,High,20/12/14 23:02,20/12/14,23:02:43,0.96,130,0.94
Persecuted,Bathurst,MP07,Fox,Absent,High,20/12/14 23:02,20/12/14,23:02:46,0.96,130,0.94
Persecuted,Bathurst,MP07,Fox,Absent,High,20/12/14 23:02,20/12/14,23:02:49,0.96,130,0.94
Persecuted,Bathurst,MP07,Fox,Absent,High,28/12/14 23:30,28/12/14,23:30:07,0.98,130,0.97
Persecuted,Bathurst,MP07,Fox,Absent,High,28/12/14 23:30,28/12/14,23:30:10,0.98,130,0.97
Persecuted,Bathurst,MP07,Fox,Absent,High,28/12/14 23:30,28/12/14,23:30:14,0.98,130,0.97
Persecuted,Bathurst,MP07,Fox,Absent,High,30/1/15 0:06,30/1/15,0:06:52,0,130,0.98
Persecuted,Bathurst,MP07,Fox,Absent,High,30/1/15 0:06,30/1/15,0:06:55,0,130,0.98
Persecuted,Bathurst,MP08,Fox,Absent,High,19/2/15 2:52,19/2/15,2:52:03,0.12,131,0.12
Persecuted,Bathurst,MP08,Fox,Absent,High,19/2/15 2:52,19/2/15,2:52:06,0.12,131,0.12
Persecuted,Bathurst,MP08,Fox,Absent,High,19/2/15 2:52,19/2/15,2:52:10,0.12,131,0.12
Persecuted,Bathurst,MP08,Fox,Absent,High,26/11/14 2:26,26/11/14,2:26:04,0.1,131,0.12
Persecuted,Bathurst,MP08,Fox,Absent,High,26/11/14 2:26,26/11/14,2:26:08,0.1,131,0.12
Persecuted,Bathurst,MP08,Fox,Absent,High,26/11/14 2:26,26/11/14,2:26:12,0.1,131,0.12
Persecuted,Bathurst,MP08,Fox,Absent,High,11/3/15 5:41,11/3/15,5:41:41,0.24,131,0.24
Persecuted,Bathurst,MP08,Fox,Absent,High,11/3/15 5:41,11/3/15,5:41:44,0.24,131,0.24
Persecuted,Bathurst,MP08,Fox,Absent,High,11/3/15 5:41,11/3/15,5:41:48,0.24,131,0.24
Persecuted,Bathurst,MP08,Fox,Absent,High,12/3/15 5:59,12/3/15,5:59:51,0.25,131,0.25
Persecuted,Bathurst,MP08,Fox,Absent,High,12/3/15 5:59,12/3/15,5:59:55,0.25,131,0.25
Persecuted,Bathurst,MP08,Fox,Absent,High,12/3/15 5:59,12/3/15,5:59:58,0.25,131,0.25
Persecuted,Bathurst,MP08,Fox,Absent,High,12/1/15 6:11,12/1/15,6:11:32,0.26,131,0.28
Persecuted,Bathurst,MP08,Fox,Absent,High,12/1/15 6:11,12/1/15,6:11:35,0.26,131,0.28
Persecuted,Bathurst,MP08,Fox,Absent,High,12/1/15 6:11,12/1/15,6:11:38,0.26,131,0.28
Persecuted,Bathurst,MP08,Fox,Absent,High,1/3/15 7:03,1/3/15,7:03:20,0.29,131,0.28
Persecuted,Bathurst,MP08,Fox,Absent,High,1/3/15 7:03,1/3/15,7:03:23,0.29,131,0.28
Persecuted,Bathurst,MP08,Fox,Absent,High,1/3/15 7:03,1/3/15,7:03:26,0.29,131,0.28
Persecuted,Bathurst,MP08,Fox,Absent,High,1/3/15 7:04,1/3/15,7:04:28,0.29,131,0.28
Persecuted,Bathurst,MP08,Fox,Absent,High,1/3/15 7:04,1/3/15,7:04:31,0.29,131,0.28
Persecuted,Bathurst,MP08,Fox,Absent,High,1/3/15 7:04,1/3/15,7:04:34,0.29,131,0.28
Persecuted,Bathurst,MP08,Fox,Absent,High,6/3/15 7:35,6/3/15,7:35:26,0.32,131,0.31
Persecuted,Bathurst,MP08,Fox,Absent,High,6/3/15 7:35,6/3/15,7:35:29,0.32,131,0.31
Persecuted,Bathurst,MP08,Fox,Absent,High,6/3/15 7:35,6/3/15,7:35:31,0.32,131,0.31
Persecuted,Bathurst,MP08,Fox,Absent,High,6/3/15 7:37,6/3/15,7:37:34,0.32,131,0.31
Persecuted,Bathurst,MP08,Fox,Absent,High,6/3/15 7:37,6/3/15,7:37:37,0.32,131,0.31
Persecuted,Bathurst,MP08,Fox,Absent,High,6/3/15 7:37,6/3/15,7:37:39,0.32,131,0.31
Persecuted,Bathurst,MP08,Fox,Absent,High,22/12/14 8:08,22/12/14,8:08:37,0.34,131,0.36
Persecuted,Bathurst,MP08,Fox,Absent,High,22/12/14 8:08,22/12/14,8:08:39,0.34,131,0.36
Persecuted,Bathurst,MP08,Fox,Absent,High,22/12/14 8:08,22/12/14,8:08:42,0.34,131,0.36
Persecuted,Bathurst,MP08,Fox,Absent,High,23/1/15 8:42,23/1/15,8:42:04,0.36,131,0.37
Persecuted,Bathurst,MP08,Fox,Absent,High,23/1/15 8:42,23/1/15,8:42:06,0.36,131,0.37
Persecuted,Bathurst,MP08,Fox,Absent,High,23/1/15 8:42,23/1/15,8:42:09,0.36,131,0.37
Persecuted,Bathurst,MP08,Fox,Absent,High,12/3/15 9:11,12/3/15,9:11:43,0.38,131,0.37
Persecuted,Bathurst,MP08,Fox,Absent,High,12/3/15 9:11,12/3/15,9:11:45,0.38,131,0.37
Persecuted,Bathurst,MP08,Fox,Absent,High,12/3/15 9:11,12/3/15,9:11:48,0.38,131,0.37
Persecuted,Bathurst,MP08,Fox,Absent,High,24/2/15 9:06,24/2/15,9:06:20,0.38,131,0.38
Persecuted,Bathurst,MP08,Fox,Absent,High,24/2/15 9:06,24/2/15,9:06:22,0.38,131,0.38
Persecuted,Bathurst,MP08,Fox,Absent,High,24/2/15 9:06,24/2/15,9:06:25,0.38,131,0.38
Persecuted,Bathurst,MP08,Fox,Absent,High,31/12/14 18:31,31/12/14,18:31:18,0.77,131,0.72
Persecuted,Bathurst,MP08,Fox,Absent,High,31/12/14 18:31,31/12/14,18:31:20,0.77,131,0.72
Persecuted,Bathurst,MP08,Fox,Absent,High,31/12/14 18:31,31/12/14,18:31:23,0.77,131,0.72
Persecuted,Bathurst,MP08,Fox,Absent,High,11/11/14 19:56,11/11/14,19:56:58,0.83,131,0.8
Persecuted,Bathurst,MP08,Fox,Absent,High,11/11/14 19:57,11/11/14,19:57:02,0.83,131,0.8
Persecuted,Bathurst,MP08,Fox,Absent,High,11/11/14 19:57,11/11/14,19:57:06,0.83,131,0.8
Persecuted,Bathurst,MP08,Fox,Absent,High,9/12/14 20:23,9/12/14,20:23:29,0.85,131,0.81
Persecuted,Bathurst,MP08,Fox,Absent,High,9/12/14 20:23,9/12/14,20:23:33,0.85,131,0.81
Persecuted,Bathurst,MP08,Fox,Absent,High,9/12/14 20:23,9/12/14,20:23:36,0.85,131,0.81
Persecuted,Bathurst,MP08,Fox,Absent,High,4/12/14 22:30,4/12/14,22:30:36,0.94,131,0.92
Persecuted,Bathurst,MP08,Fox,Absent,High,4/12/14 22:30,4/12/14,22:30:40,0.94,131,0.92
Persecuted,Bathurst,MP08,Fox,Absent,High,4/12/14 22:30,4/12/14,22:30:43,0.94,131,0.92
Persecuted,Bathurst,MP08,Fox,Absent,High,29/11/14 22:30,29/11/14,22:30:14,0.94,131,0.93
Persecuted,Bathurst,MP08,Fox,Absent,High,29/11/14 22:30,29/11/14,22:30:18,0.94,131,0.93
Persecuted,Bathurst,MP08,Fox,Absent,High,29/11/14 22:30,29/11/14,22:30:21,0.94,131,0.93
Persecuted,Bathurst,MP08,Fox,Absent,High,26/1/15 22:57,26/1/15,22:57:49,0.96,131,0.93
Persecuted,Bathurst,MP08,Fox,Absent,High,26/1/15 22:57,26/1/15,22:57:52,0.96,131,0.93
Persecuted,Bathurst,MP08,Fox,Absent,High,26/1/15 22:57,26/1/15,22:57:55,0.96,131,0.93
Persecuted,Bathurst,MP08,Fox,Absent,High,28/11/14 22:41,28/11/14,22:41:50,0.95,131,0.95
Persecuted,Bathurst,MP08,Fox,Absent,High,28/11/14 22:41,28/11/14,22:41:54,0.95,131,0.95
Persecuted,Bathurst,MP08,Fox,Absent,High,28/11/14 22:41,28/11/14,22:41:57,0.95,131,0.95
Persecuted,Bathurst,MP08,Fox,Absent,High,12/12/14 23:25,12/12/14,23:25:33,0.98,131,0.97
Persecuted,Bathurst,MP08,Fox,Absent,High,12/12/14 23:25,12/12/14,23:25:37,0.98,131,0.97
Persecuted,Bathurst,MP08,Fox,Absent,High,12/12/14 23:25,12/12/14,23:25:40,0.98,131,0.97
Persecuted,Bathurst,MP08,Fox,Absent,High,14/2/15 0:20,14/2/15,0:20:40,0.01,131,0.99
Persecuted,Bathurst,MP08,Fox,Absent,High,14/2/15 0:20,14/2/15,0:20:44,0.01,131,0.99
Persecuted,Bathurst,MP08,Fox,Absent,High,14/2/15 0:20,14/2/15,0:20:47,0.01,131,0.99
Persecuted,Bathurst,MP09,Fox,Absent,High,6/12/14 4:03,6/12/14,4:03:08,0.17,130,0.21
Persecuted,Bathurst,MP09,Fox,Absent,High,6/12/14 4:03,6/12/14,4:03:12,0.17,130,0.21
Persecuted,Bathurst,MP09,Fox,Absent,High,16/12/14 20:10,16/12/14,20:10:05,0.84,130,0.8
Persecuted,Bathurst,MP09,Fox,Absent,High,16/12/14 20:10,16/12/14,20:10:08,0.84,130,0.8
Persecuted,Bathurst,MP09,Fox,Absent,High,25/1/15 20:23,25/1/15,20:23:45,0.85,130,0.8
Persecuted,Bathurst,MP09,Fox,Absent,High,25/1/15 20:23,25/1/15,20:23:48,0.85,130,0.8
Persecuted,Bathurst,MP09,Fox,Absent,High,25/1/15 20:23,25/1/15,20:23:52,0.85,130,0.8
Persecuted,Bathurst,MP09,Fox,Absent,High,8/12/14 20:22,8/12/14,20:22:53,0.85,130,0.81
Persecuted,Bathurst,MP09,Fox,Absent,High,8/12/14 20:22,8/12/14,20:22:56,0.85,130,0.81
Persecuted,Bathurst,MP09,Fox,Absent,High,8/12/14 20:22,8/12/14,20:22:59,0.85,130,0.81
Persecuted,Bathurst,MP09,Fox,Absent,High,17/11/14 20:44,17/11/14,20:44:26,0.86,130,0.84
Persecuted,Bathurst,MP09,Fox,Absent,High,17/11/14 20:44,17/11/14,20:44:29,0.86,130,0.84
Persecuted,Bathurst,MP09,Fox,Absent,High,17/11/14 20:44,17/11/14,20:44:33,0.86,130,0.84
Persecuted,Bathurst,MP09,Fox,Absent,High,13/12/14 22:26,13/12/14,22:26:16,0.93,130,0.91
Persecuted,Bathurst,MP09,Fox,Absent,High,13/12/14 22:26,13/12/14,22:26:20,0.93,130,0.91
Persecuted,Bathurst,MP09,Fox,Absent,High,13/12/14 22:26,13/12/14,22:26:23,0.93,130,0.91
Persecuted,Bathurst,MP10,Fox,Absent,High,30/11/14 23:57,30/11/14,23:57:37,1,131,0
Persecuted,Bathurst,MP10,Fox,Absent,High,30/11/14 23:57,30/11/14,23:57:41,1,131,0
Persecuted,Bathurst,MP10,Fox,Absent,High,30/11/14 23:57,30/11/14,23:57:44,1,131,0
Persecuted,Bathurst,MP10,Fox,Absent,High,9/3/15 9:11,9/3/15,9:11:35,0.38,131,0.37
Persecuted,Bathurst,MP10,Fox,Absent,High,9/3/15 9:11,9/3/15,9:11:38,0.38,131,0.37
Persecuted,Bathurst,MP10,Fox,Absent,High,9/3/15 9:11,9/3/15,9:11:40,0.38,131,0.37
Persecuted,Bathurst,MP10,Fox,Absent,High,20/11/14 23:01,20/11/14,23:01:40,0.96,131,0.96
Persecuted,Bathurst,MP10,Fox,Absent,High,20/11/14 23:01,20/11/14,23:01:43,0.96,131,0.96
Persecuted,Bathurst,MP10,Fox,Absent,High,20/11/14 23:01,20/11/14,23:01:47,0.96,131,0.96
Persecuted,Bathurst,MP11,Fox,Absent,High,13/12/14 0:35,13/12/14,0:35:07,0.02,130,0.02
Persecuted,Bathurst,MP11,Fox,Absent,High,13/12/14 0:35,13/12/14,0:35:11,0.02,130,0.02
Persecuted,Bathurst,MP11,Fox,Absent,High,13/12/14 0:35,13/12/14,0:35:14,0.02,130,0.02
Persecuted,Bathurst,MP11,Fox,Absent,High,19/12/14 0:46,19/12/14,0:46:00,0.03,130,0.03
Persecuted,Bathurst,MP11,Fox,Absent,High,19/12/14 0:46,19/12/14,0:46:03,0.03,130,0.03
Persecuted,Bathurst,MP11,Fox,Absent,High,19/12/14 0:46,19/12/14,0:46:07,0.03,130,0.03
Persecuted,Bathurst,MP11,Fox,Absent,High,24/2/15 1:05,24/2/15,1:05:41,0.05,130,0.04
Persecuted,Bathurst,MP11,Fox,Absent,High,24/2/15 1:05,24/2/15,1:05:44,0.05,130,0.04
Persecuted,Bathurst,MP11,Fox,Absent,High,24/2/15 1:06,24/2/15,1:06:03,0.05,130,0.04
Persecuted,Bathurst,MP11,Fox,Absent,High,24/2/15 1:06,24/2/15,1:06:07,0.05,130,0.04
Persecuted,Bathurst,MP11,Fox,Absent,High,24/2/15 1:06,24/2/15,1:06:10,0.05,130,0.04
Persecuted,Bathurst,MP11,Fox,Absent,High,10/3/15 1:21,10/3/15,1:21:17,0.06,130,0.05
Persecuted,Bathurst,MP11,Fox,Absent,High,10/3/15 1:21,10/3/15,1:21:21,0.06,130,0.05
Persecuted,Bathurst,MP11,Fox,Absent,High,10/3/15 1:21,10/3/15,1:21:25,0.06,130,0.05
Persecuted,Bathurst,MP11,Fox,Absent,High,19/2/15 1:58,19/2/15,1:58:59,0.08,130,0.07
Persecuted,Bathurst,MP11,Fox,Absent,High,19/2/15 1:59,19/2/15,1:59:02,0.08,130,0.07
Persecuted,Bathurst,MP11,Fox,Absent,High,19/2/15 1:59,19/2/15,1:59:06,0.08,130,0.07
Persecuted,Bathurst,MP11,Fox,Absent,High,21/11/14 1:44,21/11/14,1:44:10,0.07,130,0.09
Persecuted,Bathurst,MP11,Fox,Absent,High,21/11/14 1:44,21/11/14,1:44:14,0.07,130,0.09
Persecuted,Bathurst,MP11,Fox,Absent,High,21/11/14 1:44,21/11/14,1:44:17,0.07,130,0.09
Persecuted,Bathurst,MP11,Fox,Absent,High,11/2/15 4:25,11/2/15,4:25:03,0.18,130,0.18
Persecuted,Bathurst,MP11,Fox,Absent,High,11/2/15 4:25,11/2/15,4:25:07,0.18,130,0.18
Persecuted,Bathurst,MP11,Fox,Absent,High,11/2/15 4:25,11/2/15,4:25:10,0.18,130,0.18
Persecuted,Bathurst,MP11,Fox,Absent,High,9/3/15 4:30,9/3/15,4:30:04,0.19,130,0.18
Persecuted,Bathurst,MP11,Fox,Absent,High,9/3/15 4:30,9/3/15,4:30:08,0.19,130,0.18
Persecuted,Bathurst,MP11,Fox,Absent,High,9/3/15 4:30,9/3/15,4:30:11,0.19,130,0.18
Persecuted,Bathurst,MP11,Fox,Absent,High,1/3/15 5:31,1/3/15,5:31:38,0.23,130,0.23
Persecuted,Bathurst,MP11,Fox,Absent,High,1/3/15 5:31,1/3/15,5:31:57,0.23,130,0.23
Persecuted,Bathurst,MP11,Fox,Absent,High,17/12/14 4:42,17/12/14,4:42:11,0.2,130,0.24
Persecuted,Bathurst,MP11,Fox,Absent,High,17/12/14 4:42,17/12/14,4:42:14,0.2,130,0.24
Persecuted,Bathurst,MP11,Fox,Absent,High,6/3/15 11:50,6/3/15,11:50:44,0.49,130,0.48
Persecuted,Bathurst,MP11,Fox,Absent,High,6/3/15 11:50,6/3/15,11:50:47,0.49,130,0.48
Persecuted,Bathurst,MP11,Fox,Absent,High,6/3/15 11:50,6/3/15,11:50:49,0.49,130,0.48
Persecuted,Bathurst,MP11,Fox,Absent,High,6/3/15 12:11,6/3/15,12:11:17,0.51,130,0.5
Persecuted,Bathurst,MP11,Fox,Absent,High,6/3/15 12:11,6/3/15,12:11:19,0.51,130,0.5
Persecuted,Bathurst,MP11,Fox,Absent,High,6/3/15 12:11,6/3/15,12:11:22,0.51,130,0.5
Persecuted,Bathurst,MP11,Fox,Absent,High,6/3/15 12:12,6/3/15,12:12:59,0.51,130,0.5
Persecuted,Bathurst,MP11,Fox,Absent,High,6/3/15 12:13,6/3/15,12:13:02,0.51,130,0.5
Persecuted,Bathurst,MP11,Fox,Absent,High,6/3/15 12:13,6/3/15,12:13:05,0.51,130,0.5
Persecuted,Bathurst,MP11,Fox,Absent,High,6/3/15 12:41,6/3/15,12:41:03,0.53,130,0.52
Persecuted,Bathurst,MP11,Fox,Absent,High,6/3/15 12:41,6/3/15,12:41:06,0.53,130,0.52
Persecuted,Bathurst,MP11,Fox,Absent,High,6/3/15 12:41,6/3/15,12:41:09,0.53,130,0.52
Persecuted,Bathurst,MP11,Fox,Absent,High,14/1/15 18:14,14/1/15,18:14:18,0.76,130,0.71
Persecuted,Bathurst,MP11,Fox,Absent,High,14/1/15 18:14,14/1/15,18:14:20,0.76,130,0.71
Persecuted,Bathurst,MP11,Fox,Absent,High,14/1/15 18:14,14/1/15,18:14:23,0.76,130,0.71
Persecuted,Bathurst,MP11,Fox,Absent,High,6/11/14 19:44,6/11/14,19:44:48,0.82,130,0.79
Persecuted,Bathurst,MP11,Fox,Absent,High,6/11/14 19:44,6/11/14,19:44:52,0.82,130,0.79
Persecuted,Bathurst,MP11,Fox,Absent,High,6/11/14 19:44,6/11/14,19:44:55,0.82,130,0.79
Persecuted,Bathurst,MP11,Fox,Absent,High,5/12/14 20:16,5/12/14,20:16:04,0.84,130,0.8
Persecuted,Bathurst,MP11,Fox,Absent,High,5/12/14 20:16,5/12/14,20:16:08,0.84,130,0.8
Persecuted,Bathurst,MP11,Fox,Absent,High,5/12/14 20:16,5/12/14,20:16:11,0.84,130,0.8
Persecuted,Bathurst,MP11,Fox,Absent,High,10/11/14 20:08,10/11/14,20:08:07,0.84,130,0.82
Persecuted,Bathurst,MP11,Fox,Absent,High,10/11/14 20:08,10/11/14,20:08:10,0.84,130,0.82
Persecuted,Bathurst,MP11,Fox,Absent,High,10/11/14 20:08,10/11/14,20:08:14,0.84,130,0.82
Persecuted,Bathurst,MP11,Fox,Absent,High,7/3/15 20:08,7/3/15,20:08:51,0.84,130,0.82
Persecuted,Bathurst,MP11,Fox,Absent,High,7/3/15 20:08,7/3/15,20:08:54,0.84,130,0.82
Persecuted,Bathurst,MP11,Fox,Absent,High,7/3/15 20:08,7/3/15,20:08:58,0.84,130,0.82
Persecuted,Bathurst,MP11,Fox,Absent,High,17/2/15 20:56,17/2/15,20:56:05,0.87,130,0.84
Persecuted,Bathurst,MP11,Fox,Absent,High,17/2/15 20:56,17/2/15,20:56:09,0.87,130,0.84
Persecuted,Bathurst,MP11,Fox,Absent,High,17/2/15 20:56,17/2/15,20:56:13,0.87,130,0.84
Persecuted,Bathurst,MP11,Fox,Absent,High,9/11/14 20:40,9/11/14,20:40:02,0.86,130,0.84
Persecuted,Bathurst,MP11,Fox,Absent,High,9/11/14 20:40,9/11/14,20:40:05,0.86,130,0.84
Persecuted,Bathurst,MP11,Fox,Absent,High,9/11/14 20:40,9/11/14,20:40:09,0.86,130,0.84
Persecuted,Bathurst,MP11,Fox,Absent,High,18/11/14 21:11,18/11/14,21:11:15,0.88,130,0.86
Persecuted,Bathurst,MP11,Fox,Absent,High,18/11/14 21:11,18/11/14,21:11:18,0.88,130,0.86
Persecuted,Bathurst,MP11,Fox,Absent,High,18/11/14 21:11,18/11/14,21:11:22,0.88,130,0.86
Persecuted,Bathurst,MP11,Fox,Absent,High,22/2/15 21:39,22/2/15,21:39:51,0.9,130,0.87
Persecuted,Bathurst,MP11,Fox,Absent,High,22/2/15 21:39,22/2/15,21:39:54,0.9,130,0.87
Persecuted,Bathurst,MP11,Fox,Absent,High,22/2/15 21:39,22/2/15,21:39:58,0.9,130,0.87
Persecuted,Bathurst,MP11,Fox,Absent,High,16/12/14 21:33,16/12/14,21:33:42,0.9,130,0.87
Persecuted,Bathurst,MP11,Fox,Absent,High,16/12/14 21:33,16/12/14,21:33:45,0.9,130,0.87
Persecuted,Bathurst,MP11,Fox,Absent,High,16/12/14 21:33,16/12/14,21:33:49,0.9,130,0.87
Persecuted,Bathurst,MP11,Fox,Absent,High,17/2/15 21:39,17/2/15,21:39:08,0.9,130,0.87
Persecuted,Bathurst,MP11,Fox,Absent,High,17/2/15 21:39,17/2/15,21:39:11,0.9,130,0.87
Persecuted,Bathurst,MP11,Fox,Absent,High,17/2/15 21:39,17/2/15,21:39:15,0.9,130,0.87
Persecuted,Bathurst,MP11,Fox,Absent,High,5/3/15 22:44,5/3/15,22:44:50,0.95,130,0.94
Persecuted,Bathurst,MP11,Fox,Absent,High,5/3/15 22:44,5/3/15,22:44:54,0.95,130,0.94
Persecuted,Bathurst,MP11,Fox,Absent,High,5/3/15 22:44,5/3/15,22:44:57,0.95,130,0.94
Persecuted,Bathurst,MP11,Fox,Absent,High,16/11/14 22:45,16/11/14,22:45:27,0.95,130,0.95
Persecuted,Bathurst,MP11,Fox,Absent,High,16/11/14 22:45,16/11/14,22:45:31,0.95,130,0.95
Persecuted,Bathurst,MP11,Fox,Absent,High,16/11/14 22:45,16/11/14,22:45:35,0.95,130,0.95
Persecuted,Bathurst,MP11,Fox,Absent,High,16/2/15 23:25,16/2/15,23:25:17,0.98,130,0.96
Persecuted,Bathurst,MP11,Fox,Absent,High,16/2/15 23:25,16/2/15,23:25:20,0.98,130,0.96
Persecuted,Bathurst,MP11,Fox,Absent,High,16/2/15 23:25,16/2/15,23:25:23,0.98,130,0.96
Persecuted,Bathurst,MP11,Fox,Absent,High,8/3/15 23:26,8/3/15,23:26:51,0.98,130,0.97
Persecuted,Bathurst,MP11,Fox,Absent,High,8/3/15 23:26,8/3/15,23:26:54,0.98,130,0.97
Persecuted,Bathurst,MP11,Fox,Absent,High,8/3/15 23:26,8/3/15,23:26:58,0.98,130,0.97
Persecuted,Bathurst,MP11,Fox,Absent,High,8/3/15 23:27,8/3/15,23:27:40,0.98,130,0.97
Persecuted,Bathurst,MP11,Fox,Absent,High,8/3/15 23:27,8/3/15,23:27:44,0.98,130,0.97
Persecuted,Bathurst,MP11,Fox,Absent,High,8/3/15 23:27,8/3/15,23:27:47,0.98,130,0.97
Persecuted,Bathurst,MP11,Fox,Absent,High,11/11/14 23:11,11/11/14,23:11:05,0.97,130,0.97
Persecuted,Bathurst,MP11,Fox,Absent,High,11/11/14 23:11,11/11/14,23:11:08,0.97,130,0.97
Persecuted,Bathurst,MP11,Fox,Absent,High,11/11/14 23:11,11/11/14,23:11:12,0.97,130,0.97
Persecuted,Bathurst,MP11,Fox,Absent,High,29/11/14 23:39,29/11/14,23:39:23,0.99,130,0.99
Persecuted,Bathurst,MP11,Fox,Absent,High,29/11/14 23:39,29/11/14,23:39:27,0.99,130,0.99
Persecuted,Bathurst,MP11,Fox,Absent,High,29/11/14 23:39,29/11/14,23:39:30,0.99,130,0.99
Persecuted,Bathurst,MP12,Fox,Absent,High,10/1/15 0:49,10/1/15,0:49:59,0.03,131,0.02
Persecuted,Bathurst,MP12,Fox,Absent,High,10/1/15 0:50,10/1/15,0:50:03,0.03,131,0.02
Persecuted,Bathurst,MP12,Fox,Absent,High,10/1/15 0:50,10/1/15,0:50:06,0.03,131,0.02
Persecuted,Bathurst,MP12,Fox,Absent,High,18/1/15 0:51,18/1/15,0:51:14,0.04,131,0.03
Persecuted,Bathurst,MP12,Fox,Absent,High,18/1/15 0:51,18/1/15,0:51:17,0.04,131,0.03
Persecuted,Bathurst,MP12,Fox,Absent,High,18/1/15 0:51,18/1/15,0:51:21,0.04,131,0.03
Persecuted,Bathurst,MP12,Fox,Absent,High,24/12/14 1:08,24/12/14,1:08:35,0.05,131,0.06
Persecuted,Bathurst,MP12,Fox,Absent,High,24/12/14 1:08,24/12/14,1:08:38,0.05,131,0.06
Persecuted,Bathurst,MP12,Fox,Absent,High,24/12/14 1:08,24/12/14,1:08:42,0.05,131,0.06
Persecuted,Bathurst,MP12,Fox,Absent,High,30/12/14 1:13,30/12/14,1:13:50,0.05,131,0.06
Persecuted,Bathurst,MP12,Fox,Absent,High,30/12/14 1:13,30/12/14,1:13:53,0.05,131,0.06
Persecuted,Bathurst,MP12,Fox,Absent,High,30/12/14 1:13,30/12/14,1:13:57,0.05,131,0.06
Persecuted,Bathurst,MP12,Fox,Absent,High,30/12/14 1:15,30/12/14,1:15:45,0.05,131,0.06
Persecuted,Bathurst,MP12,Fox,Absent,High,30/12/14 1:15,30/12/14,1:15:49,0.05,131,0.06
Persecuted,Bathurst,MP12,Fox,Absent,High,16/1/15 1:47,16/1/15,1:47:15,0.07,131,0.07
Persecuted,Bathurst,MP12,Fox,Absent,High,16/1/15 1:47,16/1/15,1:47:19,0.07,131,0.07
Persecuted,Bathurst,MP12,Fox,Absent,High,16/1/15 1:47,16/1/15,1:47:22,0.07,131,0.07
Persecuted,Bathurst,MP12,Fox,Absent,High,29/11/14 2:18,29/11/14,2:18:00,0.1,131,0.12
Persecuted,Bathurst,MP12,Fox,Absent,High,29/11/14 2:18,29/11/14,2:18:03,0.1,131,0.12
Persecuted,Bathurst,MP12,Fox,Absent,High,29/11/14 2:18,29/11/14,2:18:07,0.1,131,0.12
Persecuted,Bathurst,MP12,Fox,Absent,High,17/1/15 19:39,17/1/15,19:39:40,0.82,131,0.76
Persecuted,Bathurst,MP12,Fox,Absent,High,17/1/15 19:39,17/1/15,19:39:42,0.82,131,0.76
Persecuted,Bathurst,MP12,Fox,Absent,High,6/12/14 19:59,6/12/14,19:59:59,0.83,131,0.78
Persecuted,Bathurst,MP12,Fox,Absent,High,1/12/14 20:09,1/12/14,20:09:40,0.84,131,0.8
Persecuted,Bathurst,MP12,Fox,Absent,High,1/12/14 20:09,1/12/14,20:09:43,0.84,131,0.8
Persecuted,Bathurst,MP12,Fox,Absent,High,1/12/14 20:09,1/12/14,20:09:46,0.84,131,0.8
Persecuted,Bathurst,MP12,Fox,Absent,High,15/1/15 20:23,15/1/15,20:23:27,0.85,131,0.8
Persecuted,Bathurst,MP12,Fox,Absent,High,15/1/15 20:23,15/1/15,20:23:30,0.85,131,0.8
Persecuted,Bathurst,MP12,Fox,Absent,High,15/1/15 20:23,15/1/15,20:23:33,0.85,131,0.8
Persecuted,Bathurst,MP12,Fox,Absent,High,14/1/15 20:22,14/1/15,20:22:41,0.85,131,0.8
Persecuted,Bathurst,MP12,Fox,Absent,High,14/1/15 20:22,14/1/15,20:22:44,0.85,131,0.8
Persecuted,Bathurst,MP12,Fox,Absent,High,14/1/15 20:22,14/1/15,20:22:47,0.85,131,0.8
Persecuted,Bathurst,MP12,Fox,Absent,High,11/2/15 20:07,11/2/15,20:07:59,0.84,131,0.8
Persecuted,Bathurst,MP12,Fox,Absent,High,11/2/15 20:08,11/2/15,20:08:02,0.84,131,0.8
Persecuted,Bathurst,MP12,Fox,Absent,High,11/2/15 20:08,11/2/15,20:08:06,0.84,131,0.8
Persecuted,Bathurst,MP12,Fox,Absent,High,21/12/14 20:17,21/12/14,20:17:09,0.85,131,0.81
Persecuted,Bathurst,MP12,Fox,Absent,High,21/12/14 20:17,21/12/14,20:17:13,0.85,131,0.81
Persecuted,Bathurst,MP12,Fox,Absent,High,21/12/14 20:17,21/12/14,20:17:16,0.85,131,0.81
Persecuted,Bathurst,MP12,Fox,Absent,High,7/12/14 20:26,7/12/14,20:26:27,0.85,131,0.81
Persecuted,Bathurst,MP12,Fox,Absent,High,7/12/14 20:26,7/12/14,20:26:31,0.85,131,0.81
Persecuted,Bathurst,MP12,Fox,Absent,High,7/12/14 20:26,7/12/14,20:26:34,0.85,131,0.81
Persecuted,Bathurst,MP12,Fox,Absent,High,14/1/15 20:34,14/1/15,20:34:33,0.86,131,0.81
Persecuted,Bathurst,MP12,Fox,Absent,High,14/1/15 20:34,14/1/15,20:34:37,0.86,131,0.81
Persecuted,Bathurst,MP12,Fox,Absent,High,14/1/15 20:34,14/1/15,20:34:40,0.86,131,0.81
Persecuted,Bathurst,MP12,Fox,Absent,High,30/12/14 20:34,30/12/14,20:34:55,0.86,131,0.82
Persecuted,Bathurst,MP12,Fox,Absent,High,30/12/14 20:34,30/12/14,20:34:59,0.86,131,0.82
Persecuted,Bathurst,MP12,Fox,Absent,High,23/12/14 20:39,23/12/14,20:39:17,0.86,131,0.82
Persecuted,Bathurst,MP12,Fox,Absent,High,23/12/14 20:39,23/12/14,20:39:20,0.86,131,0.82
Persecuted,Bathurst,MP12,Fox,Absent,High,23/12/14 20:39,23/12/14,20:39:24,0.86,131,0.82
Persecuted,Bathurst,MP12,Fox,Absent,High,10/2/15 20:59,10/2/15,20:59:42,0.87,131,0.84
Persecuted,Bathurst,MP12,Fox,Absent,High,10/2/15 20:59,10/2/15,20:59:45,0.87,131,0.84
Persecuted,Bathurst,MP12,Fox,Absent,High,10/2/15 20:59,10/2/15,20:59:49,0.87,131,0.84
Persecuted,Bathurst,MP12,Fox,Absent,High,15/1/15 21:10,15/1/15,21:10:12,0.88,131,0.84
Persecuted,Bathurst,MP12,Fox,Absent,High,15/1/15 21:10,15/1/15,21:10:16,0.88,131,0.84
Persecuted,Bathurst,MP12,Fox,Absent,High,15/1/15 21:10,15/1/15,21:10:19,0.88,131,0.84
Persecuted,Bathurst,MP12,Fox,Absent,High,3/1/15 21:25,3/1/15,21:25:30,0.89,131,0.85
Persecuted,Bathurst,MP12,Fox,Absent,High,3/1/15 21:25,3/1/15,21:25:33,0.89,131,0.85
Persecuted,Bathurst,MP12,Fox,Absent,High,3/1/15 21:25,3/1/15,21:25:37,0.89,131,0.85
Persecuted,Bathurst,MP12,Fox,Absent,High,8/1/15 21:17,8/1/15,21:17:51,0.89,131,0.85
Persecuted,Bathurst,MP12,Fox,Absent,High,8/1/15 21:17,8/1/15,21:17:54,0.89,131,0.85
Persecuted,Bathurst,MP12,Fox,Absent,High,8/1/15 21:17,8/1/15,21:17:58,0.89,131,0.85
Persecuted,Bathurst,MP12,Fox,Absent,High,3/1/15 21:39,3/1/15,21:39:13,0.9,131,0.86
Persecuted,Bathurst,MP12,Fox,Absent,High,3/1/15 21:39,3/1/15,21:39:16,0.9,131,0.86
Persecuted,Bathurst,MP12,Fox,Absent,High,3/1/15 21:39,3/1/15,21:39:20,0.9,131,0.86
Persecuted,Bathurst,MP12,Fox,Absent,High,24/11/14 21:09,24/11/14,21:09:38,0.88,131,0.86
Persecuted,Bathurst,MP12,Fox,Absent,High,24/11/14 21:09,24/11/14,21:09:42,0.88,131,0.86
Persecuted,Bathurst,MP12,Fox,Absent,High,24/11/14 21:09,24/11/14,21:09:45,0.88,131,0.86
Persecuted,Bathurst,MP12,Fox,Absent,High,19/12/14 21:39,19/12/14,21:39:09,0.9,131,0.87
Persecuted,Bathurst,MP12,Fox,Absent,High,19/12/14 21:39,19/12/14,21:39:12,0.9,131,0.87
Persecuted,Bathurst,MP12,Fox,Absent,High,19/12/14 21:39,19/12/14,21:39:16,0.9,131,0.87
Persecuted,Bathurst,MP12,Fox,Absent,High,3/1/15 21:49,3/1/15,21:49:52,0.91,131,0.87
Persecuted,Bathurst,MP12,Fox,Absent,High,3/1/15 21:49,3/1/15,21:49:55,0.91,131,0.87
Persecuted,Bathurst,MP12,Fox,Absent,High,3/1/15 21:49,3/1/15,21:49:59,0.91,131,0.87
Persecuted,Bathurst,MP12,Fox,Absent,High,13/11/14 21:28,13/11/14,21:28:09,0.89,131,0.87
Persecuted,Bathurst,MP12,Fox,Absent,High,13/11/14 21:28,13/11/14,21:28:12,0.89,131,0.87
Persecuted,Bathurst,MP12,Fox,Absent,High,13/11/14 21:28,13/11/14,21:28:16,0.89,131,0.87
Persecuted,Bathurst,MP12,Fox,Absent,High,2/12/14 22:00,2/12/14,22:00:57,0.92,131,0.9
Persecuted,Bathurst,MP12,Fox,Absent,High,2/12/14 22:01,2/12/14,22:01:01,0.92,131,0.9
Persecuted,Bathurst,MP12,Fox,Absent,High,16/1/15 22:25,16/1/15,22:25:54,0.93,131,0.9
Persecuted,Bathurst,MP12,Fox,Absent,High,16/1/15 22:25,16/1/15,22:25:57,0.93,131,0.9
Persecuted,Bathurst,MP12,Fox,Absent,High,16/1/15 22:26,16/1/15,22:26:01,0.93,131,0.9
Persecuted,Bathurst,MP12,Fox,Absent,High,20/12/14 22:20,20/12/14,22:20:58,0.93,131,0.91
Persecuted,Bathurst,MP12,Fox,Absent,High,31/12/14 22:12,31/12/14,22:12:46,0.93,131,0.91
Persecuted,Bathurst,MP12,Fox,Absent,High,31/12/14 22:12,31/12/14,22:12:49,0.93,131,0.91
Persecuted,Bathurst,MP12,Fox,Absent,High,31/12/14 22:12,31/12/14,22:12:53,0.93,131,0.91
Persecuted,Bathurst,MP12,Fox,Absent,High,12/11/14 22:03,12/11/14,22:03:38,0.92,131,0.91
Persecuted,Bathurst,MP12,Fox,Absent,High,12/11/14 22:03,12/11/14,22:03:41,0.92,131,0.91
Persecuted,Bathurst,MP12,Fox,Absent,High,12/11/14 22:03,12/11/14,22:03:44,0.92,131,0.91
Persecuted,Bathurst,MP12,Fox,Absent,High,20/11/14 22:17,20/11/14,22:17:21,0.93,131,0.92
Persecuted,Bathurst,MP12,Fox,Absent,High,20/11/14 22:17,20/11/14,22:17:25,0.93,131,0.92
Persecuted,Bathurst,MP12,Fox,Absent,High,20/11/14 22:17,20/11/14,22:17:28,0.93,131,0.92
Persecuted,Bathurst,MP12,Fox,Absent,High,1/1/15 22:42,1/1/15,22:42:37,0.95,131,0.92
Persecuted,Bathurst,MP12,Fox,Absent,High,1/1/15 22:42,1/1/15,22:42:40,0.95,131,0.92
Persecuted,Bathurst,MP12,Fox,Absent,High,1/1/15 22:42,1/1/15,22:42:43,0.95,131,0.92
Persecuted,Bathurst,MP12,Fox,Absent,High,16/11/14 22:37,16/11/14,22:37:44,0.94,131,0.93
Persecuted,Bathurst,MP12,Fox,Absent,High,16/11/14 22:37,16/11/14,22:37:48,0.94,131,0.93
Persecuted,Bathurst,MP12,Fox,Absent,High,16/11/14 22:37,16/11/14,22:37:51,0.94,131,0.93
Persecuted,Bathurst,MP12,Fox,Absent,High,7/11/14 22:36,7/11/14,22:36:19,0.94,131,0.93
Persecuted,Bathurst,MP12,Fox,Absent,High,7/11/14 22:36,7/11/14,22:36:22,0.94,131,0.93
Persecuted,Bathurst,MP12,Fox,Absent,High,7/11/14 22:36,7/11/14,22:36:25,0.94,131,0.93
Persecuted,Bathurst,MP13,Fox,Absent,High,13/11/14 0:08,13/11/14,0:08:00,0.01,130,0.02
Persecuted,Bathurst,MP13,Fox,Absent,High,13/11/14 0:08,13/11/14,0:08:04,0.01,130,0.02
Persecuted,Bathurst,MP13,Fox,Absent,High,13/11/14 0:08,13/11/14,0:08:07,0.01,130,0.02
Persecuted,Bathurst,MP13,Fox,Absent,High,18/11/14 0:07,18/11/14,0:07:41,0.01,130,0.02
Persecuted,Bathurst,MP13,Fox,Absent,High,11/12/14 0:26,11/12/14,0:26:25,0.02,130,0.02
Persecuted,Bathurst,MP13,Fox,Absent,High,11/12/14 0:26,11/12/14,0:26:28,0.02,130,0.02
Persecuted,Bathurst,MP13,Fox,Absent,High,11/12/14 0:26,11/12/14,0:26:32,0.02,130,0.02
Persecuted,Bathurst,MP13,Fox,Absent,High,14/11/14 0:34,14/11/14,0:34:05,0.02,130,0.03
Persecuted,Bathurst,MP13,Fox,Absent,High,14/11/14 0:34,14/11/14,0:34:09,0.02,130,0.03
Persecuted,Bathurst,MP13,Fox,Absent,High,14/11/14 0:34,14/11/14,0:34:12,0.02,130,0.03
Persecuted,Bathurst,MP13,Fox,Absent,High,10/3/15 1:16,10/3/15,1:16:08,0.05,130,0.04
Persecuted,Bathurst,MP13,Fox,Absent,High,10/3/15 1:16,10/3/15,1:16:11,0.05,130,0.04
Persecuted,Bathurst,MP13,Fox,Absent,High,10/3/15 1:16,10/3/15,1:16:15,0.05,130,0.04
Persecuted,Bathurst,MP13,Fox,Absent,High,13/3/15 1:05,13/3/15,1:05:36,0.05,130,0.04
Persecuted,Bathurst,MP13,Fox,Absent,High,13/3/15 1:05,13/3/15,1:05:40,0.05,130,0.04
Persecuted,Bathurst,MP13,Fox,Absent,High,13/3/15 1:05,13/3/15,1:05:43,0.05,130,0.04
Persecuted,Bathurst,MP13,Fox,Absent,High,22/12/14 1:03,22/12/14,1:03:13,0.04,130,0.04
Persecuted,Bathurst,MP13,Fox,Absent,High,22/12/14 1:03,22/12/14,1:03:17,0.04,130,0.04
Persecuted,Bathurst,MP13,Fox,Absent,High,22/12/14 1:03,22/12/14,1:03:20,0.04,130,0.04
Persecuted,Bathurst,MP13,Fox,Absent,High,18/11/14 0:59,18/11/14,0:59:44,0.04,130,0.05
Persecuted,Bathurst,MP13,Fox,Absent,High,18/11/14 1:09,18/11/14,1:09:59,0.05,130,0.06
Persecuted,Bathurst,MP13,Fox,Absent,High,3/3/15 1:56,3/3/15,1:56:33,0.08,130,0.07
Persecuted,Bathurst,MP13,Fox,Absent,High,3/3/15 1:56,3/3/15,1:56:37,0.08,130,0.07
Persecuted,Bathurst,MP13,Fox,Absent,High,3/3/15 1:56,3/3/15,1:56:40,0.08,130,0.07
Persecuted,Bathurst,MP13,Fox,Absent,High,15/11/14 1:40,15/11/14,1:40:41,0.07,130,0.09
Persecuted,Bathurst,MP13,Fox,Absent,High,15/11/14 1:40,15/11/14,1:40:44,0.07,130,0.09
Persecuted,Bathurst,MP13,Fox,Absent,High,15/11/14 1:40,15/11/14,1:40:47,0.07,130,0.09
Persecuted,Bathurst,MP13,Fox,Absent,High,16/12/14 2:03,16/12/14,2:03:20,0.09,130,0.11
Persecuted,Bathurst,MP13,Fox,Absent,High,16/12/14 2:03,16/12/14,2:03:23,0.09,130,0.11
Persecuted,Bathurst,MP13,Fox,Absent,High,16/12/14 2:03,16/12/14,2:03:27,0.09,130,0.11
Persecuted,Bathurst,MP13,Fox,Absent,High,18/11/14 2:10,18/11/14,2:10:53,0.09,130,0.11
Persecuted,Bathurst,MP13,Fox,Absent,High,6/11/14 2:51,6/11/14,2:51:49,0.12,130,0.15
Persecuted,Bathurst,MP13,Fox,Absent,High,6/11/14 2:51,6/11/14,2:51:52,0.12,130,0.15
Persecuted,Bathurst,MP13,Fox,Absent,High,6/11/14 2:51,6/11/14,2:51:56,0.12,130,0.15
Persecuted,Bathurst,MP13,Fox,Absent,High,13/11/14 3:25,13/11/14,3:25:01,0.14,130,0.17
Persecuted,Bathurst,MP13,Fox,Absent,High,19/11/14 3:32,19/11/14,3:32:02,0.15,130,0.18
Persecuted,Bathurst,MP13,Fox,Absent,High,15/12/14 3:42,15/12/14,3:42:17,0.15,130,0.18
Persecuted,Bathurst,MP13,Fox,Absent,High,15/12/14 3:42,15/12/14,3:42:21,0.15,130,0.18
Persecuted,Bathurst,MP13,Fox,Absent,High,15/12/14 3:42,15/12/14,3:42:25,0.15,130,0.18
Persecuted,Bathurst,MP13,Fox,Absent,High,10/11/14 3:47,10/11/14,3:47:17,0.16,130,0.19
Persecuted,Bathurst,MP13,Fox,Absent,High,10/11/14 3:47,10/11/14,3:47:21,0.16,130,0.19
Persecuted,Bathurst,MP13,Fox,Absent,High,10/11/14 3:47,10/11/14,3:47:24,0.16,130,0.19
Persecuted,Bathurst,MP13,Fox,Absent,High,9/11/14 3:51,9/11/14,3:51:55,0.16,130,0.19
Persecuted,Bathurst,MP13,Fox,Absent,High,9/11/14 3:51,9/11/14,3:51:59,0.16,130,0.19
Persecuted,Bathurst,MP13,Fox,Absent,High,9/11/14 3:52,9/11/14,3:52:02,0.16,130,0.19
Persecuted,Bathurst,MP13,Fox,Absent,High,3/3/15 4:42,3/3/15,4:42:32,0.2,130,0.19
Persecuted,Bathurst,MP13,Fox,Absent,High,3/3/15 4:42,3/3/15,4:42:36,0.2,130,0.19
Persecuted,Bathurst,MP13,Fox,Absent,High,3/3/15 4:42,3/3/15,4:42:39,0.2,130,0.19
Persecuted,Bathurst,MP13,Fox,Absent,High,4/11/14 4:12,4/11/14,4:12:23,0.18,130,0.22
Persecuted,Bathurst,MP13,Fox,Absent,High,4/11/14 4:12,4/11/14,4:12:27,0.18,130,0.22
Persecuted,Bathurst,MP13,Fox,Absent,High,4/11/14 4:12,4/11/14,4:12:30,0.18,130,0.22
Persecuted,Bathurst,MP13,Fox,Absent,High,25/12/14 4:29,25/12/14,4:29:49,0.19,130,0.23
Persecuted,Bathurst,MP13,Fox,Absent,High,22/12/14 4:27,22/12/14,4:27:44,0.19,130,0.23
Persecuted,Bathurst,MP13,Fox,Absent,High,22/12/14 4:27,22/12/14,4:27:48,0.19,130,0.23
Persecuted,Bathurst,MP13,Fox,Absent,High,22/12/14 4:27,22/12/14,4:27:51,0.19,130,0.23
Persecuted,Bathurst,MP13,Fox,Absent,High,1/3/15 5:45,1/3/15,5:45:45,0.24,130,0.24
Persecuted,Bathurst,MP13,Fox,Absent,High,1/3/15 5:45,1/3/15,5:45:48,0.24,130,0.24
Persecuted,Bathurst,MP13,Fox,Absent,High,1/3/15 5:45,1/3/15,5:45:52,0.24,130,0.24
Persecuted,Bathurst,MP13,Fox,Absent,High,2/3/15 5:48,2/3/15,5:48:57,0.24,130,0.24
Persecuted,Bathurst,MP13,Fox,Absent,High,2/3/15 5:49,2/3/15,5:49:01,0.24,130,0.24
Persecuted,Bathurst,MP13,Fox,Absent,High,26/12/14 4:41,26/12/14,4:41:50,0.2,130,0.24
Persecuted,Bathurst,MP13,Fox,Absent,High,26/12/14 4:41,26/12/14,4:41:54,0.2,130,0.24
Persecuted,Bathurst,MP13,Fox,Absent,High,26/12/14 4:41,26/12/14,4:41:57,0.2,130,0.24
Persecuted,Bathurst,MP13,Fox,Absent,High,9/11/14 4:57,9/11/14,4:57:53,0.21,130,0.25
Persecuted,Bathurst,MP13,Fox,Absent,High,9/11/14 4:57,9/11/14,4:57:56,0.21,130,0.25
Persecuted,Bathurst,MP13,Fox,Absent,High,9/11/14 4:57,9/11/14,4:57:59,0.21,130,0.25
Persecuted,Bathurst,MP13,Fox,Absent,High,6/1/15 6:35,6/1/15,6:35:44,0.27,130,0.29
Persecuted,Bathurst,MP13,Fox,Absent,High,6/1/15 6:35,6/1/15,6:35:47,0.27,130,0.29
Persecuted,Bathurst,MP13,Fox,Absent,High,6/1/15 6:35,6/1/15,6:35:49,0.27,130,0.29
Persecuted,Bathurst,MP13,Fox,Absent,High,17/1/15 6:38,17/1/15,6:38:59,0.28,130,0.3
Persecuted,Bathurst,MP13,Fox,Absent,High,17/1/15 6:39,17/1/15,6:39:02,0.28,130,0.3
Persecuted,Bathurst,MP13,Fox,Absent,High,17/1/15 6:39,17/1/15,6:39:04,0.28,130,0.3
Persecuted,Bathurst,MP13,Fox,Absent,High,6/1/15 6:39,6/1/15,6:39:10,0.28,130,0.3
Persecuted,Bathurst,MP13,Fox,Absent,High,6/1/15 6:39,6/1/15,6:39:14,0.28,130,0.3
Persecuted,Bathurst,MP13,Fox,Absent,High,6/1/15 6:39,6/1/15,6:39:16,0.28,130,0.3
Persecuted,Bathurst,MP13,Fox,Absent,High,6/1/15 6:40,6/1/15,6:40:08,0.28,130,0.3
Persecuted,Bathurst,MP13,Fox,Absent,High,6/1/15 6:40,6/1/15,6:40:12,0.28,130,0.3
Persecuted,Bathurst,MP13,Fox,Absent,High,6/1/15 6:40,6/1/15,6:40:14,0.28,130,0.3
Persecuted,Bathurst,MP13,Fox,Absent,High,10/1/15 6:42,10/1/15,6:42:05,0.28,130,0.3
Persecuted,Bathurst,MP13,Fox,Absent,High,10/1/15 6:42,10/1/15,6:42:08,0.28,130,0.3
Persecuted,Bathurst,MP13,Fox,Absent,High,10/1/15 6:42,10/1/15,6:42:11,0.28,130,0.3
Persecuted,Bathurst,MP13,Fox,Absent,High,30/12/14 8:16,30/12/14,8:16:49,0.35,130,0.37
Persecuted,Bathurst,MP13,Fox,Absent,High,30/12/14 8:16,30/12/14,8:16:52,0.35,130,0.37
Persecuted,Bathurst,MP13,Fox,Absent,High,30/12/14 8:16,30/12/14,8:16:55,0.35,130,0.37
Persecuted,Bathurst,MP13,Fox,Absent,High,19/12/14 19:59,19/12/14,19:59:48,0.83,130,0.78
Persecuted,Bathurst,MP13,Fox,Absent,High,19/12/14 19:59,19/12/14,19:59:51,0.83,130,0.78
Persecuted,Bathurst,MP13,Fox,Absent,High,19/12/14 19:59,19/12/14,19:59:53,0.83,130,0.78
Persecuted,Bathurst,MP13,Fox,Absent,High,19/12/14 20:00,19/12/14,20:00:16,0.83,130,0.78
Persecuted,Bathurst,MP13,Fox,Absent,High,19/12/14 20:00,19/12/14,20:00:19,0.83,130,0.78
Persecuted,Bathurst,MP13,Fox,Absent,High,19/12/14 20:00,19/12/14,20:00:22,0.83,130,0.78
Persecuted,Bathurst,MP13,Fox,Absent,High,17/11/14 19:39,17/11/14,19:39:16,0.82,130,0.79
Persecuted,Bathurst,MP13,Fox,Absent,High,17/11/14 19:39,17/11/14,19:39:19,0.82,130,0.79
Persecuted,Bathurst,MP13,Fox,Absent,High,17/11/14 19:39,17/11/14,19:39:22,0.82,130,0.79
Persecuted,Bathurst,MP13,Fox,Absent,High,18/12/14 20:10,18/12/14,20:10:32,0.84,130,0.8
Persecuted,Bathurst,MP13,Fox,Absent,High,18/12/14 20:10,18/12/14,20:10:35,0.84,130,0.8
Persecuted,Bathurst,MP13,Fox,Absent,High,18/12/14 20:10,18/12/14,20:10:38,0.84,130,0.8
Persecuted,Bathurst,MP13,Fox,Absent,High,31/12/14 20:24,31/12/14,20:24:30,0.85,130,0.81
Persecuted,Bathurst,MP13,Fox,Absent,High,31/12/14 20:24,31/12/14,20:24:34,0.85,130,0.81
Persecuted,Bathurst,MP13,Fox,Absent,High,31/12/14 20:24,31/12/14,20:24:37,0.85,130,0.81
Persecuted,Bathurst,MP13,Fox,Absent,High,2/1/15 20:36,2/1/15,20:36:33,0.86,130,0.81
Persecuted,Bathurst,MP13,Fox,Absent,High,2/1/15 20:36,2/1/15,20:36:36,0.86,130,0.81
Persecuted,Bathurst,MP13,Fox,Absent,High,2/1/15 20:36,2/1/15,20:36:40,0.86,130,0.81
Persecuted,Bathurst,MP13,Fox,Absent,High,28/2/15 20:18,28/2/15,20:18:22,0.85,130,0.81
Persecuted,Bathurst,MP13,Fox,Absent,High,28/2/15 20:18,28/2/15,20:18:26,0.85,130,0.81
Persecuted,Bathurst,MP13,Fox,Absent,High,28/2/15 20:18,28/2/15,20:18:30,0.85,130,0.81
Persecuted,Bathurst,MP13,Fox,Absent,High,22/12/14 20:32,22/12/14,20:32:25,0.86,130,0.82
Persecuted,Bathurst,MP13,Fox,Absent,High,22/12/14 20:32,22/12/14,20:32:29,0.86,130,0.82
Persecuted,Bathurst,MP13,Fox,Absent,High,22/12/14 20:32,22/12/14,20:32:32,0.86,130,0.82
Persecuted,Bathurst,MP13,Fox,Absent,High,22/12/14 20:43,22/12/14,20:43:22,0.86,130,0.82
Persecuted,Bathurst,MP13,Fox,Absent,High,22/12/14 20:43,22/12/14,20:43:25,0.86,130,0.82
Persecuted,Bathurst,MP13,Fox,Absent,High,22/12/14 20:43,22/12/14,20:43:28,0.86,130,0.82
Persecuted,Bathurst,MP13,Fox,Absent,High,18/12/14 20:38,18/12/14,20:38:22,0.86,130,0.82
Persecuted,Bathurst,MP13,Fox,Absent,High,18/12/14 20:38,18/12/14,20:38:25,0.86,130,0.82
Persecuted,Bathurst,MP13,Fox,Absent,High,18/12/14 20:38,18/12/14,20:38:29,0.86,130,0.82
Persecuted,Bathurst,MP13,Fox,Absent,High,31/12/14 20:31,31/12/14,20:31:59,0.86,130,0.82
Persecuted,Bathurst,MP13,Fox,Absent,High,31/12/14 20:32,31/12/14,20:32:02,0.86,130,0.82
Persecuted,Bathurst,MP13,Fox,Absent,High,31/12/14 20:32,31/12/14,20:32:05,0.86,130,0.82
Persecuted,Bathurst,MP13,Fox,Absent,High,2/1/15 20:47,2/1/15,20:47:00,0.87,130,0.82
Persecuted,Bathurst,MP13,Fox,Absent,High,2/1/15 20:47,2/1/15,20:47:03,0.87,130,0.82
Persecuted,Bathurst,MP13,Fox,Absent,High,2/1/15 20:47,2/1/15,20:47:06,0.87,130,0.82
Persecuted,Bathurst,MP13,Fox,Absent,High,13/11/14 20:44,13/11/14,20:44:30,0.86,130,0.84
Persecuted,Bathurst,MP13,Fox,Absent,High,13/11/14 20:44,13/11/14,20:44:34,0.86,130,0.84
Persecuted,Bathurst,MP13,Fox,Absent,High,13/11/14 20:44,13/11/14,20:44:37,0.86,130,0.84
Persecuted,Bathurst,MP13,Fox,Absent,High,8/11/14 21:09,8/11/14,21:09:43,0.88,130,0.86
Persecuted,Bathurst,MP13,Fox,Absent,High,8/11/14 21:09,8/11/14,21:09:47,0.88,130,0.86
Persecuted,Bathurst,MP13,Fox,Absent,High,8/11/14 21:09,8/11/14,21:09:51,0.88,130,0.86
Persecuted,Bathurst,MP13,Fox,Absent,High,29/11/14 21:19,29/11/14,21:19:56,0.89,130,0.87
Persecuted,Bathurst,MP13,Fox,Absent,High,29/11/14 21:20,29/11/14,21:20:00,0.89,130,0.87
Persecuted,Bathurst,MP13,Fox,Absent,High,29/11/14 21:20,29/11/14,21:20:03,0.89,130,0.87
Persecuted,Bathurst,MP13,Fox,Absent,High,22/12/14 22:26,22/12/14,22:26:59,0.94,130,0.92
Persecuted,Bathurst,MP13,Fox,Absent,High,11/11/14 22:32,11/11/14,22:32:13,0.94,130,0.93
Persecuted,Bathurst,MP13,Fox,Absent,High,11/11/14 22:32,11/11/14,22:32:17,0.94,130,0.93
Persecuted,Bathurst,MP13,Fox,Absent,High,11/11/14 22:32,11/11/14,22:32:20,0.94,130,0.93
Persecuted,Bathurst,MP13,Fox,Absent,High,16/11/14 22:57,16/11/14,22:57:41,0.96,130,0.96
Persecuted,Bathurst,MP13,Fox,Absent,High,16/11/14 22:57,16/11/14,22:57:45,0.96,130,0.96
Persecuted,Bathurst,MP13,Fox,Absent,High,16/11/14 22:57,16/11/14,22:57:48,0.96,130,0.96
Persecuted,Bathurst,MP13,Fox,Absent,High,15/11/14 23:14,15/11/14,23:14:34,0.97,130,0.97
Persecuted,Bathurst,MP13,Fox,Absent,High,15/11/14 23:14,15/11/14,23:14:38,0.97,130,0.97
Persecuted,Bathurst,MP13,Fox,Absent,High,15/11/14 23:14,15/11/14,23:14:41,0.97,130,0.97
Persecuted,Bathurst,MP13,Fox,Absent,High,5/1/15 23:45,5/1/15,23:45:11,0.99,130,0.97
Persecuted,Bathurst,MP14,Fox,Absent,High,14/1/15 2:55,14/1/15,2:55:14,0.12,129,0.13
Persecuted,Bathurst,MP14,Fox,Absent,High,14/1/15 2:55,14/1/15,2:55:17,0.12,129,0.13
Persecuted,Bathurst,MP14,Fox,Absent,High,14/1/15 2:55,14/1/15,2:55:21,0.12,129,0.13
Persecuted,Bathurst,MP14,Fox,Absent,High,16/12/14 4:48,16/12/14,4:48:32,0.2,129,0.24
Persecuted,Bathurst,MP14,Fox,Absent,High,16/12/14 4:48,16/12/14,4:48:35,0.2,129,0.24
Persecuted,Bathurst,MP14,Fox,Absent,High,16/12/14 4:48,16/12/14,4:48:38,0.2,129,0.24
Persecuted,Bathurst,MP14,Fox,Absent,High,19/12/14 21:17,19/12/14,21:17:54,0.89,129,0.86
Persecuted,Bathurst,MP14,Fox,Absent,High,19/12/14 21:17,19/12/14,21:17:58,0.89,129,0.86
Persecuted,Bathurst,MP14,Fox,Absent,High,19/12/14 21:18,19/12/14,21:18:01,0.89,129,0.86
Persecuted,Bathurst,MP14,Fox,Absent,High,17/12/14 22:00,17/12/14,22:00:53,0.92,129,0.9
Persecuted,Bathurst,MP14,Fox,Absent,High,17/12/14 22:00,17/12/14,22:00:57,0.92,129,0.9
Persecuted,Bathurst,MP14,Fox,Absent,High,17/12/14 22:01,17/12/14,22:01:00,0.92,129,0.9
Persecuted,Bathurst,MP14,Fox,Absent,High,2/3/15 21:44,2/3/15,21:44:55,0.91,129,0.9
Persecuted,Bathurst,MP14,Fox,Absent,High,2/3/15 21:44,2/3/15,21:44:58,0.91,129,0.9
Persecuted,Bathurst,MP14,Fox,Absent,High,2/3/15 21:45,2/3/15,21:45:02,0.91,129,0.9
Persecuted,Bathurst,MP15,Fox,Absent,High,25/2/15 2:48,25/2/15,2:48:21,0.12,130,0.12
Persecuted,Bathurst,MP15,Fox,Absent,High,15/1/15 15:56,15/1/15,15:56:23,0.66,130,0.62
Persecuted,Bathurst,MP15,Fox,Absent,High,15/1/15 15:56,15/1/15,15:56:26,0.66,130,0.62
Persecuted,Bathurst,MP15,Fox,Absent,High,15/1/15 15:56,15/1/15,15:56:29,0.66,130,0.62
Persecuted,Bathurst,MP15,Fox,Absent,High,27/2/15 19:30,27/2/15,19:30:31,0.81,130,0.77
Persecuted,Bathurst,MP15,Fox,Absent,High,27/2/15 19:30,27/2/15,19:30:33,0.81,130,0.77
Persecuted,Bathurst,MP15,Fox,Absent,High,27/2/15 19:30,27/2/15,19:30:36,0.81,130,0.77
Persecuted,Bathurst,MP15,Fox,Absent,High,27/2/15 19:44,27/2/15,19:44:56,0.82,130,0.78
Persecuted,Bathurst,MP15,Fox,Absent,High,27/2/15 19:44,27/2/15,19:44:59,0.82,130,0.78
Persecuted,Bathurst,MP15,Fox,Absent,High,27/2/15 19:45,27/2/15,19:45:02,0.82,130,0.78
Persecuted,Bathurst,MP15,Fox,Absent,High,19/2/15 20:21,19/2/15,20:21:10,0.85,130,0.81
Persecuted,Bathurst,MP15,Fox,Absent,High,19/2/15 20:21,19/2/15,20:21:13,0.85,130,0.81
Persecuted,Bathurst,MP15,Fox,Absent,High,19/2/15 20:21,19/2/15,20:21:17,0.85,130,0.81
Persecuted,Bathurst,MP15,Fox,Absent,High,1/3/15 19:53,1/3/15,19:53:25,0.83,130,0.81
Persecuted,Bathurst,MP15,Fox,Absent,High,1/3/15 19:53,1/3/15,19:53:28,0.83,130,0.81
Persecuted,Bathurst,MP15,Fox,Absent,High,1/3/15 19:53,1/3/15,19:53:31,0.83,130,0.81
Persecuted,Bathurst,MP15,Fox,Absent,High,2/2/15 20:37,2/2/15,20:37:08,0.86,130,0.82
Persecuted,Bathurst,MP15,Fox,Absent,High,2/2/15 20:37,2/2/15,20:37:12,0.86,130,0.82
Persecuted,Bathurst,MP15,Fox,Absent,High,2/2/15 20:37,2/2/15,20:37:16,0.86,130,0.82
Persecuted,Bathurst,MP15,Fox,Absent,High,5/1/15 22:09,5/1/15,22:09:05,0.92,130,0.89
Persecuted,Bathurst,MP15,Fox,Absent,High,5/1/15 22:09,5/1/15,22:09:08,0.92,130,0.89
Persecuted,Bathurst,MP15,Fox,Absent,High,5/1/15 22:09,5/1/15,22:09:11,0.92,130,0.89
Persecuted,Bathurst,MP15,Fox,Absent,High,24/1/15 23:04,24/1/15,23:04:13,0.96,130,0.93
Persecuted,Bathurst,MP15,Fox,Absent,High,22/2/15 23:20,22/2/15,23:20:28,0.97,130,0.95
Persecuted,Bathurst,MP15,Fox,Absent,High,22/2/15 23:20,22/2/15,23:20:31,0.97,130,0.95
Persecuted,Bathurst,MP15,Fox,Absent,High,22/2/15 23:20,22/2/15,23:20:35,0.97,130,0.95
Persecuted,Bathurst,MP15,Fox,Absent,High,4/2/15 23:44,4/2/15,23:44:00,0.99,130,0.97
Persecuted,Bathurst,MP15,Fox,Absent,High,4/2/15 23:44,4/2/15,23:44:03,0.99,130,0.97
Persecuted,Bathurst,MP15,Fox,Absent,High,4/2/15 23:44,4/2/15,23:44:06,0.99,130,0.97
Persecuted,Bathurst,MP16,Fox,Absent,High,18/12/14 0:52,18/12/14,0:52:15,0.04,130,0.04
Persecuted,Bathurst,MP16,Fox,Absent,High,18/12/14 0:52,18/12/14,0:52:19,0.04,130,0.04
Persecuted,Bathurst,MP16,Fox,Absent,High,18/12/14 0:52,18/12/14,0:52:23,0.04,130,0.04
Persecuted,Bathurst,MP16,Fox,Absent,High,6/12/14 2:09,6/12/14,2:09:56,0.09,130,0.11
Persecuted,Bathurst,MP16,Fox,Absent,High,6/12/14 2:10,6/12/14,2:10:01,0.09,130,0.11
Persecuted,Bathurst,MP16,Fox,Absent,High,6/12/14 2:10,6/12/14,2:10:05,0.09,130,0.11
Persecuted,Bathurst,MP16,Fox,Absent,High,22/1/15 4:43,22/1/15,4:43:14,0.2,130,0.23
Persecuted,Bathurst,MP16,Fox,Absent,High,22/1/15 4:43,22/1/15,4:43:18,0.2,130,0.23
Persecuted,Bathurst,MP16,Fox,Absent,High,22/1/15 4:43,22/1/15,4:43:22,0.2,130,0.23
Persecuted,Bathurst,MP16,Fox,Absent,High,22/11/14 4:54,22/11/14,4:54:12,0.2,130,0.24
Persecuted,Bathurst,MP16,Fox,Absent,High,22/11/14 4:54,22/11/14,4:54:15,0.2,130,0.24
Persecuted,Bathurst,MP16,Fox,Absent,High,22/11/14 4:54,22/11/14,4:54:18,0.2,130,0.24
Persecuted,Bathurst,MP16,Fox,Absent,High,10/3/15 6:23,10/3/15,6:23:23,0.27,130,0.27
Persecuted,Bathurst,MP16,Fox,Absent,High,10/3/15 6:23,10/3/15,6:23:27,0.27,130,0.27
Persecuted,Bathurst,MP16,Fox,Absent,High,10/3/15 6:23,10/3/15,6:23:30,0.27,130,0.27
Persecuted,Bathurst,MP16,Fox,Absent,High,9/1/15 5:59,9/1/15,5:59:38,0.25,130,0.28
Persecuted,Bathurst,MP16,Fox,Absent,High,9/1/15 5:59,9/1/15,5:59:41,0.25,130,0.28
Persecuted,Bathurst,MP16,Fox,Absent,High,9/1/15 5:59,9/1/15,5:59:44,0.25,130,0.28
Persecuted,Bathurst,MP16,Fox,Absent,High,7/1/15 7:55,7/1/15,7:55:51,0.33,130,0.34
Persecuted,Bathurst,MP16,Fox,Absent,High,7/1/15 7:55,7/1/15,7:55:54,0.33,130,0.34
Persecuted,Bathurst,MP16,Fox,Absent,High,7/1/15 7:55,7/1/15,7:55:56,0.33,130,0.34
Persecuted,Bathurst,MP16,Fox,Absent,High,3/12/14 10:19,3/12/14,10:19:07,0.43,130,0.44
Persecuted,Bathurst,MP16,Fox,Absent,High,3/12/14 10:19,3/12/14,10:19:10,0.43,130,0.44
Persecuted,Bathurst,MP16,Fox,Absent,High,3/12/14 10:19,3/12/14,10:19:12,0.43,130,0.44
Persecuted,Bathurst,MP16,Fox,Absent,High,28/1/15 15:09,28/1/15,15:09:20,0.63,130,0.6
Persecuted,Bathurst,MP16,Fox,Absent,High,28/1/15 15:09,28/1/15,15:09:24,0.63,130,0.6
Persecuted,Bathurst,MP16,Fox,Absent,High,28/1/15 15:09,28/1/15,15:09:27,0.63,130,0.6
Persecuted,Bathurst,MP16,Fox,Absent,High,29/1/15 18:13,29/1/15,18:13:05,0.76,130,0.71
Persecuted,Bathurst,MP16,Fox,Absent,High,29/1/15 18:13,29/1/15,18:13:08,0.76,130,0.71
Persecuted,Bathurst,MP16,Fox,Absent,High,29/1/15 18:13,29/1/15,18:13:11,0.76,130,0.71
Persecuted,Bathurst,MP16,Fox,Absent,High,5/11/14 18:29,5/11/14,18:29:45,0.77,130,0.74
Persecuted,Bathurst,MP16,Fox,Absent,High,5/11/14 18:29,5/11/14,18:29:48,0.77,130,0.74
Persecuted,Bathurst,MP16,Fox,Absent,High,5/11/14 18:29,5/11/14,18:29:50,0.77,130,0.74
Persecuted,Bathurst,MP16,Fox,Absent,High,29/12/14 19:05,29/12/14,19:05:38,0.8,130,0.75
Persecuted,Bathurst,MP16,Fox,Absent,High,29/12/14 19:05,29/12/14,19:05:41,0.8,130,0.75
Persecuted,Bathurst,MP16,Fox,Absent,High,29/12/14 19:05,29/12/14,19:05:44,0.8,130,0.75
Persecuted,Bathurst,MP16,Fox,Absent,High,9/1/15 20:00,9/1/15,20:00:58,0.83,130,0.78
Persecuted,Bathurst,MP16,Fox,Absent,High,9/1/15 20:01,9/1/15,20:01:01,0.83,130,0.78
Persecuted,Bathurst,MP16,Fox,Absent,High,9/1/15 20:01,9/1/15,20:01:04,0.83,130,0.78
Persecuted,Bathurst,MP16,Fox,Absent,High,25/1/15 20:29,25/1/15,20:29:37,0.85,130,0.8
Persecuted,Bathurst,MP16,Fox,Absent,High,25/1/15 20:29,25/1/15,20:29:41,0.85,130,0.8
Persecuted,Bathurst,MP16,Fox,Absent,High,25/1/15 20:29,25/1/15,20:29:44,0.85,130,0.8
Persecuted,Bathurst,MP16,Fox,Absent,High,24/2/15 20:12,24/2/15,20:12:45,0.84,130,0.8
Persecuted,Bathurst,MP16,Fox,Absent,High,24/2/15 20:12,24/2/15,20:12:48,0.84,130,0.8
Persecuted,Bathurst,MP16,Fox,Absent,High,24/2/15 20:12,24/2/15,20:12:52,0.84,130,0.8
Persecuted,Bathurst,MP16,Fox,Absent,High,10/2/15 20:21,10/2/15,20:21:04,0.85,130,0.81
Persecuted,Bathurst,MP16,Fox,Absent,High,10/2/15 20:21,10/2/15,20:21:08,0.85,130,0.81
Persecuted,Bathurst,MP16,Fox,Absent,High,10/2/15 20:21,10/2/15,20:21:12,0.85,130,0.81
Persecuted,Bathurst,MP16,Fox,Absent,High,5/12/14 20:55,5/12/14,20:55:03,0.87,130,0.83
Persecuted,Bathurst,MP16,Fox,Absent,High,5/12/14 20:55,5/12/14,20:55:07,0.87,130,0.83
Persecuted,Bathurst,MP16,Fox,Absent,High,5/12/14 20:55,5/12/14,20:55:10,0.87,130,0.83
Persecuted,Bathurst,MP16,Fox,Absent,High,18/1/15 21:03,18/1/15,21:03:47,0.88,130,0.84
Persecuted,Bathurst,MP16,Fox,Absent,High,18/1/15 21:03,18/1/15,21:03:50,0.88,130,0.84
Persecuted,Bathurst,MP16,Fox,Absent,High,18/1/15 21:03,18/1/15,21:03:53,0.88,130,0.84
Persecuted,Bathurst,MP16,Fox,Absent,High,21/2/15 21:06,21/2/15,21:06:21,0.88,130,0.85
Persecuted,Bathurst,MP16,Fox,Absent,High,21/2/15 21:06,21/2/15,21:06:25,0.88,130,0.85
Persecuted,Bathurst,MP16,Fox,Absent,High,21/2/15 21:06,21/2/15,21:06:28,0.88,130,0.85
Persecuted,Bathurst,MP16,Fox,Absent,High,16/1/15 21:21,16/1/15,21:21:35,0.89,130,0.85
Persecuted,Bathurst,MP16,Fox,Absent,High,16/1/15 21:21,16/1/15,21:21:38,0.89,130,0.85
Persecuted,Bathurst,MP16,Fox,Absent,High,16/1/15 21:21,16/1/15,21:21:42,0.89,130,0.85
Persecuted,Bathurst,MP16,Fox,Absent,High,20/2/15 21:42,20/2/15,21:42:57,0.9,130,0.87
Persecuted,Bathurst,MP16,Fox,Absent,High,20/2/15 21:43,20/2/15,21:43:01,0.9,130,0.87
Persecuted,Bathurst,MP16,Fox,Absent,High,20/2/15 21:43,20/2/15,21:43:04,0.9,130,0.87
Persecuted,Bathurst,MP16,Fox,Absent,High,12/11/14 21:25,12/11/14,21:25:12,0.89,130,0.87
Persecuted,Bathurst,MP16,Fox,Absent,High,12/11/14 21:25,12/11/14,21:25:15,0.89,130,0.87
Persecuted,Bathurst,MP16,Fox,Absent,High,12/11/14 21:25,12/11/14,21:25:19,0.89,130,0.87
Persecuted,Bathurst,MP16,Fox,Absent,High,15/2/15 22:01,15/2/15,22:01:00,0.92,130,0.89
Persecuted,Bathurst,MP16,Fox,Absent,High,15/2/15 22:01,15/2/15,22:01:03,0.92,130,0.89
Persecuted,Bathurst,MP16,Fox,Absent,High,15/2/15 22:01,15/2/15,22:01:07,0.92,130,0.89
Persecuted,Bathurst,MP16,Fox,Absent,High,23/2/15 22:02,23/2/15,22:02:03,0.92,130,0.89
Persecuted,Bathurst,MP16,Fox,Absent,High,23/2/15 22:02,23/2/15,22:02:06,0.92,130,0.89
Persecuted,Bathurst,MP16,Fox,Absent,High,23/2/15 22:02,23/2/15,22:02:10,0.92,130,0.89
Persecuted,Bathurst,MP16,Fox,Absent,High,14/2/15 23:18,14/2/15,23:18:25,0.97,130,0.95
Persecuted,Bathurst,MP16,Fox,Absent,High,14/2/15 23:18,14/2/15,23:18:29,0.97,130,0.95
Persecuted,Bathurst,MP16,Fox,Absent,High,14/2/15 23:18,14/2/15,23:18:33,0.97,130,0.95
Persecuted,Bathurst,MP16,Fox,Absent,High,18/1/15 23:59,18/1/15,23:59:44,1,130,0.98
Persecuted,Bathurst,MP16,Fox,Absent,High,18/1/15 23:59,18/1/15,23:59:48,1,130,0.98
Persecuted,Bathurst,MP16,Fox,Absent,High,18/1/15 23:59,18/1/15,23:59:51,1,130,0.98
Persecuted,Bathurst,MP17,Fox,Absent,High,3/3/15 2:23,3/3/15,2:23:03,0.1,120,0.09
Persecuted,Bathurst,MP17,Fox,Absent,High,3/3/15 2:23,3/3/15,2:23:08,0.1,120,0.09
Persecuted,Bathurst,MP17,Fox,Absent,High,3/3/15 2:23,3/3/15,2:23:12,0.1,120,0.09
Persecuted,Bathurst,MP17,Fox,Absent,High,16/12/14 2:53,16/12/14,2:53:37,0.12,120,0.14
Persecuted,Bathurst,MP17,Fox,Absent,High,16/12/14 2:53,16/12/14,2:53:41,0.12,120,0.14
Persecuted,Bathurst,MP17,Fox,Absent,High,16/12/14 2:53,16/12/14,2:53:45,0.12,120,0.14
Persecuted,Bathurst,MP17,Fox,Absent,High,21/11/14 5:30,21/11/14,5:30:01,0.23,120,0.27
Persecuted,Bathurst,MP18,Fox,Absent,High,9/3/15 0:40,9/3/15,0:40:52,0.03,130,0.02
Persecuted,Bathurst,MP18,Fox,Absent,High,9/3/15 0:40,9/3/15,0:40:55,0.03,130,0.02
Persecuted,Bathurst,MP18,Fox,Absent,High,9/3/15 0:40,9/3/15,0:40:59,0.03,130,0.02
Persecuted,Bathurst,MP18,Fox,Absent,High,11/11/14 0:49,11/11/14,0:49:20,0.03,130,0.04
Persecuted,Bathurst,MP18,Fox,Absent,High,11/11/14 0:49,11/11/14,0:49:23,0.03,130,0.04
Persecuted,Bathurst,MP18,Fox,Absent,High,11/11/14 0:49,11/11/14,0:49:27,0.03,130,0.04
Persecuted,Bathurst,MP18,Fox,Absent,High,28/12/14 1:16,28/12/14,1:16:08,0.05,130,0.06
Persecuted,Bathurst,MP18,Fox,Absent,High,28/12/14 1:16,28/12/14,1:16:11,0.05,130,0.06
Persecuted,Bathurst,MP18,Fox,Absent,High,28/12/14 1:16,28/12/14,1:16:14,0.05,130,0.06
Persecuted,Bathurst,MP18,Fox,Absent,High,14/12/14 1:09,14/12/14,1:09:17,0.05,130,0.06
Persecuted,Bathurst,MP18,Fox,Absent,High,14/12/14 1:09,14/12/14,1:09:21,0.05,130,0.06
Persecuted,Bathurst,MP18,Fox,Absent,High,14/12/14 1:09,14/12/14,1:09:24,0.05,130,0.06
Persecuted,Bathurst,MP18,Fox,Absent,High,15/2/15 1:44,15/2/15,1:44:30,0.07,130,0.06
Persecuted,Bathurst,MP18,Fox,Absent,High,15/2/15 1:44,15/2/15,1:44:33,0.07,130,0.06
Persecuted,Bathurst,MP18,Fox,Absent,High,15/2/15 1:44,15/2/15,1:44:37,0.07,130,0.06
Persecuted,Bathurst,MP18,Fox,Absent,High,7/11/14 2:17,7/11/14,2:17:01,0.1,130,0.12
Persecuted,Bathurst,MP18,Fox,Absent,High,7/11/14 2:17,7/11/14,2:17:05,0.1,130,0.12
Persecuted,Bathurst,MP18,Fox,Absent,High,7/11/14 2:17,7/11/14,2:17:08,0.1,130,0.12
Persecuted,Bathurst,MP18,Fox,Absent,High,15/11/14 2:36,15/11/14,2:36:37,0.11,130,0.13
Persecuted,Bathurst,MP18,Fox,Absent,High,15/11/14 2:36,15/11/14,2:36:41,0.11,130,0.13
Persecuted,Bathurst,MP18,Fox,Absent,High,15/11/14 2:36,15/11/14,2:36:44,0.11,130,0.13
Persecuted,Bathurst,MP18,Fox,Absent,High,4/1/15 3:01,4/1/15,3:01:25,0.13,130,0.14
Persecuted,Bathurst,MP18,Fox,Absent,High,4/1/15 3:01,4/1/15,3:01:28,0.13,130,0.14
Persecuted,Bathurst,MP18,Fox,Absent,High,4/1/15 3:01,4/1/15,3:01:32,0.13,130,0.14
Persecuted,Bathurst,MP18,Fox,Absent,High,26/11/14 3:13,26/11/14,3:13:47,0.13,130,0.16
Persecuted,Bathurst,MP18,Fox,Absent,High,26/11/14 3:13,26/11/14,3:13:51,0.13,130,0.16
Persecuted,Bathurst,MP18,Fox,Absent,High,26/11/14 3:13,26/11/14,3:13:54,0.13,130,0.16
Persecuted,Bathurst,MP18,Fox,Absent,High,14/12/14 3:28,14/12/14,3:28:30,0.14,130,0.17
Persecuted,Bathurst,MP18,Fox,Absent,High,14/12/14 3:28,14/12/14,3:28:33,0.14,130,0.17
Persecuted,Bathurst,MP18,Fox,Absent,High,14/12/14 3:28,14/12/14,3:28:37,0.14,130,0.17
Persecuted,Bathurst,MP18,Fox,Absent,High,2/1/15 3:53,2/1/15,3:53:16,0.16,130,0.18
Persecuted,Bathurst,MP18,Fox,Absent,High,2/1/15 3:53,2/1/15,3:53:20,0.16,130,0.18
Persecuted,Bathurst,MP18,Fox,Absent,High,2/1/15 3:53,2/1/15,3:53:23,0.16,130,0.18
Persecuted,Bathurst,MP18,Fox,Absent,High,25/12/14 3:44,25/12/14,3:44:45,0.16,130,0.19
Persecuted,Bathurst,MP18,Fox,Absent,High,25/12/14 3:44,25/12/14,3:44:48,0.16,130,0.19
Persecuted,Bathurst,MP18,Fox,Absent,High,25/12/14 3:44,25/12/14,3:44:52,0.16,130,0.19
Persecuted,Bathurst,MP18,Fox,Absent,High,4/3/15 5:28,4/3/15,5:28:30,0.23,130,0.23
Persecuted,Bathurst,MP18,Fox,Absent,High,4/3/15 5:28,4/3/15,5:28:33,0.23,130,0.23
Persecuted,Bathurst,MP18,Fox,Absent,High,4/3/15 5:28,4/3/15,5:28:36,0.23,130,0.23
Persecuted,Bathurst,MP18,Fox,Absent,High,8/3/15 6:06,8/3/15,6:06:47,0.25,130,0.25
Persecuted,Bathurst,MP18,Fox,Absent,High,8/3/15 6:06,8/3/15,6:06:50,0.25,130,0.25
Persecuted,Bathurst,MP18,Fox,Absent,High,8/3/15 6:06,8/3/15,6:06:53,0.25,130,0.25
Persecuted,Bathurst,MP18,Fox,Absent,High,23/1/15 6:11,23/1/15,6:11:01,0.26,130,0.28
Persecuted,Bathurst,MP18,Fox,Absent,High,23/1/15 6:11,23/1/15,6:11:04,0.26,130,0.28
Persecuted,Bathurst,MP18,Fox,Absent,High,23/1/15 6:11,23/1/15,6:11:07,0.26,130,0.28
Persecuted,Bathurst,MP18,Fox,Absent,High,13/12/14 6:12,13/12/14,6:12:48,0.26,130,0.3
Persecuted,Bathurst,MP18,Fox,Absent,High,13/12/14 6:12,13/12/14,6:12:51,0.26,130,0.3
Persecuted,Bathurst,MP18,Fox,Absent,High,13/12/14 6:12,13/12/14,6:12:53,0.26,130,0.3
Persecuted,Bathurst,MP18,Fox,Absent,High,13/3/15 7:24,13/3/15,7:24:06,0.31,130,0.3
Persecuted,Bathurst,MP18,Fox,Absent,High,13/3/15 7:24,13/3/15,7:24:09,0.31,130,0.3
Persecuted,Bathurst,MP18,Fox,Absent,High,13/3/15 7:24,13/3/15,7:24:12,0.31,130,0.3
Persecuted,Bathurst,MP18,Fox,Absent,High,15/12/14 6:30,15/12/14,6:30:53,0.27,130,0.3
Persecuted,Bathurst,MP18,Fox,Absent,High,15/12/14 6:30,15/12/14,6:30:56,0.27,130,0.3
Persecuted,Bathurst,MP18,Fox,Absent,High,15/12/14 6:30,15/12/14,6:30:59,0.27,130,0.3
Persecuted,Bathurst,MP18,Fox,Absent,High,13/12/14 6:53,13/12/14,6:53:58,0.29,130,0.32
Persecuted,Bathurst,MP18,Fox,Absent,High,13/12/14 6:54,13/12/14,6:54:01,0.29,130,0.32
Persecuted,Bathurst,MP18,Fox,Absent,High,13/12/14 6:54,13/12/14,6:54:03,0.29,130,0.32
Persecuted,Bathurst,MP18,Fox,Absent,High,2/3/15 10:15,2/3/15,10:15:02,0.43,130,0.42
Persecuted,Bathurst,MP18,Fox,Absent,High,2/3/15 10:15,2/3/15,10:15:05,0.43,130,0.42
Persecuted,Bathurst,MP18,Fox,Absent,High,2/3/15 10:15,2/3/15,10:15:07,0.43,130,0.42
Persecuted,Bathurst,MP18,Fox,Absent,High,2/3/15 10:22,2/3/15,10:22:51,0.43,130,0.42
Persecuted,Bathurst,MP18,Fox,Absent,High,2/3/15 10:22,2/3/15,10:22:54,0.43,130,0.42
Persecuted,Bathurst,MP18,Fox,Absent,High,2/3/15 10:22,2/3/15,10:22:57,0.43,130,0.42
Persecuted,Bathurst,MP18,Fox,Absent,High,30/11/14 16:58,30/11/14,16:58:15,0.71,130,0.69
Persecuted,Bathurst,MP18,Fox,Absent,High,30/11/14 16:58,30/11/14,16:58:18,0.71,130,0.69
Persecuted,Bathurst,MP18,Fox,Absent,High,30/11/14 16:58,30/11/14,16:58:20,0.71,130,0.69
Persecuted,Bathurst,MP18,Fox,Absent,High,25/2/15 17:45,25/2/15,17:45:00,0.74,130,0.7
Persecuted,Bathurst,MP18,Fox,Absent,High,11/2/15 20:02,11/2/15,20:02:48,0.84,130,0.8
Persecuted,Bathurst,MP18,Fox,Absent,High,11/2/15 20:02,11/2/15,20:02:51,0.84,130,0.8
Persecuted,Bathurst,MP18,Fox,Absent,High,11/2/15 20:02,11/2/15,20:02:55,0.84,130,0.8
Persecuted,Bathurst,MP18,Fox,Absent,High,3/1/15 20:39,3/1/15,20:39:31,0.86,130,0.81
Persecuted,Bathurst,MP18,Fox,Absent,High,3/1/15 20:39,3/1/15,20:39:35,0.86,130,0.81
Persecuted,Bathurst,MP18,Fox,Absent,High,3/1/15 20:39,3/1/15,20:39:38,0.86,130,0.81
Persecuted,Bathurst,MP18,Fox,Absent,High,18/2/15 20:30,18/2/15,20:30:07,0.85,130,0.81
Persecuted,Bathurst,MP18,Fox,Absent,High,18/2/15 20:30,18/2/15,20:30:10,0.85,130,0.81
Persecuted,Bathurst,MP18,Fox,Absent,High,18/2/15 20:30,18/2/15,20:30:13,0.85,130,0.81
Persecuted,Bathurst,MP18,Fox,Absent,High,18/11/14 20:07,18/11/14,20:07:53,0.84,130,0.82
Persecuted,Bathurst,MP18,Fox,Absent,High,18/11/14 20:07,18/11/14,20:07:57,0.84,130,0.82
Persecuted,Bathurst,MP18,Fox,Absent,High,18/11/14 20:08,18/11/14,20:08:00,0.84,130,0.82
Persecuted,Bathurst,MP18,Fox,Absent,High,13/12/14 20:41,13/12/14,20:41:52,0.86,130,0.82
Persecuted,Bathurst,MP18,Fox,Absent,High,13/12/14 20:41,13/12/14,20:41:55,0.86,130,0.82
Persecuted,Bathurst,MP18,Fox,Absent,High,13/12/14 20:41,13/12/14,20:41:58,0.86,130,0.82
Persecuted,Bathurst,MP18,Fox,Absent,High,21/11/14 20:20,21/11/14,20:20:02,0.85,130,0.83
Persecuted,Bathurst,MP18,Fox,Absent,High,21/11/14 20:20,21/11/14,20:20:05,0.85,130,0.83
Persecuted,Bathurst,MP18,Fox,Absent,High,21/11/14 20:20,21/11/14,20:20:09,0.85,130,0.83
Persecuted,Bathurst,MP18,Fox,Absent,High,8/2/15 20:46,8/2/15,20:46:30,0.87,130,0.84
Persecuted,Bathurst,MP18,Fox,Absent,High,8/2/15 20:46,8/2/15,20:46:34,0.87,130,0.84
Persecuted,Bathurst,MP18,Fox,Absent,High,8/2/15 20:46,8/2/15,20:46:37,0.87,130,0.84
Persecuted,Bathurst,MP18,Fox,Absent,High,28/11/14 20:38,28/11/14,20:38:56,0.86,130,0.84
Persecuted,Bathurst,MP18,Fox,Absent,High,28/11/14 20:38,28/11/14,20:38:59,0.86,130,0.84
Persecuted,Bathurst,MP18,Fox,Absent,High,28/11/14 20:39,28/11/14,20:39:02,0.86,130,0.84
Persecuted,Bathurst,MP18,Fox,Absent,High,29/12/14 21:10,29/12/14,21:10:38,0.88,130,0.85
Persecuted,Bathurst,MP18,Fox,Absent,High,29/12/14 21:10,29/12/14,21:10:41,0.88,130,0.85
Persecuted,Bathurst,MP18,Fox,Absent,High,29/12/14 21:10,29/12/14,21:10:45,0.88,130,0.85
Persecuted,Bathurst,MP18,Fox,Absent,High,11/11/14 20:48,11/11/14,20:48:54,0.87,130,0.85
Persecuted,Bathurst,MP18,Fox,Absent,High,11/11/14 20:48,11/11/14,20:48:58,0.87,130,0.85
Persecuted,Bathurst,MP18,Fox,Absent,High,11/11/14 20:49,11/11/14,20:49:01,0.87,130,0.85
Persecuted,Bathurst,MP18,Fox,Absent,High,18/12/14 21:27,18/12/14,21:27:36,0.89,130,0.86
Persecuted,Bathurst,MP18,Fox,Absent,High,18/12/14 21:27,18/12/14,21:27:40,0.89,130,0.86
Persecuted,Bathurst,MP18,Fox,Absent,High,18/12/14 21:27,18/12/14,21:27:43,0.89,130,0.86
Persecuted,Bathurst,MP18,Fox,Absent,High,10/12/14 21:17,10/12/14,21:17:10,0.89,130,0.86
Persecuted,Bathurst,MP18,Fox,Absent,High,10/12/14 21:17,10/12/14,21:17:14,0.89,130,0.86
Persecuted,Bathurst,MP18,Fox,Absent,High,10/12/14 21:17,10/12/14,21:17:17,0.89,130,0.86
Persecuted,Bathurst,MP18,Fox,Absent,High,22/12/14 21:32,22/12/14,21:32:46,0.9,130,0.87
Persecuted,Bathurst,MP18,Fox,Absent,High,22/12/14 21:32,22/12/14,21:32:50,0.9,130,0.87
Persecuted,Bathurst,MP18,Fox,Absent,High,22/12/14 21:32,22/12/14,21:32:53,0.9,130,0.87
Persecuted,Bathurst,MP18,Fox,Absent,High,10/1/15 21:50,10/1/15,21:50:53,0.91,130,0.87
Persecuted,Bathurst,MP18,Fox,Absent,High,10/1/15 21:50,10/1/15,21:50:56,0.91,130,0.87
Persecuted,Bathurst,MP18,Fox,Absent,High,10/1/15 21:51,10/1/15,21:51:00,0.91,130,0.87
Persecuted,Bathurst,MP18,Fox,Absent,High,5/11/14 21:43,5/11/14,21:43:06,0.9,130,0.89
Persecuted,Bathurst,MP18,Fox,Absent,High,10/11/14 21:57,10/11/14,21:57:22,0.91,130,0.9
Persecuted,Bathurst,MP18,Fox,Absent,High,10/11/14 21:57,10/11/14,21:57:26,0.91,130,0.9
Persecuted,Bathurst,MP18,Fox,Absent,High,10/11/14 21:57,10/11/14,21:57:29,0.91,130,0.9
Persecuted,Bathurst,MP18,Fox,Absent,High,10/3/15 22:01,10/3/15,22:01:06,0.92,130,0.91
Persecuted,Bathurst,MP18,Fox,Absent,High,10/3/15 22:01,10/3/15,22:01:10,0.92,130,0.91
Persecuted,Bathurst,MP18,Fox,Absent,High,10/3/15 22:01,10/3/15,22:01:13,0.92,130,0.91
Persecuted,Bathurst,MP18,Fox,Absent,High,1/1/15 22:43,1/1/15,22:43:37,0.95,130,0.92
Persecuted,Bathurst,MP18,Fox,Absent,High,1/1/15 22:43,1/1/15,22:43:41,0.95,130,0.92
Persecuted,Bathurst,MP18,Fox,Absent,High,1/1/15 22:43,1/1/15,22:43:44,0.95,130,0.92
Persecuted,Bathurst,MP18,Fox,Absent,High,15/12/14 23:29,15/12/14,23:29:38,0.98,130,0.97
Persecuted,Bathurst,MP18,Fox,Absent,High,15/12/14 23:29,15/12/14,23:29:41,0.98,130,0.97
Persecuted,Bathurst,MP18,Fox,Absent,High,15/12/14 23:29,15/12/14,23:29:45,0.98,130,0.97
Persecuted,Bathurst,MP18,Fox,Absent,High,21/2/15 0:07,21/2/15,0:07:08,0,130,0.98
Persecuted,Bathurst,MP18,Fox,Absent,High,21/2/15 0:07,21/2/15,0:07:12,0.01,130,0.99
Persecuted,Bathurst,MP18,Fox,Absent,High,21/2/15 0:07,21/2/15,0:07:15,0.01,130,0.99
Persecuted,Bathurst,MP19,Fox,Absent,High,5/12/14 20:33,5/12/14,20:33:59,0.86,129,0.82
Persecuted,Bathurst,MP19,Fox,Absent,High,5/12/14 20:34,5/12/14,20:34:02,0.86,129,0.82
Persecuted,Bathurst,MP19,Fox,Absent,High,5/12/14 20:34,5/12/14,20:34:06,0.86,129,0.82
Persecuted,Bathurst,MP19,Fox,Absent,High,2/12/14 20:44,2/12/14,20:44:11,0.86,129,0.82
Persecuted,Bathurst,MP19,Fox,Absent,High,2/12/14 20:44,2/12/14,20:44:15,0.86,129,0.82
Persecuted,Bathurst,MP19,Fox,Absent,High,2/12/14 20:44,2/12/14,20:44:18,0.86,129,0.82
Persecuted,Bathurst,MP19,Fox,Absent,High,5/12/14 21:08,5/12/14,21:08:58,0.88,129,0.85
Persecuted,Bathurst,MP19,Fox,Absent,High,5/12/14 21:09,5/12/14,21:09:01,0.88,129,0.85
Persecuted,Bathurst,MP19,Fox,Absent,High,5/12/14 21:09,5/12/14,21:09:05,0.88,129,0.85
Persecuted,Bathurst,MP19,Fox,Absent,High,27/2/15 21:28,27/2/15,21:28:11,0.89,129,0.86
Persecuted,Bathurst,MP19,Fox,Absent,High,27/2/15 21:28,27/2/15,21:28:14,0.89,129,0.86
Persecuted,Bathurst,MP19,Fox,Absent,High,27/2/15 21:28,27/2/15,21:28:18,0.89,129,0.86
Persecuted,Bathurst,MP19,Fox,Absent,High,2/12/14 21:47,2/12/14,21:47:16,0.91,129,0.88
Persecuted,Bathurst,MP19,Fox,Absent,High,2/12/14 21:47,2/12/14,21:47:19,0.91,129,0.88
Persecuted,Bathurst,MP19,Fox,Absent,High,2/12/14 21:47,2/12/14,21:47:23,0.91,129,0.88
Persecuted,Bathurst,MP19,Fox,Absent,High,2/12/14 21:59,2/12/14,21:59:25,0.92,129,0.9
Persecuted,Bathurst,MP19,Fox,Absent,High,2/12/14 21:59,2/12/14,21:59:28,0.92,129,0.9
Persecuted,Bathurst,MP20,Fox,Absent,High,12/11/14 21:58,12/11/14,21:58:12,0.92,129,0.91
Persecuted,Bathurst,MP20,Fox,Absent,High,12/11/14 21:58,12/11/14,21:58:16,0.92,129,0.91
Persecuted,Bathurst,MP20,Fox,Absent,High,12/11/14 21:58,12/11/14,21:58:19,0.92,129,0.91
Persecuted,Bathurst,MP20,Fox,Absent,High,9/2/15 23:45,9/2/15,23:45:29,0.99,129,0.97
Persecuted,Bathurst,MP20,Fox,Absent,High,9/2/15 23:45,9/2/15,23:45:32,0.99,129,0.97
Persecuted,Bathurst,MP20,Fox,Absent,High,9/2/15 23:45,9/2/15,23:45:36,0.99,129,0.97
Persecuted,Capertee,Cam1,Fox,Persecuted,High,17/5/14 19:07,17/5/14,19:07:03,0.8,109,0.82
Persecuted,Capertee,Cam1,Fox,Persecuted,High,17/5/14 19:07,17/5/14,19:07:04,0.8,109,0.82
Persecuted,Capertee,Cam10,Fox,Persecuted,High,15/8/14 1:18,15/8/14,1:18:02,0.05,139,0.04
Persecuted,Capertee,Cam10,Fox,Persecuted,High,15/8/14 1:18,15/8/14,1:18:03,0.05,139,0.04
Persecuted,Capertee,Cam10,Fox,Persecuted,High,25/6/14 1:16,25/6/14,1:16:16,0.05,139,0.04
Persecuted,Capertee,Cam10,Fox,Persecuted,High,25/6/14 1:16,25/6/14,1:16:17,0.05,139,0.04
Persecuted,Capertee,Cam10,Fox,Persecuted,High,5/9/14 3:09,5/9/14,3:09:52,0.13,139,0.13
Persecuted,Capertee,Cam10,Fox,Persecuted,High,5/9/14 3:09,5/9/14,3:09:53,0.13,139,0.13
Persecuted,Capertee,Cam10,Fox,Persecuted,High,19/8/14 5:17,19/8/14,5:17:12,0.22,139,0.2
Persecuted,Capertee,Cam10,Fox,Persecuted,High,19/8/14 5:17,19/8/14,5:17:13,0.22,139,0.2
Persecuted,Capertee,Cam10,Fox,Persecuted,High,13/5/14 5:40,13/5/14,5:40:03,0.24,139,0.21
Persecuted,Capertee,Cam10,Fox,Persecuted,High,13/5/14 5:40,13/5/14,5:40:04,0.24,139,0.21
Persecuted,Capertee,Cam10,Fox,Persecuted,High,2/5/14 16:05,2/5/14,16:05:50,0.67,139,0.7
Persecuted,Capertee,Cam10,Fox,Persecuted,High,31/7/14 19:23,31/7/14,19:23:31,0.81,139,0.83
Persecuted,Capertee,Cam10,Fox,Persecuted,High,31/7/14 19:23,31/7/14,19:23:32,0.81,139,0.83
Persecuted,Capertee,Cam10,Fox,Persecuted,High,31/7/14 19:23,31/7/14,19:23:50,0.81,139,0.83
Persecuted,Capertee,Cam10,Fox,Persecuted,High,31/7/14 19:23,31/7/14,19:23:51,0.81,139,0.83
Persecuted,Capertee,Cam10,Fox,Persecuted,High,7/7/14 20:58,7/7/14,20:58:44,0.87,139,0.88
Persecuted,Capertee,Cam10,Fox,Persecuted,High,7/7/14 20:58,7/7/14,20:58:45,0.87,139,0.88
Persecuted,Capertee,Cam10,Fox,Persecuted,High,12/5/14 23:12,12/5/14,23:12:54,0.97,139,0.98
Persecuted,Capertee,Cam10,Fox,Persecuted,High,12/5/14 23:12,12/5/14,23:12:55,0.97,139,0.98
Persecuted,Capertee,Cam11,Fox,Persecuted,High,22/6/14 23:56,22/6/14,23:56:57,1,139,0
Persecuted,Capertee,Cam11,Fox,Persecuted,High,22/6/14 23:56,22/6/14,23:56:58,1,139,0
Persecuted,Capertee,Cam11,Fox,Persecuted,High,2/6/14 5:07,2/6/14,5:07:32,0.21,139,0.18
Persecuted,Capertee,Cam11,Fox,Persecuted,High,2/6/14 5:07,2/6/14,5:07:33,0.21,139,0.18
Persecuted,Capertee,Cam11,Fox,Persecuted,High,2/6/14 5:07,2/6/14,5:07:34,0.21,139,0.18
Persecuted,Capertee,Cam11,Fox,Persecuted,High,14/6/14 5:40,14/6/14,5:40:54,0.24,139,0.21
Persecuted,Capertee,Cam11,Fox,Persecuted,High,14/6/14 5:40,14/6/14,5:40:55,0.24,139,0.21
Persecuted,Capertee,Cam11,Fox,Persecuted,High,11/6/14 6:57,11/6/14,6:57:18,0.29,139,0.25
Persecuted,Capertee,Cam11,Fox,Persecuted,High,11/6/14 6:57,11/6/14,6:57:19,0.29,139,0.25
Persecuted,Capertee,Cam11,Fox,Persecuted,High,25/5/14 11:24,25/5/14,11:24:58,0.48,139,0.48
Persecuted,Capertee,Cam11,Fox,Persecuted,High,25/5/14 11:24,25/5/14,11:24:59,0.48,139,0.48
Persecuted,Capertee,Cam11,Dingo,Persecuted,High,16/5/14 13:34,16/5/14,13:34:10,0.57,139,0.58
Persecuted,Capertee,Cam11,Dingo,Persecuted,High,16/5/14 13:34,16/5/14,13:34:11,0.57,139,0.58
Persecuted,Capertee,Cam11,Fox,Persecuted,High,14/7/14 17:36,14/7/14,17:36:51,0.73,139,0.76
Persecuted,Capertee,Cam11,Fox,Persecuted,High,14/7/14 17:36,14/7/14,17:36:52,0.73,139,0.76
Persecuted,Capertee,Cam11,Fox,Persecuted,High,22/5/14 18:12,22/5/14,18:12:33,0.76,139,0.79
Persecuted,Capertee,Cam11,Fox,Persecuted,High,22/5/14 18:12,22/5/14,18:12:34,0.76,139,0.79
Persecuted,Capertee,Cam11,Fox,Persecuted,High,22/5/14 18:12,22/5/14,18:12:35,0.76,139,0.79
Persecuted,Capertee,Cam11,Fox,Persecuted,High,11/7/14 18:14,11/7/14,18:14:32,0.76,139,0.79
Persecuted,Capertee,Cam11,Fox,Persecuted,High,11/7/14 18:14,11/7/14,18:14:33,0.76,139,0.79
Persecuted,Capertee,Cam11,Fox,Persecuted,High,11/7/14 18:14,11/7/14,18:14:34,0.76,139,0.79
Persecuted,Capertee,Cam11,Fox,Persecuted,High,11/5/14 18:30,11/5/14,18:30:25,0.77,139,0.8
Persecuted,Capertee,Cam11,Fox,Persecuted,High,11/5/14 18:30,11/5/14,18:30:26,0.77,139,0.8
Persecuted,Capertee,Cam11,Fox,Persecuted,High,16/5/14 18:24,16/5/14,18:24:28,0.77,139,0.8
Persecuted,Capertee,Cam11,Fox,Persecuted,High,16/5/14 18:24,16/5/14,18:24:29,0.77,139,0.8
Persecuted,Capertee,Cam11,Fox,Persecuted,High,9/6/14 21:42,9/6/14,21:42:09,0.9,139,0.91
Persecuted,Capertee,Cam11,Fox,Persecuted,High,9/6/14 21:42,9/6/14,21:42:10,0.9,139,0.91
Persecuted,Capertee,Cam11,Fox,Persecuted,High,16/7/14 21:47,16/7/14,21:47:31,0.91,139,0.92
Persecuted,Capertee,Cam11,Fox,Persecuted,High,16/7/14 21:47,16/7/14,21:47:32,0.91,139,0.92
Persecuted,Capertee,Cam12,Fox,Persecuted,High,9/5/14 2:28,9/5/14,2:28:30,0.1,127,0.09
Persecuted,Capertee,Cam12,Fox,Persecuted,High,9/5/14 2:28,9/5/14,2:28:31,0.1,127,0.09
Persecuted,Capertee,Cam12,Fox,Persecuted,High,25/8/14 4:23,25/8/14,4:23:32,0.18,127,0.16
Persecuted,Capertee,Cam12,Fox,Persecuted,High,25/8/14 4:23,25/8/14,4:23:33,0.18,127,0.16
Persecuted,Capertee,Cam12,Fox,Persecuted,High,25/8/14 4:23,25/8/14,4:23:34,0.18,127,0.16
Persecuted,Capertee,Cam12,Fox,Persecuted,High,22/8/14 5:55,22/8/14,5:55:15,0.25,127,0.22
Persecuted,Capertee,Cam12,Fox,Persecuted,High,22/8/14 5:55,22/8/14,5:55:16,0.25,127,0.22
Persecuted,Capertee,Cam12,Fox,Persecuted,High,24/7/14 6:42,24/7/14,6:42:22,0.28,127,0.24
Persecuted,Capertee,Cam12,Fox,Persecuted,High,24/7/14 6:42,24/7/14,6:42:23,0.28,127,0.24
Persecuted,Capertee,Cam12,Fox,Persecuted,High,17/7/14 14:25,17/7/14,14:25:30,0.6,127,0.61
Persecuted,Capertee,Cam12,Fox,Persecuted,High,17/7/14 14:25,17/7/14,14:25:31,0.6,127,0.61
Persecuted,Capertee,Cam12,Cat,Persecuted,High,3/7/14 16:23,3/7/14,16:23:28,0.68,139,0.71
Persecuted,Capertee,Cam12,Cat,Persecuted,High,3/7/14 16:23,3/7/14,16:23:29,0.68,127,0.71
Persecuted,Capertee,Cam12,Dingo,Persecuted,High,12/5/14 17:18,12/5/14,17:18:37,0.72,127,0.75
Persecuted,Capertee,Cam12,Fox,Persecuted,High,17/8/14 18:41,17/8/14,18:41:28,0.78,127,0.8
Persecuted,Capertee,Cam12,Fox,Persecuted,High,17/8/14 18:41,17/8/14,18:41:29,0.78,127,0.8
Persecuted,Capertee,Cam12,Fox,Persecuted,High,23/8/14 20:05,23/8/14,20:05:30,0.84,127,0.85
Persecuted,Capertee,Cam12,Fox,Persecuted,High,23/8/14 20:05,23/8/14,20:05:31,0.84,127,0.85
Persecuted,Capertee,Cam14,Fox,Persecuted,High,14/5/14 0:51,14/5/14,0:51:22,0.04,135,0.04
Persecuted,Capertee,Cam14,Fox,Persecuted,High,14/5/14 0:51,14/5/14,0:51:23,0.04,135,0.04
Persecuted,Capertee,Cam14,Fox,Persecuted,High,11/5/14 3:27,11/5/14,3:27:39,0.14,135,0.13
Persecuted,Capertee,Cam14,Fox,Persecuted,High,11/5/14 3:27,11/5/14,3:27:40,0.14,135,0.13
Persecuted,Capertee,Cam14,Fox,Persecuted,High,11/5/14 3:27,11/5/14,3:27:41,0.14,135,0.13
Persecuted,Capertee,Cam14,Fox,Persecuted,High,3/5/14 4:50,3/5/14,4:50:07,0.2,135,0.18
Persecuted,Capertee,Cam14,Fox,Persecuted,High,3/5/14 4:50,3/5/14,4:50:08,0.2,135,0.18
Persecuted,Capertee,Cam14,Fox,Persecuted,High,17/5/14 6:02,17/5/14,6:02:32,0.25,135,0.22
Persecuted,Capertee,Cam14,Fox,Persecuted,High,17/5/14 6:02,17/5/14,6:02:33,0.25,135,0.22
Persecuted,Capertee,Cam14,Fox,Persecuted,High,8/5/14 8:07,8/5/14,8:07:23,0.34,135,0.32
Persecuted,Capertee,Cam14,Fox,Persecuted,High,8/5/14 8:07,8/5/14,8:07:24,0.34,135,0.32
Persecuted,Capertee,Cam14,Fox,Persecuted,High,8/5/14 8:12,8/5/14,8:12:51,0.34,135,0.32
Persecuted,Capertee,Cam14,Fox,Persecuted,High,8/5/14 8:12,8/5/14,8:12:52,0.34,135,0.32
Persecuted,Capertee,Cam14,Fox,Persecuted,High,6/5/14 8:23,6/5/14,8:23:17,0.35,135,0.33
Persecuted,Capertee,Cam14,Fox,Persecuted,High,6/5/14 8:23,6/5/14,8:23:18,0.35,135,0.33
Persecuted,Capertee,Cam14,Fox,Persecuted,High,10/5/14 9:31,10/5/14,9:31:31,0.4,135,0.39
Persecuted,Capertee,Cam14,Fox,Persecuted,High,10/5/14 9:31,10/5/14,9:31:32,0.4,135,0.39
Persecuted,Capertee,Cam14,Fox,Persecuted,High,10/5/14 14:07,10/5/14,14:07:47,0.59,135,0.61
Persecuted,Capertee,Cam14,Fox,Persecuted,High,10/5/14 14:07,10/5/14,14:07:48,0.59,135,0.61
Persecuted,Capertee,Cam14,Fox,Persecuted,High,10/5/14 14:07,10/5/14,14:07:49,0.59,135,0.61
Persecuted,Capertee,Cam14,Dingo,Persecuted,High,12/5/14 16:57,12/5/14,16:57:41,0.71,135,0.74
Persecuted,Capertee,Cam14,Dingo,Persecuted,High,12/5/14 16:57,12/5/14,16:57:42,0.71,135,0.74
Persecuted,Capertee,Cam14,Fox,Persecuted,High,14/5/14 17:33,14/5/14,17:33:36,0.73,135,0.76
Persecuted,Capertee,Cam14,Fox,Persecuted,High,14/5/14 17:33,14/5/14,17:33:37,0.73,135,0.76
Persecuted,Capertee,Cam14,Fox,Persecuted,High,14/5/14 17:33,14/5/14,17:33:38,0.73,135,0.76
Persecuted,Capertee,Cam14,Fox,Persecuted,High,5/5/14 18:23,5/5/14,18:23:26,0.77,135,0.8
Persecuted,Capertee,Cam14,Fox,Persecuted,High,5/5/14 18:23,5/5/14,18:23:27,0.77,135,0.8
Persecuted,Capertee,Cam14,Fox,Persecuted,High,3/5/14 18:41,3/5/14,18:41:42,0.78,135,0.81
Persecuted,Capertee,Cam14,Fox,Persecuted,High,3/5/14 18:41,3/5/14,18:41:43,0.78,135,0.81
Persecuted,Capertee,Cam14,Fox,Persecuted,High,1/5/14 23:27,1/5/14,23:27:13,0.98,135,0.98
Persecuted,Capertee,Cam14,Fox,Persecuted,High,1/5/14 23:27,1/5/14,23:27:14,0.98,135,0.98
Persecuted,Capertee,Cam14,Fox,Persecuted,High,16/5/14 23:25,16/5/14,23:25:42,0.98,135,0.98
Persecuted,Capertee,Cam14,Fox,Persecuted,High,16/5/14 23:25,16/5/14,23:25:43,0.98,135,0.98
Persecuted,Capertee,Cam15,Fox,Persecuted,High,26/7/14 0:12,26/7/14,0:12:41,0.01,139,0
Persecuted,Capertee,Cam15,Fox,Persecuted,High,26/7/14 0:12,26/7/14,0:12:42,0.01,139,0
Persecuted,Capertee,Cam15,Cat,Persecuted,High,24/6/14 3:23,24/6/14,3:23:45,0.14,139,0.12
Persecuted,Capertee,Cam15,Cat,Persecuted,High,24/6/14 3:23,24/6/14,3:23:46,0.14,139,0.12
Persecuted,Capertee,Cam15,Fox,Persecuted,High,28/7/14 4:02,28/7/14,4:02:26,0.17,139,0.14
Persecuted,Capertee,Cam15,Fox,Persecuted,High,28/7/14 4:02,28/7/14,4:02:27,0.17,139,0.14
Persecuted,Capertee,Cam15,Fox,Persecuted,High,23/5/14 9:54,23/5/14,9:54:14,0.41,139,0.4
Persecuted,Capertee,Cam15,Fox,Persecuted,High,23/5/14 9:54,23/5/14,9:54:15,0.41,139,0.4
Persecuted,Capertee,Cam15,Fox,Persecuted,High,21/6/14 14:01,21/6/14,14:01:57,0.58,139,0.6
Persecuted,Capertee,Cam15,Fox,Persecuted,High,21/6/14 14:01,21/6/14,14:01:58,0.58,139,0.6
Persecuted,Capertee,Cam15,Fox,Persecuted,High,26/7/14 14:07,26/7/14,14:07:34,0.59,139,0.6
Persecuted,Capertee,Cam15,Fox,Persecuted,High,26/7/14 14:07,26/7/14,14:07:35,0.59,139,0.6
Persecuted,Capertee,Cam15,Fox,Persecuted,High,9/9/14 17:59,9/9/14,17:59:01,0.75,139,0.75
Persecuted,Capertee,Cam15,Fox,Persecuted,High,5/7/14 18:50,5/7/14,18:50:38,0.79,139,0.81
Persecuted,Capertee,Cam15,Fox,Persecuted,High,27/5/14 18:53,27/5/14,18:53:12,0.79,139,0.82
Persecuted,Capertee,Cam15,Fox,Persecuted,High,27/5/14 18:53,27/5/14,18:53:13,0.79,139,0.82
Persecuted,Capertee,Cam15,Fox,Persecuted,High,27/5/14 18:53,27/5/14,18:53:14,0.79,139,0.82
Persecuted,Capertee,Cam15,Fox,Persecuted,High,31/7/14 20:29,31/7/14,20:29:04,0.85,139,0.87
Persecuted,Capertee,Cam15,Fox,Persecuted,High,31/7/14 20:29,31/7/14,20:29:05,0.85,139,0.87
Persecuted,Capertee,Cam15,Fox,Persecuted,High,5/8/14 23:22,5/8/14,23:22:20,0.97,139,0.97
Persecuted,Capertee,Cam15,Fox,Persecuted,High,5/8/14 23:22,5/8/14,23:22:21,0.97,139,0.97
Persecuted,Capertee,Cam15,Fox,Persecuted,High,1/5/14 23:38,1/5/14,23:38:48,0.99,139,0.99
Persecuted,Capertee,Cam16,Fox,Persecuted,High,27/8/14 2:20,27/8/14,2:20:51,0.1,123,0.09
Persecuted,Capertee,Cam16,Fox,Persecuted,High,27/8/14 2:20,27/8/14,2:20:52,0.1,123,0.09
Persecuted,Capertee,Cam16,Fox,Persecuted,High,3/7/14 4:38,3/7/14,4:38:40,0.19,123,0.16
Persecuted,Capertee,Cam16,Fox,Persecuted,High,3/7/14 4:38,3/7/14,4:38:41,0.19,123,0.16
Persecuted,Capertee,Cam16,Fox,Persecuted,High,11/6/14 5:12,11/6/14,5:12:19,0.22,123,0.19
Persecuted,Capertee,Cam16,Fox,Persecuted,High,11/6/14 5:12,11/6/14,5:12:20,0.22,123,0.19
Persecuted,Capertee,Cam16,Fox,Persecuted,High,6/7/14 5:25,6/7/14,5:25:27,0.23,123,0.19
Persecuted,Capertee,Cam16,Fox,Persecuted,High,6/7/14 5:25,6/7/14,5:25:28,0.23,123,0.19
Persecuted,Capertee,Cam16,Fox,Persecuted,High,6/7/14 5:25,6/7/14,5:25:29,0.23,123,0.19
Persecuted,Capertee,Cam16,Fox,Persecuted,High,10/5/14 6:17,10/5/14,6:17:10,0.26,123,0.23
Persecuted,Capertee,Cam16,Fox,Persecuted,High,10/5/14 6:17,10/5/14,6:17:11,0.26,123,0.23
Persecuted,Capertee,Cam16,Dingo,Persecuted,High,18/7/14 7:23,18/7/14,7:23:10,0.31,123,0.27
Persecuted,Capertee,Cam16,Dingo,Persecuted,High,18/7/14 7:23,18/7/14,7:23:11,0.31,123,0.27
Persecuted,Capertee,Cam16,Fox,Persecuted,High,10/9/14 13:16,10/9/14,13:16:34,0.55,123,0.55
Persecuted,Capertee,Cam16,Fox,Persecuted,High,10/9/14 13:16,10/9/14,13:16:35,0.55,123,0.55
Persecuted,Capertee,Cam16,Fox,Persecuted,High,10/9/14 13:17,10/9/14,13:17:01,0.55,123,0.55
Persecuted,Capertee,Cam16,Fox,Persecuted,High,26/6/14 18:58,26/6/14,18:58:48,0.79,123,0.82
Persecuted,Capertee,Cam16,Fox,Persecuted,High,26/6/14 18:58,26/6/14,18:58:49,0.79,123,0.82
Persecuted,Capertee,Cam16,Fox,Persecuted,High,10/9/14 19:50,10/9/14,19:50:42,0.83,123,0.83
Persecuted,Capertee,Cam16,Fox,Persecuted,High,10/9/14 19:50,10/9/14,19:50:43,0.83,123,0.83
Persecuted,Capertee,Cam16,Fox,Persecuted,High,30/6/14 20:22,30/6/14,20:22:58,0.85,123,0.87
Persecuted,Capertee,Cam16,Fox,Persecuted,High,30/6/14 20:22,30/6/14,20:22:59,0.85,123,0.87
Persecuted,Capertee,Cam16,Fox,Persecuted,High,13/9/14 22:07,13/9/14,22:07:24,0.92,123,0.92
Persecuted,Capertee,Cam16,Fox,Persecuted,High,13/9/14 22:07,13/9/14,22:07:25,0.92,123,0.92
Persecuted,Capertee,Cam17,Fox,Persecuted,High,12/7/14 0:16,12/7/14,0:16:11,0.01,139,0
Persecuted,Capertee,Cam17,Fox,Persecuted,High,12/7/14 0:16,12/7/14,0:16:12,0.01,139,0
Persecuted,Capertee,Cam17,Fox,Persecuted,High,12/7/14 0:16,12/7/14,0:16:13,0.01,139,0
Persecuted,Capertee,Cam17,Fox,Persecuted,High,28/8/14 4:33,28/8/14,4:33:06,0.19,139,0.17
Persecuted,Capertee,Cam17,Fox,Persecuted,High,28/8/14 4:33,28/8/14,4:33:07,0.19,139,0.17
Persecuted,Capertee,Cam17,Fox,Persecuted,High,28/8/14 4:33,28/8/14,4:33:08,0.19,139,0.17
Persecuted,Capertee,Cam17,Fox,Persecuted,High,15/5/14 9:02,15/5/14,9:02:24,0.38,139,0.36
Persecuted,Capertee,Cam17,Fox,Persecuted,High,15/5/14 9:02,15/5/14,9:02:25,0.38,139,0.36
Persecuted,Capertee,Cam17,Fox,Persecuted,High,17/5/14 9:24,17/5/14,9:24:53,0.39,139,0.38
Persecuted,Capertee,Cam17,Fox,Persecuted,High,17/5/14 9:24,17/5/14,9:24:54,0.39,139,0.38
Persecuted,Capertee,Cam17,Dingo,Persecuted,High,18/6/14 10:30,18/6/14,10:30:34,0.44,139,0.43
Persecuted,Capertee,Cam17,Dingo,Persecuted,High,18/6/14 10:30,18/6/14,10:30:35,0.44,139,0.43
Persecuted,Capertee,Cam17,Dingo,Persecuted,High,17/8/14 15:45,17/8/14,15:45:18,0.66,139,0.67
Persecuted,Capertee,Cam17,Dingo,Persecuted,High,17/8/14 15:45,17/8/14,15:45:19,0.66,139,0.67
Persecuted,Capertee,Cam17,Cat,Persecuted,High,29/8/14 16:33,29/8/14,16:33:30,0.69,139,0.71
Persecuted,Capertee,Cam17,Cat,Persecuted,High,29/8/14 16:33,29/8/14,16:33:31,0.69,139,0.71
Persecuted,Capertee,Cam17,Fox,Persecuted,High,5/6/14 18:24,5/6/14,18:24:01,0.77,139,0.8
Persecuted,Capertee,Cam17,Fox,Persecuted,High,5/6/14 18:24,5/6/14,18:24:02,0.77,139,0.8
Persecuted,Capertee,Cam17,Fox,Persecuted,High,5/6/14 18:24,5/6/14,18:24:03,0.77,139,0.8
Persecuted,Capertee,Cam17,Fox,Persecuted,High,8/9/14 19:57,8/9/14,19:57:25,0.83,139,0.83
Persecuted,Capertee,Cam17,Fox,Persecuted,High,8/9/14 19:57,8/9/14,19:57:26,0.83,139,0.83
Persecuted,Capertee,Cam17,Fox,Persecuted,High,8/9/14 21:20,8/9/14,21:20:17,0.89,139,0.89
Persecuted,Capertee,Cam17,Fox,Persecuted,High,8/9/14 21:20,8/9/14,21:20:18,0.89,139,0.89
Persecuted,Capertee,Cam17,Fox,Persecuted,High,8/9/14 21:20,8/9/14,21:20:19,0.89,139,0.89
Persecuted,Capertee,Cam17,Fox,Persecuted,High,31/7/14 22:00,31/7/14,22:00:44,0.92,139,0.93
Persecuted,Capertee,Cam17,Fox,Persecuted,High,31/7/14 22:00,31/7/14,22:00:45,0.92,139,0.93
Persecuted,Capertee,Cam17,Fox,Persecuted,High,31/7/14 22:00,31/7/14,22:00:46,0.92,139,0.93
Persecuted,Capertee,Cam17,Fox,Persecuted,High,6/5/14 22:42,6/5/14,22:42:59,0.95,139,0.96
Persecuted,Capertee,Cam17,Fox,Persecuted,High,6/5/14 22:43,6/5/14,22:43:00,0.95,139,0.96
Persecuted,Capertee,Cam17,Fox,Persecuted,High,6/5/14 22:43,6/5/14,22:43:17,0.95,139,0.96
Persecuted,Capertee,Cam17,Fox,Persecuted,High,6/5/14 22:43,6/5/14,22:43:18,0.95,139,0.96
Persecuted,Capertee,Cam18,Fox,Persecuted,High,5/7/14 8:33,5/7/14,8:33:37,0.36,140,0.33
Persecuted,Capertee,Cam18,Fox,Persecuted,High,5/7/14 8:33,5/7/14,8:33:38,0.36,140,0.33
Persecuted,Capertee,Cam18,Fox,Persecuted,High,14/7/14 9:58,14/7/14,9:58:05,0.42,140,0.4
Persecuted,Capertee,Cam18,Fox,Persecuted,High,14/7/14 9:58,14/7/14,9:58:06,0.42,140,0.4
Persecuted,Capertee,Cam18,Fox,Persecuted,High,4/9/14 18:30,4/9/14,18:30:05,0.77,140,0.77
Persecuted,Capertee,Cam18,Fox,Persecuted,High,4/9/14 18:30,4/9/14,18:30:06,0.77,140,0.77
Persecuted,Capertee,Cam18,Fox,Persecuted,High,13/6/14 19:42,13/6/14,19:42:08,0.82,140,0.85
Persecuted,Capertee,Cam18,Fox,Persecuted,High,13/6/14 19:42,13/6/14,19:42:09,0.82,140,0.85
Persecuted,Capertee,Cam18,Fox,Persecuted,High,2/9/14 22:49,2/9/14,22:49:55,0.95,140,0.95
Persecuted,Capertee,Cam18,Fox,Persecuted,High,2/9/14 22:49,2/9/14,22:49:56,0.95,140,0.95
Persecuted,Capertee,Cam19,Fox,Persecuted,High,18/7/14 1:35,18/7/14,1:35:42,0.07,118,0.06
Persecuted,Capertee,Cam19,Fox,Persecuted,High,18/7/14 1:35,18/7/14,1:35:43,0.07,118,0.06
Persecuted,Capertee,Cam19,Fox,Persecuted,High,27/7/14 7:48,27/7/14,7:48:37,0.33,118,0.29
Persecuted,Capertee,Cam19,Fox,Persecuted,High,27/7/14 7:48,27/7/14,7:48:38,0.33,118,0.29
Persecuted,Capertee,Cam19,Fox,Persecuted,High,8/7/14 13:57,8/7/14,13:57:07,0.58,118,0.59
Persecuted,Capertee,Cam19,Fox,Persecuted,High,8/7/14 13:57,8/7/14,13:57:08,0.58,118,0.59
Persecuted,Capertee,Cam19,Fox,Persecuted,High,3/8/14 21:37,3/8/14,21:37:35,0.9,118,0.9
Persecuted,Capertee,Cam19,Fox,Persecuted,High,3/8/14 21:37,3/8/14,21:37:36,0.9,118,0.9
Persecuted,Capertee,Cam19,Fox,Persecuted,High,25/6/14 21:33,25/6/14,21:33:55,0.9,118,0.91
Persecuted,Capertee,Cam19,Fox,Persecuted,High,25/6/14 21:33,25/6/14,21:33:56,0.9,118,0.91
Persecuted,Capertee,Cam19,Fox,Persecuted,High,25/6/14 21:33,25/6/14,21:33:57,0.9,118,0.91
Persecuted,Capertee,Cam2,Fox,Persecuted,High,16/8/14 3:34,16/8/14,3:34:19,0.15,48,0.13
Persecuted,Capertee,Cam2,Fox,Persecuted,High,16/8/14 3:34,16/8/14,3:34:20,0.15,48,0.13
Persecuted,Capertee,Cam2,Fox,Persecuted,High,16/8/14 3:34,16/8/14,3:34:57,0.15,48,0.13
Persecuted,Capertee,Cam2,Fox,Persecuted,High,16/8/14 3:34,16/8/14,3:34:58,0.15,48,0.13
Persecuted,Capertee,Cam2,Fox,Persecuted,High,29/6/14 17:21,29/6/14,17:21:02,0.72,48,0.76
Persecuted,Capertee,Cam2,Fox,Persecuted,High,29/6/14 17:21,29/6/14,17:21:03,0.72,48,0.76
Persecuted,Capertee,Cam2,Fox,Persecuted,High,13/8/14 18:46,13/8/14,18:46:49,0.78,48,0.8
Persecuted,Capertee,Cam2,Fox,Persecuted,High,13/8/14 18:46,13/8/14,18:46:50,0.78,48,0.8
Persecuted,Capertee,Cam21,Cat,Persecuted,High,18/8/14 0:13,18/8/14,0:13:08,0.01,140,0
Persecuted,Capertee,Cam21,Cat,Persecuted,High,18/8/14 0:13,18/8/14,0:13:09,0.01,140,0
Persecuted,Capertee,Cam21,Fox,Persecuted,High,6/6/14 3:11,6/6/14,3:11:24,0.13,140,0.11
Persecuted,Capertee,Cam21,Fox,Persecuted,High,6/6/14 3:11,6/6/14,3:11:25,0.13,140,0.11
Persecuted,Capertee,Cam21,Cat,Persecuted,High,18/5/14 3:42,18/5/14,3:42:34,0.15,140,0.13
Persecuted,Capertee,Cam21,Cat,Persecuted,High,18/5/14 3:42,18/5/14,3:42:35,0.15,140,0.13
Persecuted,Capertee,Cam21,Fox,Persecuted,High,19/7/14 4:20,19/7/14,4:20:42,0.18,140,0.15
Persecuted,Capertee,Cam21,Fox,Persecuted,High,19/7/14 4:20,19/7/14,4:20:43,0.18,140,0.15
Persecuted,Capertee,Cam21,Fox,Persecuted,High,5/6/14 5:33,5/6/14,5:33:36,0.23,140,0.2
Persecuted,Capertee,Cam21,Fox,Persecuted,High,5/6/14 5:33,5/6/14,5:33:37,0.23,140,0.2
Persecuted,Capertee,Cam21,Fox,Persecuted,High,16/5/14 6:34,16/5/14,6:34:32,0.27,140,0.24
Persecuted,Capertee,Cam21,Fox,Persecuted,High,16/5/14 6:34,16/5/14,6:34:33,0.27,140,0.24
Persecuted,Capertee,Cam21,Dingo,Persecuted,High,12/9/14 16:41,12/9/14,16:41:27,0.7,140,0.7
Persecuted,Capertee,Cam21,Dingo,Persecuted,High,12/9/14 16:41,12/9/14,16:41:28,0.7,140,0.7
Persecuted,Capertee,Cam21,Fox,Persecuted,High,19/5/14 17:59,19/5/14,17:59:27,0.75,140,0.78
Persecuted,Capertee,Cam21,Fox,Persecuted,High,19/5/14 17:59,19/5/14,17:59:28,0.75,140,0.78
Persecuted,Capertee,Cam21,Fox,Persecuted,High,5/8/14 19:22,5/8/14,19:22:03,0.81,140,0.82
Persecuted,Capertee,Cam21,Fox,Persecuted,High,5/8/14 19:22,5/8/14,19:22:04,0.81,140,0.82
Persecuted,Capertee,Cam21,Cat,Persecuted,High,10/9/14 19:36,10/9/14,19:36:42,0.82,140,0.82
Persecuted,Capertee,Cam21,Cat,Persecuted,High,10/9/14 19:36,10/9/14,19:36:43,0.82,140,0.82
Persecuted,Capertee,Cam21,Cat,Persecuted,High,8/5/14 19:19,8/5/14,19:19:07,0.8,140,0.82
Persecuted,Capertee,Cam21,Cat,Persecuted,High,8/5/14 19:19,8/5/14,19:19:08,0.8,140,0.82
Persecuted,Capertee,Cam21,Fox,Persecuted,High,18/8/14 19:37,18/8/14,19:37:00,0.82,140,0.83
Persecuted,Capertee,Cam21,Fox,Persecuted,High,18/8/14 19:37,18/8/14,19:37:01,0.82,140,0.83
Persecuted,Capertee,Cam21,Fox,Persecuted,High,18/8/14 19:37,18/8/14,19:37:02,0.82,140,0.83
Persecuted,Capertee,Cam21,Cat,Persecuted,High,2/7/14 20:56,2/7/14,20:56:06,0.87,140,0.88
Persecuted,Capertee,Cam21,Cat,Persecuted,High,2/7/14 20:56,2/7/14,20:56:07,0.87,140,0.88
Persecuted,Capertee,Cam21,Cat,Persecuted,High,2/7/14 20:56,2/7/14,20:56:23,0.87,140,0.88
Persecuted,Capertee,Cam21,Cat,Persecuted,High,2/7/14 20:56,2/7/14,20:56:24,0.87,140,0.88
Persecuted,Capertee,Cam21,Cat,Persecuted,High,2/7/14 20:57,2/7/14,20:57:01,0.87,140,0.88
Persecuted,Capertee,Cam21,Cat,Persecuted,High,2/7/14 20:57,2/7/14,20:57:02,0.87,140,0.88
Persecuted,Capertee,Cam21,Cat,Persecuted,High,2/7/14 20:57,2/7/14,20:57:27,0.87,140,0.88
Persecuted,Capertee,Cam21,Cat,Persecuted,High,2/7/14 20:57,2/7/14,20:57:28,0.87,140,0.88
Persecuted,Capertee,Cam21,Cat,Persecuted,High,2/7/14 20:57,2/7/14,20:57:43,0.87,140,0.88
Persecuted,Capertee,Cam21,Cat,Persecuted,High,2/7/14 20:57,2/7/14,20:57:44,0.87,140,0.88
Persecuted,Capertee,Cam21,Fox,Persecuted,High,5/8/14 21:32,5/8/14,21:32:16,0.9,140,0.9
Persecuted,Capertee,Cam21,Fox,Persecuted,High,5/8/14 21:32,5/8/14,21:32:17,0.9,140,0.9
Persecuted,Capertee,Cam21,Cat,Persecuted,High,2/5/14 22:18,2/5/14,22:18:35,0.93,140,0.94
Persecuted,Capertee,Cam21,Cat,Persecuted,High,2/5/14 22:18,2/5/14,22:18:36,0.93,140,0.94
Persecuted,Capertee,Cam22,Fox,Persecuted,High,14/7/14 0:17,14/7/14,0:17:11,0.01,101,0
Persecuted,Capertee,Cam22,Fox,Persecuted,High,14/7/14 0:17,14/7/14,0:17:12,0.01,101,0
Persecuted,Capertee,Cam22,Fox,Persecuted,High,1/6/14 1:55,1/6/14,1:55:17,0.08,101,0.07
Persecuted,Capertee,Cam22,Fox,Persecuted,High,1/6/14 1:55,1/6/14,1:55:18,0.08,101,0.07
Persecuted,Capertee,Cam22,Fox,Persecuted,High,27/6/14 2:07,27/6/14,2:07:55,0.09,101,0.08
Persecuted,Capertee,Cam22,Fox,Persecuted,High,27/6/14 2:07,27/6/14,2:07:56,0.09,101,0.08
Persecuted,Capertee,Cam22,Fox,Persecuted,High,11/7/14 2:38,11/7/14,2:38:03,0.11,101,0.09
Persecuted,Capertee,Cam22,Fox,Persecuted,High,11/7/14 2:38,11/7/14,2:38:04,0.11,101,0.09
Persecuted,Capertee,Cam22,Fox,Persecuted,High,20/6/14 2:32,20/6/14,2:32:16,0.11,101,0.09
Persecuted,Capertee,Cam22,Fox,Persecuted,High,20/6/14 2:32,20/6/14,2:32:17,0.11,101,0.09
Persecuted,Capertee,Cam22,Fox,Persecuted,High,14/7/14 2:50,14/7/14,2:50:24,0.12,101,0.1
Persecuted,Capertee,Cam22,Fox,Persecuted,High,14/7/14 2:50,14/7/14,2:50:25,0.12,101,0.1
Persecuted,Capertee,Cam22,Fox,Persecuted,High,6/6/14 2:50,6/6/14,2:50:58,0.12,101,0.1
Persecuted,Capertee,Cam22,Fox,Persecuted,High,6/6/14 2:50,6/6/14,2:50:59,0.12,101,0.1
Persecuted,Capertee,Cam22,Fox,Persecuted,High,17/6/14 4:35,17/6/14,4:35:57,0.19,101,0.16
Persecuted,Capertee,Cam22,Fox,Persecuted,High,17/6/14 4:35,17/6/14,4:35:58,0.19,101,0.16
Persecuted,Capertee,Cam22,Fox,Persecuted,High,14/7/14 4:53,14/7/14,4:53:13,0.2,101,0.17
Persecuted,Capertee,Cam22,Fox,Persecuted,High,14/7/14 4:53,14/7/14,4:53:14,0.2,101,0.17
Persecuted,Capertee,Cam22,Fox,Persecuted,High,22/7/14 4:50,22/7/14,4:50:09,0.2,101,0.17
Persecuted,Capertee,Cam22,Fox,Persecuted,High,22/7/14 4:50,22/7/14,4:50:10,0.2,101,0.17
Persecuted,Capertee,Cam22,Fox,Persecuted,High,22/7/14 4:50,22/7/14,4:50:11,0.2,101,0.17
Persecuted,Capertee,Cam22,Fox,Persecuted,High,3/7/14 5:02,3/7/14,5:02:54,0.21,101,0.18
Persecuted,Capertee,Cam22,Fox,Persecuted,High,3/7/14 5:02,3/7/14,5:02:55,0.21,101,0.18
Persecuted,Capertee,Cam22,Fox,Persecuted,High,1/7/14 5:48,1/7/14,5:48:59,0.24,101,0.2
Persecuted,Capertee,Cam22,Fox,Persecuted,High,1/7/14 5:49,1/7/14,5:49:00,0.24,101,0.2
Persecuted,Capertee,Cam22,Fox,Persecuted,High,2/6/14 5:56,2/6/14,5:56:28,0.25,101,0.21
Persecuted,Capertee,Cam22,Fox,Persecuted,High,2/6/14 5:56,2/6/14,5:56:29,0.25,101,0.21
Persecuted,Capertee,Cam22,Fox,Persecuted,High,2/6/14 5:56,2/6/14,5:56:30,0.25,101,0.21
Persecuted,Capertee,Cam22,Fox,Persecuted,High,10/7/14 6:28,10/7/14,6:28:27,0.27,101,0.23
Persecuted,Capertee,Cam22,Fox,Persecuted,High,10/7/14 6:28,10/7/14,6:28:28,0.27,101,0.23
Persecuted,Capertee,Cam22,Fox,Persecuted,High,10/7/14 6:28,10/7/14,6:28:46,0.27,101,0.23
Persecuted,Capertee,Cam22,Fox,Persecuted,High,10/7/14 6:28,10/7/14,6:28:47,0.27,101,0.23
Persecuted,Capertee,Cam22,Fox,Persecuted,High,10/7/14 6:28,10/7/14,6:28:48,0.27,101,0.23
Persecuted,Capertee,Cam22,Dingo,Persecuted,High,29/6/14 15:37,29/6/14,15:37:43,0.65,101,0.68
Persecuted,Capertee,Cam22,Dingo,Persecuted,High,29/6/14 15:37,29/6/14,15:37:44,0.65,101,0.68
Persecuted,Capertee,Cam22,Fox,Persecuted,High,27/6/14 17:16,27/6/14,17:16:09,0.72,101,0.76
Persecuted,Capertee,Cam22,Fox,Persecuted,High,27/6/14 17:16,27/6/14,17:16:10,0.72,101,0.76
Persecuted,Capertee,Cam22,Fox,Persecuted,High,31/5/14 17:30,31/5/14,17:30:15,0.73,101,0.76
Persecuted,Capertee,Cam22,Fox,Persecuted,High,31/5/14 17:30,31/5/14,17:30:16,0.73,101,0.76
Persecuted,Capertee,Cam22,Fox,Persecuted,High,8/6/14 17:26,8/6/14,17:26:48,0.73,101,0.77
Persecuted,Capertee,Cam22,Fox,Persecuted,High,8/6/14 17:26,8/6/14,17:26:49,0.73,101,0.77
Persecuted,Capertee,Cam22,Fox,Persecuted,High,8/6/14 17:26,8/6/14,17:26:50,0.73,101,0.77
Persecuted,Capertee,Cam22,Fox,Persecuted,High,1/6/14 17:55,1/6/14,17:55:45,0.75,101,0.79
Persecuted,Capertee,Cam22,Fox,Persecuted,High,1/6/14 17:55,1/6/14,17:55:46,0.75,101,0.79
Persecuted,Capertee,Cam22,Fox,Persecuted,High,30/7/14 18:24,30/7/14,18:24:29,0.77,101,0.8
Persecuted,Capertee,Cam22,Fox,Persecuted,High,30/7/14 18:24,30/7/14,18:24:30,0.77,101,0.8
Persecuted,Capertee,Cam22,Fox,Persecuted,High,26/5/14 18:29,26/5/14,18:29:05,0.77,101,0.8
Persecuted,Capertee,Cam22,Fox,Persecuted,High,26/5/14 18:29,26/5/14,18:29:06,0.77,101,0.8
Persecuted,Capertee,Cam22,Fox,Persecuted,High,30/5/14 18:28,30/5/14,18:28:46,0.77,101,0.8
Persecuted,Capertee,Cam22,Fox,Persecuted,High,30/5/14 18:28,30/5/14,18:28:47,0.77,101,0.8
Persecuted,Capertee,Cam22,Fox,Persecuted,High,30/5/14 18:28,30/5/14,18:28:48,0.77,101,0.8
Persecuted,Capertee,Cam22,Fox,Persecuted,High,21/6/14 18:33,21/6/14,18:33:01,0.77,101,0.8
Persecuted,Capertee,Cam22,Fox,Persecuted,High,21/6/14 18:33,21/6/14,18:33:02,0.77,101,0.8
Persecuted,Capertee,Cam22,Fox,Persecuted,High,21/6/14 18:33,21/6/14,18:33:03,0.77,101,0.8
Persecuted,Capertee,Cam22,Fox,Persecuted,High,12/6/14 18:25,12/6/14,18:25:11,0.77,101,0.8
Persecuted,Capertee,Cam22,Fox,Persecuted,High,12/6/14 18:25,12/6/14,18:25:12,0.77,101,0.8
Persecuted,Capertee,Cam22,Fox,Persecuted,High,14/6/14 18:34,14/6/14,18:34:21,0.77,101,0.8
Persecuted,Capertee,Cam22,Fox,Persecuted,High,14/6/14 18:34,14/6/14,18:34:22,0.77,101,0.8
Persecuted,Capertee,Cam22,Fox,Persecuted,High,18/8/14 19:02,18/8/14,19:02:40,0.79,101,0.8
Persecuted,Capertee,Cam22,Fox,Persecuted,High,18/8/14 19:02,18/8/14,19:02:41,0.79,101,0.8
Persecuted,Capertee,Cam22,Fox,Persecuted,High,14/6/14 18:41,14/6/14,18:41:35,0.78,101,0.81
Persecuted,Capertee,Cam22,Fox,Persecuted,High,14/6/14 18:41,14/6/14,18:41:36,0.78,101,0.81
Persecuted,Capertee,Cam22,Fox,Persecuted,High,1/6/14 19:03,1/6/14,19:03:48,0.79,101,0.82
Persecuted,Capertee,Cam22,Fox,Persecuted,High,1/6/14 19:03,1/6/14,19:03:49,0.79,101,0.82
Persecuted,Capertee,Cam22,Fox,Persecuted,High,1/6/14 19:03,1/6/14,19:03:50,0.79,101,0.82
Persecuted,Capertee,Cam22,Fox,Persecuted,High,30/6/14 19:08,30/6/14,19:08:55,0.8,101,0.83
Persecuted,Capertee,Cam22,Fox,Persecuted,High,30/6/14 19:08,30/6/14,19:08:56,0.8,101,0.83
Persecuted,Capertee,Cam22,Fox,Persecuted,High,2/6/14 19:11,2/6/14,19:11:12,0.8,101,0.83
Persecuted,Capertee,Cam22,Fox,Persecuted,High,2/6/14 19:11,2/6/14,19:11:13,0.8,101,0.83
Persecuted,Capertee,Cam22,Fox,Persecuted,High,1/6/14 19:19,1/6/14,19:19:45,0.81,101,0.84
Persecuted,Capertee,Cam22,Fox,Persecuted,High,1/6/14 19:19,1/6/14,19:19:46,0.81,101,0.84
Persecuted,Capertee,Cam22,Fox,Persecuted,High,28/7/14 19:40,28/7/14,19:40:30,0.82,101,0.84
Persecuted,Capertee,Cam22,Fox,Persecuted,High,28/7/14 19:40,28/7/14,19:40:31,0.82,101,0.84
Persecuted,Capertee,Cam22,Fox,Persecuted,High,30/8/14 20:00,30/8/14,20:00:46,0.83,101,0.84
Persecuted,Capertee,Cam22,Fox,Persecuted,High,30/8/14 20:00,30/8/14,20:00:47,0.83,101,0.84
Persecuted,Capertee,Cam22,Fox,Persecuted,High,5/6/14 19:36,5/6/14,19:36:29,0.82,101,0.85
Persecuted,Capertee,Cam22,Fox,Persecuted,High,5/6/14 19:36,5/6/14,19:36:30,0.82,101,0.85
Persecuted,Capertee,Cam22,Fox,Persecuted,High,16/7/14 19:51,16/7/14,19:51:00,0.83,101,0.85
Persecuted,Capertee,Cam22,Fox,Persecuted,High,16/7/14 19:51,16/7/14,19:51:01,0.83,101,0.85
Persecuted,Capertee,Cam22,Fox,Persecuted,High,30/8/14 20:06,30/8/14,20:06:14,0.84,101,0.85
Persecuted,Capertee,Cam22,Fox,Persecuted,High,30/8/14 20:06,30/8/14,20:06:15,0.84,101,0.85
Persecuted,Capertee,Cam22,Fox,Persecuted,High,5/6/14 20:11,5/6/14,20:11:07,0.84,101,0.86
Persecuted,Capertee,Cam22,Fox,Persecuted,High,5/6/14 20:11,5/6/14,20:11:08,0.84,101,0.86
Persecuted,Capertee,Cam22,Fox,Persecuted,High,14/6/14 20:11,14/6/14,20:11:25,0.84,101,0.86
Persecuted,Capertee,Cam22,Fox,Persecuted,High,14/6/14 20:11,14/6/14,20:11:26,0.84,101,0.86
Persecuted,Capertee,Cam22,Fox,Persecuted,High,14/6/14 20:11,14/6/14,20:11:27,0.84,101,0.86
Persecuted,Capertee,Cam22,Fox,Persecuted,High,14/6/14 20:11,14/6/14,20:11:46,0.84,101,0.86
Persecuted,Capertee,Cam22,Fox,Persecuted,High,14/6/14 20:11,14/6/14,20:11:47,0.84,101,0.86
Persecuted,Capertee,Cam22,Fox,Persecuted,High,13/7/14 20:21,13/7/14,20:21:40,0.85,101,0.87
Persecuted,Capertee,Cam22,Fox,Persecuted,High,13/7/14 20:21,13/7/14,20:21:41,0.85,101,0.87
Persecuted,Capertee,Cam22,Fox,Persecuted,High,13/7/14 20:21,13/7/14,20:21:42,0.85,101,0.87
Persecuted,Capertee,Cam22,Fox,Persecuted,High,27/5/14 20:23,27/5/14,20:23:26,0.85,101,0.87
Persecuted,Capertee,Cam22,Fox,Persecuted,High,27/5/14 20:23,27/5/14,20:23:27,0.85,101,0.87
Persecuted,Capertee,Cam22,Fox,Persecuted,High,26/6/14 20:30,26/6/14,20:30:19,0.85,101,0.87
Persecuted,Capertee,Cam22,Fox,Persecuted,High,26/6/14 20:30,26/6/14,20:30:20,0.85,101,0.87
Persecuted,Capertee,Cam22,Fox,Persecuted,High,26/6/14 20:30,26/6/14,20:30:21,0.85,101,0.87
Persecuted,Capertee,Cam22,Fox,Persecuted,High,9/6/14 20:20,9/6/14,20:20:54,0.85,101,0.87
Persecuted,Capertee,Cam22,Fox,Persecuted,High,9/6/14 20:20,9/6/14,20:20:55,0.85,101,0.87
Persecuted,Capertee,Cam22,Fox,Persecuted,High,14/6/14 20:27,14/6/14,20:27:14,0.85,101,0.87
Persecuted,Capertee,Cam22,Fox,Persecuted,High,14/6/14 20:27,14/6/14,20:27:15,0.85,101,0.87
Persecuted,Capertee,Cam22,Fox,Persecuted,High,15/6/14 20:22,15/6/14,20:22:07,0.85,101,0.87
Persecuted,Capertee,Cam22,Fox,Persecuted,High,15/6/14 20:22,15/6/14,20:22:08,0.85,101,0.87
Persecuted,Capertee,Cam22,Fox,Persecuted,High,7/7/14 20:56,7/7/14,20:56:50,0.87,101,0.88
Persecuted,Capertee,Cam22,Fox,Persecuted,High,7/7/14 20:56,7/7/14,20:56:51,0.87,101,0.88
Persecuted,Capertee,Cam22,Fox,Persecuted,High,14/6/14 20:57,14/6/14,20:57:22,0.87,101,0.89
Persecuted,Capertee,Cam22,Fox,Persecuted,High,14/6/14 20:57,14/6/14,20:57:23,0.87,101,0.89
Persecuted,Capertee,Cam22,Fox,Persecuted,High,23/8/14 21:27,23/8/14,21:27:39,0.89,101,0.9
Persecuted,Capertee,Cam22,Fox,Persecuted,High,23/8/14 21:27,23/8/14,21:27:40,0.89,101,0.9
Persecuted,Capertee,Cam22,Fox,Persecuted,High,14/6/14 21:02,14/6/14,21:02:40,0.88,101,0.9
Persecuted,Capertee,Cam22,Fox,Persecuted,High,14/6/14 21:02,14/6/14,21:02:41,0.88,101,0.9
Persecuted,Capertee,Cam22,Fox,Persecuted,High,13/8/14 21:35,13/8/14,21:35:15,0.9,101,0.9
Persecuted,Capertee,Cam22,Fox,Persecuted,High,13/8/14 21:35,13/8/14,21:35:16,0.9,101,0.9
Persecuted,Capertee,Cam22,Fox,Persecuted,High,24/6/14 21:22,24/6/14,21:22:16,0.89,101,0.91
Persecuted,Capertee,Cam22,Fox,Persecuted,High,24/6/14 21:22,24/6/14,21:22:17,0.89,101,0.91
Persecuted,Capertee,Cam22,Fox,Persecuted,High,30/6/14 21:43,30/6/14,21:43:10,0.9,101,0.91
Persecuted,Capertee,Cam22,Fox,Persecuted,High,30/6/14 21:43,30/6/14,21:43:11,0.9,101,0.91
Persecuted,Capertee,Cam22,Fox,Persecuted,High,13/6/14 21:38,13/6/14,21:38:46,0.9,101,0.91
Persecuted,Capertee,Cam22,Fox,Persecuted,High,13/6/14 21:38,13/6/14,21:38:47,0.9,101,0.91
Persecuted,Capertee,Cam22,Fox,Persecuted,High,14/7/14 22:02,14/7/14,22:02:20,0.92,101,0.93
Persecuted,Capertee,Cam22,Fox,Persecuted,High,14/7/14 22:02,14/7/14,22:02:21,0.92,101,0.93
Persecuted,Capertee,Cam22,Fox,Persecuted,High,14/7/14 22:02,14/7/14,22:02:22,0.92,101,0.93
Persecuted,Capertee,Cam22,Fox,Persecuted,High,1/7/14 22:15,1/7/14,22:15:19,0.93,101,0.94
Persecuted,Capertee,Cam22,Fox,Persecuted,High,1/7/14 22:15,1/7/14,22:15:20,0.93,101,0.94
Persecuted,Capertee,Cam22,Fox,Persecuted,High,1/6/14 22:25,1/6/14,22:25:26,0.93,101,0.94
Persecuted,Capertee,Cam22,Fox,Persecuted,High,1/6/14 22:25,1/6/14,22:25:27,0.93,101,0.94
Persecuted,Capertee,Cam22,Fox,Persecuted,High,12/7/14 22:53,12/7/14,22:53:44,0.95,101,0.95
Persecuted,Capertee,Cam22,Fox,Persecuted,High,12/7/14 22:53,12/7/14,22:53:45,0.95,101,0.95
Persecuted,Capertee,Cam22,Fox,Persecuted,High,2/7/14 22:55,2/7/14,22:55:08,0.95,101,0.95
Persecuted,Capertee,Cam22,Fox,Persecuted,High,2/7/14 22:55,2/7/14,22:55:09,0.95,101,0.95
Persecuted,Capertee,Cam22,Fox,Persecuted,High,5/6/14 22:50,5/6/14,22:50:11,0.95,101,0.96
Persecuted,Capertee,Cam22,Fox,Persecuted,High,5/6/14 22:50,5/6/14,22:50:12,0.95,101,0.96
Persecuted,Capertee,Cam22,Fox,Persecuted,High,5/6/14 22:50,5/6/14,22:50:31,0.95,101,0.96
Persecuted,Capertee,Cam22,Fox,Persecuted,High,5/6/14 22:50,5/6/14,22:50:32,0.95,101,0.96
Persecuted,Capertee,Cam22,Fox,Persecuted,High,5/6/14 22:50,5/6/14,22:50:33,0.95,101,0.96
Persecuted,Capertee,Cam22,Fox,Persecuted,High,5/6/14 23:06,5/6/14,23:06:40,0.96,101,0.97
Persecuted,Capertee,Cam22,Fox,Persecuted,High,5/6/14 23:06,5/6/14,23:06:41,0.96,101,0.97
Persecuted,Capertee,Cam23,Dingo,Persecuted,High,30/8/14 17:28,30/8/14,17:28:24,0.73,101,0.75
Persecuted,Capertee,Cam23,Dingo,Persecuted,High,30/8/14 17:28,30/8/14,17:28:26,0.73,36,0.75
Persecuted,Capertee,Cam24,Fox,Persecuted,High,4/5/14 0:21,4/5/14,0:21:11,0.01,140,0.01
Persecuted,Capertee,Cam24,Fox,Persecuted,High,4/5/14 0:21,4/5/14,0:21:12,0.01,140,0.01
Persecuted,Capertee,Cam24,Fox,Persecuted,High,30/8/14 0:21,30/8/14,0:21:39,0.02,140,0.01
Persecuted,Capertee,Cam24,Fox,Persecuted,High,30/8/14 0:21,30/8/14,0:21:40,0.02,140,0.01
Persecuted,Capertee,Cam24,Fox,Persecuted,High,7/7/14 0:56,7/7/14,0:56:20,0.04,140,0.03
Persecuted,Capertee,Cam24,Fox,Persecuted,High,7/7/14 0:56,7/7/14,0:56:21,0.04,140,0.03
Persecuted,Capertee,Cam24,Fox,Persecuted,High,7/7/14 0:56,7/7/14,0:56:47,0.04,140,0.03
Persecuted,Capertee,Cam24,Fox,Persecuted,High,11/5/14 1:11,11/5/14,1:11:54,0.05,140,0.05
Persecuted,Capertee,Cam24,Fox,Persecuted,High,11/5/14 1:11,11/5/14,1:11:55,0.05,140,0.05
Persecuted,Capertee,Cam24,Fox,Persecuted,High,2/7/14 1:19,2/7/14,1:19:15,0.06,140,0.05
Persecuted,Capertee,Cam24,Fox,Persecuted,High,2/7/14 1:19,2/7/14,1:19:16,0.06,140,0.05
Persecuted,Capertee,Cam24,Fox,Persecuted,High,25/6/14 1:24,25/6/14,1:24:21,0.06,140,0.05
Persecuted,Capertee,Cam24,Fox,Persecuted,High,25/6/14 1:24,25/6/14,1:24:22,0.06,140,0.05
Persecuted,Capertee,Cam24,Fox,Persecuted,High,26/6/14 1:30,26/6/14,1:30:45,0.06,140,0.05
Persecuted,Capertee,Cam24,Fox,Persecuted,High,26/6/14 1:30,26/6/14,1:30:46,0.06,140,0.05
Persecuted,Capertee,Cam24,Fox,Persecuted,High,3/5/14 1:33,3/5/14,1:33:25,0.06,140,0.06
Persecuted,Capertee,Cam24,Fox,Persecuted,High,3/5/14 1:33,3/5/14,1:33:26,0.06,140,0.06
Persecuted,Capertee,Cam24,Fox,Persecuted,High,6/6/14 1:37,6/6/14,1:37:03,0.07,140,0.06
Persecuted,Capertee,Cam24,Fox,Persecuted,High,6/6/14 1:37,6/6/14,1:37:04,0.07,140,0.06
Persecuted,Capertee,Cam24,Fox,Persecuted,High,3/5/14 1:33,3/5/14,1:33:54,0.07,140,0.06
Persecuted,Capertee,Cam24,Fox,Persecuted,High,3/5/14 1:34,3/5/14,1:34:00,0.07,140,0.06
Persecuted,Capertee,Cam24,Fox,Persecuted,High,28/6/14 2:04,28/6/14,2:04:35,0.09,140,0.08
Persecuted,Capertee,Cam24,Fox,Persecuted,High,28/6/14 2:04,28/6/14,2:04:36,0.09,140,0.08
Persecuted,Capertee,Cam24,Fox,Persecuted,High,28/6/14 2:04,28/6/14,2:04:37,0.09,140,0.08
Persecuted,Capertee,Cam24,Fox,Persecuted,High,31/7/14 2:49,31/7/14,2:49:36,0.12,140,0.1
Persecuted,Capertee,Cam24,Fox,Persecuted,High,31/7/14 2:49,31/7/14,2:49:37,0.12,140,0.1
Persecuted,Capertee,Cam24,Fox,Persecuted,High,9/9/14 2:43,9/9/14,2:43:43,0.11,140,0.11
Persecuted,Capertee,Cam24,Fox,Persecuted,High,9/9/14 2:43,9/9/14,2:43:44,0.11,140,0.11
Persecuted,Capertee,Cam24,Fox,Persecuted,High,2/8/14 3:26,2/8/14,3:26:19,0.14,140,0.12
Persecuted,Capertee,Cam24,Fox,Persecuted,High,2/8/14 3:26,2/8/14,3:26:20,0.14,140,0.12
Persecuted,Capertee,Cam24,Fox,Persecuted,High,20/7/14 3:40,20/7/14,3:40:42,0.15,140,0.13
Persecuted,Capertee,Cam24,Fox,Persecuted,High,20/7/14 3:40,20/7/14,3:40:43,0.15,140,0.13
Persecuted,Capertee,Cam24,Fox,Persecuted,High,1/6/14 3:35,1/6/14,3:35:50,0.15,140,0.13
Persecuted,Capertee,Cam24,Fox,Persecuted,High,30/6/14 3:53,30/6/14,3:53:27,0.16,140,0.14
Persecuted,Capertee,Cam24,Fox,Persecuted,High,30/6/14 3:53,30/6/14,3:53:28,0.16,140,0.14
Persecuted,Capertee,Cam24,Fox,Persecuted,High,1/6/14 4:06,1/6/14,4:06:26,0.17,140,0.15
Persecuted,Capertee,Cam24,Fox,Persecuted,High,1/6/14 4:06,1/6/14,4:06:27,0.17,140,0.15
Persecuted,Capertee,Cam24,Fox,Persecuted,High,1/6/14 4:06,1/6/14,4:06:43,0.17,140,0.15
Persecuted,Capertee,Cam24,Fox,Persecuted,High,1/6/14 4:06,1/6/14,4:06:44,0.17,140,0.15
Persecuted,Capertee,Cam24,Fox,Persecuted,High,1/6/14 4:06,1/6/14,4:06:45,0.17,140,0.15
Persecuted,Capertee,Cam24,Fox,Persecuted,High,3/8/14 4:05,3/8/14,4:05:01,0.17,140,0.15
Persecuted,Capertee,Cam24,Fox,Persecuted,High,3/8/14 4:05,3/8/14,4:05:02,0.17,140,0.15
Persecuted,Capertee,Cam24,Fox,Persecuted,High,30/7/14 4:28,30/7/14,4:28:26,0.19,140,0.16
Persecuted,Capertee,Cam24,Fox,Persecuted,High,30/7/14 4:28,30/7/14,4:28:27,0.19,140,0.16
Persecuted,Capertee,Cam24,Fox,Persecuted,High,30/7/14 4:28,30/7/14,4:28:28,0.19,140,0.16
Persecuted,Capertee,Cam24,Fox,Persecuted,High,19/6/14 4:41,19/6/14,4:41:08,0.2,140,0.17
Persecuted,Capertee,Cam24,Fox,Persecuted,High,19/6/14 4:41,19/6/14,4:41:09,0.2,140,0.17
Persecuted,Capertee,Cam24,Fox,Persecuted,High,7/8/14 4:42,7/8/14,4:42:15,0.2,140,0.18
Persecuted,Capertee,Cam24,Fox,Persecuted,High,7/8/14 4:42,7/8/14,4:42:16,0.2,140,0.18
Persecuted,Capertee,Cam24,Cat,Persecuted,High,23/8/14 4:55,23/8/14,4:55:45,0.21,140,0.19
Persecuted,Capertee,Cam24,Cat,Persecuted,High,23/8/14 4:55,23/8/14,4:55:46,0.21,140,0.19
Persecuted,Capertee,Cam24,Fox,Persecuted,High,1/8/14 5:06,1/8/14,5:06:25,0.21,140,0.19
Persecuted,Capertee,Cam24,Fox,Persecuted,High,1/8/14 5:06,1/8/14,5:06:26,0.21,140,0.19
Persecuted,Capertee,Cam24,Fox,Persecuted,High,1/8/14 5:06,1/8/14,5:06:27,0.21,140,0.19
Persecuted,Capertee,Cam24,Fox,Persecuted,High,14/7/14 5:54,14/7/14,5:54:31,0.25,140,0.21
Persecuted,Capertee,Cam24,Fox,Persecuted,High,14/7/14 5:54,14/7/14,5:54:32,0.25,140,0.21
Persecuted,Capertee,Cam24,Fox,Persecuted,High,14/7/14 6:31,14/7/14,6:31:08,0.27,140,0.23
Persecuted,Capertee,Cam24,Fox,Persecuted,High,14/7/14 6:31,14/7/14,6:31:09,0.27,140,0.23
Persecuted,Capertee,Cam24,Fox,Persecuted,High,9/8/14 7:01,9/8/14,7:01:03,0.29,140,0.26
Persecuted,Capertee,Cam24,Fox,Persecuted,High,6/5/14 12:13,6/5/14,12:13:26,0.51,140,0.51
Persecuted,Capertee,Cam24,Fox,Persecuted,High,6/5/14 12:13,6/5/14,12:13:27,0.51,140,0.51
Persecuted,Capertee,Cam24,Dingo,Persecuted,High,12/5/14 12:16,12/5/14,12:16:38,0.51,140,0.51
Persecuted,Capertee,Cam24,Dingo,Persecuted,High,12/5/14 12:16,12/5/14,12:16:39,0.51,140,0.51
Persecuted,Capertee,Cam24,Fox,Persecuted,High,31/5/14 13:02,31/5/14,13:02:38,0.54,140,0.55
Persecuted,Capertee,Cam24,Fox,Persecuted,High,31/5/14 13:02,31/5/14,13:02:39,0.54,140,0.55
Persecuted,Capertee,Cam24,Fox,Persecuted,High,10/5/14 13:44,10/5/14,13:44:27,0.57,140,0.58
Persecuted,Capertee,Cam24,Fox,Persecuted,High,10/5/14 13:44,10/5/14,13:44:28,0.57,140,0.58
Persecuted,Capertee,Cam24,Fox,Persecuted,High,19/5/14 16:53,19/5/14,16:53:03,0.7,140,0.73
Persecuted,Capertee,Cam24,Fox,Persecuted,High,19/5/14 16:53,19/5/14,16:53:04,0.7,140,0.73
Persecuted,Capertee,Cam24,Fox,Persecuted,High,19/5/14 16:53,19/5/14,16:53:05,0.7,140,0.73
Persecuted,Capertee,Cam24,Fox,Persecuted,High,19/5/14 16:53,19/5/14,16:53:28,0.7,140,0.73
Persecuted,Capertee,Cam24,Fox,Persecuted,High,19/5/14 16:53,19/5/14,16:53:29,0.7,140,0.73
Persecuted,Capertee,Cam24,Fox,Persecuted,High,15/8/14 17:29,15/8/14,17:29:12,0.73,140,0.75
Persecuted,Capertee,Cam24,Fox,Persecuted,High,15/8/14 17:29,15/8/14,17:29:13,0.73,140,0.75
Persecuted,Capertee,Cam24,Fox,Persecuted,High,14/7/14 17:16,14/7/14,17:16:42,0.72,140,0.75
Persecuted,Capertee,Cam24,Fox,Persecuted,High,14/7/14 17:16,14/7/14,17:16:43,0.72,140,0.75
Persecuted,Capertee,Cam24,Fox,Persecuted,High,14/7/14 17:17,14/7/14,17:17:03,0.72,140,0.75
Persecuted,Capertee,Cam24,Fox,Persecuted,High,14/7/14 17:17,14/7/14,17:17:04,0.72,140,0.75
Persecuted,Capertee,Cam24,Dingo,Persecuted,High,22/7/14 18:02,22/7/14,18:02:21,0.75,140,0.78
Persecuted,Capertee,Cam24,Dingo,Persecuted,High,22/7/14 18:02,22/7/14,18:02:22,0.75,140,0.78
Persecuted,Capertee,Cam24,Fox,Persecuted,High,6/8/14 18:29,6/8/14,18:29:17,0.77,140,0.79
Persecuted,Capertee,Cam24,Fox,Persecuted,High,6/8/14 18:29,6/8/14,18:29:18,0.77,140,0.79
Persecuted,Capertee,Cam24,Fox,Persecuted,High,27/7/14 18:13,27/7/14,18:13:31,0.76,140,0.79
Persecuted,Capertee,Cam24,Fox,Persecuted,High,27/7/14 18:13,27/7/14,18:13:32,0.76,140,0.79
Persecuted,Capertee,Cam24,Fox,Persecuted,High,3/6/14 18:08,3/6/14,18:08:15,0.76,140,0.79
Persecuted,Capertee,Cam24,Fox,Persecuted,High,3/6/14 18:08,3/6/14,18:08:16,0.76,140,0.79
Persecuted,Capertee,Cam24,Fox,Persecuted,High,3/6/14 18:14,3/6/14,18:14:00,0.76,140,0.79
Persecuted,Capertee,Cam24,Fox,Persecuted,High,3/6/14 18:14,3/6/14,18:14:01,0.76,140,0.79
Persecuted,Capertee,Cam24,Dingo,Persecuted,High,1/7/14 18:27,1/7/14,18:27:05,0.77,140,0.8
Persecuted,Capertee,Cam24,Dingo,Persecuted,High,1/7/14 18:27,1/7/14,18:27:06,0.77,140,0.8
Persecuted,Capertee,Cam24,Fox,Persecuted,High,3/6/14 18:30,3/6/14,18:30:25,0.77,140,0.8
Persecuted,Capertee,Cam24,Fox,Persecuted,High,3/6/14 18:30,3/6/14,18:30:26,0.77,140,0.8
Persecuted,Capertee,Cam24,Fox,Persecuted,High,14/5/14 18:52,14/5/14,18:52:38,0.79,140,0.82
Persecuted,Capertee,Cam24,Fox,Persecuted,High,14/5/14 18:52,14/5/14,18:52:39,0.79,140,0.82
Persecuted,Capertee,Cam24,Fox,Persecuted,High,28/8/14 19:50,28/8/14,19:50:44,0.83,140,0.84
Persecuted,Capertee,Cam24,Fox,Persecuted,High,28/8/14 19:50,28/8/14,19:50:45,0.83,140,0.84
Persecuted,Capertee,Cam24,Fox,Persecuted,High,28/8/14 19:50,28/8/14,19:50:46,0.83,140,0.84
Persecuted,Capertee,Cam24,Fox,Persecuted,High,23/7/14 19:37,23/7/14,19:37:13,0.82,140,0.84
Persecuted,Capertee,Cam24,Fox,Persecuted,High,23/7/14 19:37,23/7/14,19:37:14,0.82,140,0.84
Persecuted,Capertee,Cam24,Fox,Persecuted,High,7/7/14 19:56,7/7/14,19:56:08,0.83,140,0.85
Persecuted,Capertee,Cam24,Fox,Persecuted,High,7/7/14 19:56,7/7/14,19:56:09,0.83,140,0.85
Persecuted,Capertee,Cam24,Fox,Persecuted,High,22/5/14 19:58,22/5/14,19:58:37,0.83,140,0.85
Persecuted,Capertee,Cam24,Fox,Persecuted,High,22/5/14 19:58,22/5/14,19:58:38,0.83,140,0.85
Persecuted,Capertee,Cam24,Fox,Persecuted,High,22/5/14 19:58,22/5/14,19:58:39,0.83,140,0.85
Persecuted,Capertee,Cam24,Fox,Persecuted,High,18/7/14 20:07,18/7/14,20:07:05,0.84,140,0.86
Persecuted,Capertee,Cam24,Fox,Persecuted,High,18/7/14 20:07,18/7/14,20:07:06,0.84,140,0.86
Persecuted,Capertee,Cam24,Fox,Persecuted,High,23/6/14 20:22,23/6/14,20:22:42,0.85,140,0.87
Persecuted,Capertee,Cam24,Fox,Persecuted,High,24/6/14 20:38,24/6/14,20:38:32,0.86,140,0.88
Persecuted,Capertee,Cam24,Fox,Persecuted,High,24/6/14 20:38,24/6/14,20:38:33,0.86,140,0.88
Persecuted,Capertee,Cam24,Fox,Persecuted,High,7/5/14 20:56,7/5/14,20:56:42,0.87,140,0.89
Persecuted,Capertee,Cam24,Fox,Persecuted,High,7/5/14 20:56,7/5/14,20:56:43,0.87,140,0.89
Persecuted,Capertee,Cam24,Fox,Persecuted,High,7/5/14 20:56,7/5/14,20:56:44,0.87,140,0.89
Persecuted,Capertee,Cam24,Fox,Persecuted,High,7/5/14 20:57,7/5/14,20:57:05,0.87,140,0.89
Persecuted,Capertee,Cam24,Fox,Persecuted,High,7/5/14 20:57,7/5/14,20:57:06,0.87,140,0.89
Persecuted,Capertee,Cam24,Fox,Persecuted,High,7/5/14 20:57,7/5/14,20:57:07,0.87,140,0.89
Persecuted,Capertee,Cam24,Fox,Persecuted,High,21/6/14 20:55,21/6/14,20:55:07,0.87,140,0.89
Persecuted,Capertee,Cam24,Fox,Persecuted,High,21/6/14 20:55,21/6/14,20:55:08,0.87,140,0.89
Persecuted,Capertee,Cam24,Fox,Persecuted,High,10/6/14 21:11,10/6/14,21:11:08,0.88,140,0.9
Persecuted,Capertee,Cam24,Fox,Persecuted,High,10/6/14 21:11,10/6/14,21:11:09,0.88,140,0.9
Persecuted,Capertee,Cam24,Fox,Persecuted,High,30/5/14 21:51,30/5/14,21:51:19,0.91,140,0.92
Persecuted,Capertee,Cam24,Fox,Persecuted,High,30/5/14 21:51,30/5/14,21:51:20,0.91,140,0.92
Persecuted,Capertee,Cam24,Fox,Persecuted,High,30/5/14 21:51,30/5/14,21:51:21,0.91,140,0.92
Persecuted,Capertee,Cam24,Fox,Persecuted,High,29/7/14 21:59,29/7/14,21:59:21,0.92,140,0.93
Persecuted,Capertee,Cam24,Fox,Persecuted,High,29/7/14 21:59,29/7/14,21:59:22,0.92,140,0.93
Persecuted,Capertee,Cam24,Fox,Persecuted,High,15/6/14 21:58,15/6/14,21:58:13,0.92,140,0.93
Persecuted,Capertee,Cam24,Fox,Persecuted,High,15/6/14 21:58,15/6/14,21:58:14,0.92,140,0.93
Persecuted,Capertee,Cam24,Fox,Persecuted,High,19/7/14 22:15,19/7/14,22:15:01,0.93,140,0.94
Persecuted,Capertee,Cam24,Fox,Persecuted,High,19/7/14 22:15,19/7/14,22:15:02,0.93,140,0.94
Persecuted,Capertee,Cam24,Fox,Persecuted,High,1/7/14 22:38,1/7/14,22:38:55,0.94,140,0.94
Persecuted,Capertee,Cam24,Fox,Persecuted,High,1/7/14 22:38,1/7/14,22:38:56,0.94,140,0.94
Persecuted,Capertee,Cam24,Fox,Persecuted,High,10/5/14 22:45,10/5/14,22:45:09,0.95,140,0.96
Persecuted,Capertee,Cam24,Fox,Persecuted,High,10/5/14 22:45,10/5/14,22:45:10,0.95,140,0.96
Persecuted,Capertee,Cam24,Fox,Persecuted,High,25/5/14 23:03,25/5/14,23:03:29,0.96,140,0.97
Persecuted,Capertee,Cam24,Fox,Persecuted,High,25/5/14 23:03,25/5/14,23:03:30,0.96,140,0.97
Persecuted,Capertee,Cam24,Fox,Persecuted,High,11/6/14 23:36,11/6/14,23:36:45,0.98,140,0.98
Persecuted,Capertee,Cam24,Fox,Persecuted,High,11/6/14 23:36,11/6/14,23:36:46,0.98,140,0.98
Persecuted,Capertee,Cam24,Fox,Persecuted,High,23/7/14 23:52,23/7/14,23:52:49,1,140,1
Persecuted,Capertee,Cam24,Fox,Persecuted,High,23/7/14 23:52,23/7/14,23:52:50,1,140,1
Persecuted,Capertee,Cam25,Fox,Persecuted,High,24/5/14 2:04,24/5/14,2:04:50,0.09,92,0.08
Persecuted,Capertee,Cam25,Fox,Persecuted,High,24/5/14 2:04,24/5/14,2:04:51,0.09,92,0.08
Persecuted,Capertee,Cam25,Fox,Persecuted,High,29/5/14 2:39,29/5/14,2:39:28,0.11,92,0.1
Persecuted,Capertee,Cam25,Fox,Persecuted,High,29/5/14 2:39,29/5/14,2:39:29,0.11,92,0.1
Persecuted,Capertee,Cam25,Dingo,Persecuted,High,20/8/14 9:38,20/8/14,9:38:49,0.4,92,0.38
Persecuted,Capertee,Cam25,Dingo,Persecuted,High,20/8/14 9:38,20/8/14,9:38:50,0.4,92,0.38
Persecuted,Capertee,Cam25,Fox,Persecuted,High,11/7/14 10:12,11/7/14,10:12:51,0.43,92,0.41
Persecuted,Capertee,Cam25,Fox,Persecuted,High,11/7/14 10:12,11/7/14,10:12:52,0.43,92,0.41
Persecuted,Capertee,Cam25,Fox,Persecuted,High,12/7/14 16:31,12/7/14,16:31:13,0.69,92,0.72
Persecuted,Capertee,Cam25,Fox,Persecuted,High,12/7/14 16:31,12/7/14,16:31:14,0.69,92,0.72
Persecuted,Capertee,Cam25,Fox,Persecuted,High,13/6/14 17:52,13/6/14,17:52:33,0.74,92,0.78
Persecuted,Capertee,Cam25,Fox,Persecuted,High,13/6/14 17:52,13/6/14,17:52:34,0.74,92,0.78
Persecuted,Capertee,Cam25,Fox,Persecuted,High,31/7/14 19:38,31/7/14,19:38:18,0.82,92,0.84
Persecuted,Capertee,Cam25,Fox,Persecuted,High,31/7/14 19:38,31/7/14,19:38:19,0.82,92,0.84
Persecuted,Capertee,Cam25,Fox,Persecuted,High,31/7/14 19:38,31/7/14,19:38:20,0.82,92,0.84
Persecuted,Capertee,Cam25,Fox,Persecuted,High,14/6/14 20:11,14/6/14,20:11:10,0.84,92,0.86
Persecuted,Capertee,Cam25,Fox,Persecuted,High,14/6/14 20:11,14/6/14,20:11:11,0.84,92,0.86
Persecuted,Capertee,Cam25,Fox,Persecuted,High,6/6/14 23:50,6/6/14,23:50:09,0.99,92,0.99
Persecuted,Capertee,Cam25,Fox,Persecuted,High,6/6/14 23:50,6/6/14,23:50:10,0.99,92,0.99
Persecuted,Capertee,Cam26,Fox,Persecuted,High,15/7/14 4:57,15/7/14,4:57:00,0.21,141,0.18
Persecuted,Capertee,Cam26,Fox,Persecuted,High,15/7/14 4:57,15/7/14,4:57:01,0.21,141,0.18
Persecuted,Capertee,Cam26,Fox,Persecuted,High,15/7/14 4:57,15/7/14,4:57:02,0.21,141,0.18
Persecuted,Capertee,Cam26,Fox,Persecuted,High,8/6/14 18:49,8/6/14,18:49:03,0.78,141,0.81
Persecuted,Capertee,Cam26,Fox,Persecuted,High,8/6/14 18:49,8/6/14,18:49:04,0.78,141,0.81
Persecuted,Capertee,Cam26,Fox,Persecuted,High,16/6/14 19:25,16/6/14,19:25:34,0.81,141,0.84
Persecuted,Capertee,Cam26,Fox,Persecuted,High,16/6/14 19:25,16/6/14,19:25:35,0.81,141,0.84
Persecuted,Capertee,Cam26,Fox,Persecuted,High,16/6/14 19:26,16/6/14,19:26:01,0.81,141,0.84
Persecuted,Capertee,Cam26,Fox,Persecuted,High,16/6/14 19:26,16/6/14,19:26:02,0.81,141,0.84
Persecuted,Capertee,Cam26,Fox,Persecuted,High,16/6/14 19:41,16/6/14,19:41:22,0.82,141,0.85
Persecuted,Capertee,Cam26,Fox,Persecuted,High,16/6/14 19:41,16/6/14,19:41:23,0.82,141,0.85
Persecuted,Capertee,Cam26,Fox,Persecuted,High,16/6/14 19:43,16/6/14,19:43:34,0.82,141,0.85
Persecuted,Capertee,Cam26,Fox,Persecuted,High,16/6/14 19:43,16/6/14,19:43:35,0.82,141,0.85
Persecuted,Capertee,Cam26,Fox,Persecuted,High,8/6/14 19:35,8/6/14,19:35:36,0.82,141,0.85
Persecuted,Capertee,Cam26,Fox,Persecuted,High,8/6/14 19:35,8/6/14,19:35:37,0.82,141,0.85
Persecuted,Capertee,Cam26,Fox,Persecuted,High,11/5/14 19:55,11/5/14,19:55:16,0.83,141,0.85
Persecuted,Capertee,Cam26,Fox,Persecuted,High,11/5/14 19:55,11/5/14,19:55:17,0.83,141,0.85
Persecuted,Capertee,Cam26,Fox,Persecuted,High,11/5/14 19:55,11/5/14,19:55:18,0.83,141,0.85
Persecuted,Capertee,Cam26,Fox,Persecuted,High,22/6/14 20:01,22/6/14,20:01:48,0.83,141,0.85
Persecuted,Capertee,Cam26,Fox,Persecuted,High,22/6/14 20:01,22/6/14,20:01:49,0.83,141,0.85
Persecuted,Capertee,Cam26,Fox,Persecuted,High,24/6/14 20:15,24/6/14,20:15:13,0.84,141,0.86
Persecuted,Capertee,Cam26,Fox,Persecuted,High,24/6/14 20:15,24/6/14,20:15:14,0.84,141,0.86
Persecuted,Capertee,Cam26,Fox,Persecuted,High,16/7/14 20:20,16/7/14,20:20:23,0.85,141,0.87
Persecuted,Capertee,Cam26,Fox,Persecuted,High,16/7/14 20:20,16/7/14,20:20:24,0.85,141,0.87
Persecuted,Capertee,Cam26,Fox,Persecuted,High,16/7/14 20:20,16/7/14,20:20:25,0.85,141,0.87
Persecuted,Capertee,Cam26,Fox,Persecuted,High,12/6/14 22:13,12/6/14,22:13:35,0.93,141,0.94
Persecuted,Capertee,Cam26,Fox,Persecuted,High,12/6/14 22:13,12/6/14,22:13:36,0.93,141,0.94
Persecuted,Capertee,Cam27,Fox,Persecuted,High,28/6/14 1:39,28/6/14,1:39:57,0.07,117,0.06
Persecuted,Capertee,Cam27,Fox,Persecuted,High,28/6/14 1:40,28/6/14,1:40:00,0.07,117,0.06
Persecuted,Capertee,Cam27,Fox,Persecuted,High,30/6/14 3:11,30/6/14,3:11:56,0.13,117,0.11
Persecuted,Capertee,Cam27,Fox,Persecuted,High,30/6/14 3:11,30/6/14,3:11:57,0.13,117,0.11
Persecuted,Capertee,Cam27,Fox,Persecuted,High,6/7/14 5:31,6/7/14,5:31:43,0.23,117,0.19
Persecuted,Capertee,Cam27,Fox,Persecuted,High,6/7/14 5:31,6/7/14,5:31:44,0.23,117,0.19
Persecuted,Capertee,Cam27,Fox,Persecuted,High,6/7/14 5:32,6/7/14,5:32:36,0.23,117,0.19
Persecuted,Capertee,Cam27,Fox,Persecuted,High,6/7/14 5:32,6/7/14,5:32:37,0.23,117,0.19
Persecuted,Capertee,Cam27,Fox,Persecuted,High,4/7/14 5:51,4/7/14,5:51:25,0.24,117,0.2
Persecuted,Capertee,Cam27,Fox,Persecuted,High,4/7/14 5:51,4/7/14,5:51:26,0.24,117,0.2
Persecuted,Capertee,Cam27,Fox,Persecuted,High,6/7/14 16:28,6/7/14,16:28:25,0.69,117,0.72
Persecuted,Capertee,Cam27,Fox,Persecuted,High,6/7/14 16:28,6/7/14,16:28:26,0.69,117,0.72
Persecuted,Capertee,Cam27,Fox,Persecuted,High,7/9/14 18:06,7/9/14,18:06:39,0.75,117,0.75
Persecuted,Capertee,Cam27,Fox,Persecuted,High,7/9/14 18:06,7/9/14,18:06:40,0.75,117,0.75
Persecuted,Capertee,Cam27,Fox,Persecuted,High,23/7/14 18:30,23/7/14,18:30:01,0.77,117,0.8
Persecuted,Capertee,Cam27,Fox,Persecuted,High,23/7/14 18:30,23/7/14,18:30:02,0.77,117,0.8
Persecuted,Capertee,Cam27,Fox,Persecuted,High,12/9/14 20:09,12/9/14,20:09:09,0.84,117,0.84
Persecuted,Capertee,Cam27,Fox,Persecuted,High,12/9/14 20:09,12/9/14,20:09:10,0.84,117,0.84
Persecuted,Capertee,Cam27,Fox,Persecuted,High,8/8/14 23:47,8/8/14,23:47:06,0.99,117,0.99
Persecuted,Capertee,Cam27,Fox,Persecuted,High,8/8/14 23:47,8/8/14,23:47:07,0.99,117,0.99
Persecuted,Capertee,Cam28,Fox,Persecuted,High,11/5/14 4:01,11/5/14,4:01:56,0.17,59,0.15
Persecuted,Capertee,Cam28,Fox,Persecuted,High,11/5/14 4:01,11/5/14,4:01:57,0.17,59,0.15
Persecuted,Capertee,Cam28,Dingo,Persecuted,High,12/5/14 11:50,12/5/14,11:50:44,0.49,59,0.49
Persecuted,Capertee,Cam28,Dingo,Persecuted,High,12/5/14 11:50,12/5/14,11:50:45,0.49,59,0.49
Persecuted,Capertee,Cam28,Dingo,Persecuted,High,4/7/14 16:10,4/7/14,16:10:47,0.67,59,0.7
Persecuted,Capertee,Cam28,Dingo,Persecuted,High,4/7/14 16:10,4/7/14,16:10:48,0.67,59,0.7
Persecuted,Capertee,Cam28,Dingo,Persecuted,High,4/7/14 16:10,4/7/14,16:10:49,0.67,59,0.7
Persecuted,Capertee,Cam28,Dingo,Persecuted,High,4/7/14 16:18,4/7/14,16:18:12,0.68,59,0.71
Persecuted,Capertee,Cam28,Dingo,Persecuted,High,4/7/14 16:18,4/7/14,16:18:13,0.68,59,0.71
Persecuted,Capertee,Cam28,Dingo,Persecuted,High,4/7/14 16:18,4/7/14,16:18:56,0.68,59,0.71
Persecuted,Capertee,Cam28,Dingo,Persecuted,High,4/7/14 16:19,4/7/14,16:19:00,0.68,59,0.71
Persecuted,Capertee,Cam28,Dingo,Persecuted,High,4/7/14 16:39,4/7/14,16:39:57,0.69,59,0.72
Persecuted,Capertee,Cam28,Dingo,Persecuted,High,4/7/14 16:39,4/7/14,16:39:58,0.69,59,0.72
Persecuted,Capertee,Cam28,Dingo,Persecuted,High,4/7/14 16:40,4/7/14,16:40:19,0.69,59,0.72
Persecuted,Capertee,Cam28,Dingo,Persecuted,High,4/7/14 16:40,4/7/14,16:40:20,0.69,59,0.72
Persecuted,Capertee,Cam28,Dingo,Persecuted,High,4/7/14 17:02,4/7/14,17:02:39,0.71,59,0.74
Persecuted,Capertee,Cam28,Dingo,Persecuted,High,4/7/14 17:02,4/7/14,17:02:40,0.71,59,0.74
Persecuted,Capertee,Cam28,Dingo,Persecuted,High,4/7/14 17:03,4/7/14,17:03:00,0.71,59,0.74
Persecuted,Capertee,Cam28,Dingo,Persecuted,High,4/7/14 17:03,4/7/14,17:03:01,0.71,59,0.74
Persecuted,Capertee,Cam28,Dingo,Persecuted,High,4/7/14 17:03,4/7/14,17:03:46,0.71,59,0.74
Persecuted,Capertee,Cam28,Dingo,Persecuted,High,4/7/14 17:03,4/7/14,17:03:47,0.71,59,0.74
Persecuted,Capertee,Cam28,Dingo,Persecuted,High,4/7/14 17:04,4/7/14,17:04:11,0.71,59,0.74
Persecuted,Capertee,Cam28,Dingo,Persecuted,High,4/7/14 17:04,4/7/14,17:04:12,0.71,59,0.74
Persecuted,Capertee,Cam28,Fox,Persecuted,High,3/5/14 21:01,3/5/14,21:01:03,0.88,59,0.9
Persecuted,Capertee,Cam28,Fox,Persecuted,High,3/5/14 21:01,3/5/14,21:01:04,0.88,59,0.9
Persecuted,Capertee,Cam28,Fox,Persecuted,High,3/5/14 21:01,3/5/14,21:01:05,0.88,59,0.9
Persecuted,Capertee,Cam28,Fox,Persecuted,High,12/5/14 22:08,12/5/14,22:08:10,0.92,59,0.93
Persecuted,Capertee,Cam28,Fox,Persecuted,High,12/5/14 22:08,12/5/14,22:08:11,0.92,59,0.93
Persecuted,Capertee,Cam3,Fox,Persecuted,High,15/6/14 0:24,15/6/14,0:24:03,0.02,141,0.02
Persecuted,Capertee,Cam3,Fox,Persecuted,High,15/6/14 0:24,15/6/14,0:24:04,0.02,141,0.02
Persecuted,Capertee,Cam3,Fox,Persecuted,High,4/6/14 1:03,4/6/14,1:03:15,0.04,141,0.03
Persecuted,Capertee,Cam3,Fox,Persecuted,High,4/6/14 1:03,4/6/14,1:03:16,0.04,141,0.03
Persecuted,Capertee,Cam3,Fox,Persecuted,High,18/6/14 17:11,18/6/14,17:11:31,0.72,141,0.76
Persecuted,Capertee,Cam3,Fox,Persecuted,High,18/6/14 17:11,18/6/14,17:11:32,0.72,141,0.76
Persecuted,Capertee,Cam3,Fox,Persecuted,High,18/6/14 17:11,18/6/14,17:11:33,0.72,141,0.76
Persecuted,Capertee,Cam3,Fox,Persecuted,High,12/9/14 18:56,12/9/14,18:56:01,0.79,141,0.79
Persecuted,Capertee,Cam3,Fox,Persecuted,High,12/9/14 18:56,12/9/14,18:56:02,0.79,141,0.79
Persecuted,Capertee,Cam3,Fox,Persecuted,High,8/7/14 19:09,8/7/14,19:09:47,0.8,141,0.82
Persecuted,Capertee,Cam3,Fox,Persecuted,High,8/7/14 19:09,8/7/14,19:09:48,0.8,141,0.82
Persecuted,Capertee,Cam3,Fox,Persecuted,High,9/8/14 20:11,9/8/14,20:11:42,0.84,141,0.85
Persecuted,Capertee,Cam3,Fox,Persecuted,High,9/8/14 20:11,9/8/14,20:11:43,0.84,141,0.85
Persecuted,Capertee,Cam30,Fox,Persecuted,High,15/8/14 17:50,15/8/14,17:50:26,0.74,55,0.76
Persecuted,Capertee,Cam30,Fox,Persecuted,High,15/8/14 17:50,15/8/14,17:50:27,0.74,55,0.76
Persecuted,Capertee,Cam30,Fox,Persecuted,High,15/8/14 17:50,15/8/14,17:50:43,0.74,55,0.76
Persecuted,Capertee,Cam30,Fox,Persecuted,High,15/8/14 17:50,15/8/14,17:50:44,0.74,55,0.76
Persecuted,Capertee,Cam30,Fox,Persecuted,High,4/9/14 19:17,4/9/14,19:17:55,0.8,55,0.8
Persecuted,Capertee,Cam30,Fox,Persecuted,High,4/9/14 19:17,4/9/14,19:17:56,0.8,55,0.8
Persecuted,Capertee,Cam30,Fox,Persecuted,High,7/9/14 19:24,7/9/14,19:24:25,0.81,55,0.81
Persecuted,Capertee,Cam30,Fox,Persecuted,High,7/9/14 19:24,7/9/14,19:24:26,0.81,55,0.81
Persecuted,Capertee,Cam30,Fox,Persecuted,High,24/8/14 20:11,24/8/14,20:11:14,0.84,55,0.85
Persecuted,Capertee,Cam30,Fox,Persecuted,High,24/8/14 20:11,24/8/14,20:11:15,0.84,55,0.85
Persecuted,Capertee,Cam4,Dingo,Persecuted,High,4/9/14 9:43,4/9/14,9:43:12,0.41,115,0.41
Persecuted,Capertee,Cam5,Fox,Persecuted,High,18/7/14 1:32,18/7/14,1:32:01,0.06,140,0.05
Persecuted,Capertee,Cam5,Fox,Persecuted,High,18/7/14 1:32,18/7/14,1:32:02,0.06,140,0.05
Persecuted,Capertee,Cam5,Fox,Persecuted,High,6/7/14 4:24,6/7/14,4:24:33,0.18,140,0.15
Persecuted,Capertee,Cam5,Fox,Persecuted,High,6/7/14 4:24,6/7/14,4:24:34,0.18,140,0.15
Persecuted,Capertee,Cam5,Fox,Persecuted,High,6/7/14 4:25,6/7/14,4:25:01,0.18,140,0.15
Persecuted,Capertee,Cam5,Fox,Persecuted,High,6/7/14 4:25,6/7/14,4:25:02,0.18,140,0.15
Persecuted,Capertee,Cam5,Fox,Persecuted,High,3/9/14 5:23,3/9/14,5:23:07,0.22,140,0.22
Persecuted,Capertee,Cam5,Fox,Persecuted,High,3/9/14 5:23,3/9/14,5:23:08,0.22,140,0.22
Persecuted,Capertee,Cam5,Fox,Persecuted,High,18/6/14 8:22,18/6/14,8:22:11,0.35,140,0.32
Persecuted,Capertee,Cam5,Fox,Persecuted,High,18/6/14 8:22,18/6/14,8:22:12,0.35,140,0.32
Persecuted,Capertee,Cam5,Fox,Persecuted,High,17/6/14 18:51,17/6/14,18:51:58,0.79,140,0.82
Persecuted,Capertee,Cam5,Fox,Persecuted,High,17/6/14 18:52,17/6/14,18:52:00,0.79,140,0.82
Persecuted,Capertee,Cam5,Fox,Persecuted,High,17/6/14 18:52,17/6/14,18:52:01,0.79,140,0.82
Persecuted,Capertee,Cam5,Fox,Persecuted,High,28/5/14 20:31,28/5/14,20:31:05,0.85,140,0.87
Persecuted,Capertee,Cam5,Fox,Persecuted,High,28/5/14 20:31,28/5/14,20:31:06,0.85,140,0.87
Persecuted,Capertee,Cam5,Fox,Persecuted,High,28/5/14 20:31,28/5/14,20:31:07,0.85,140,0.87
Persecuted,Capertee,Cam5,Fox,Persecuted,High,20/8/14 22:13,20/8/14,22:13:38,0.93,140,0.93
Persecuted,Capertee,Cam5,Fox,Persecuted,High,20/8/14 22:13,20/8/14,22:13:39,0.93,140,0.93
Persecuted,Capertee,Cam6,Fox,Persecuted,High,12/7/14 1:00,12/7/14,1:00:39,0.04,141,0.03
Persecuted,Capertee,Cam6,Fox,Persecuted,High,12/7/14 1:00,12/7/14,1:00:40,0.04,141,0.03
Persecuted,Capertee,Cam6,Fox,Persecuted,High,15/7/14 2:22,15/7/14,2:22:36,0.1,141,0.08
Persecuted,Capertee,Cam6,Fox,Persecuted,High,15/7/14 2:22,15/7/14,2:22:37,0.1,141,0.08
Persecuted,Capertee,Cam6,Fox,Persecuted,High,11/7/14 5:35,11/7/14,5:35:33,0.23,141,0.19
Persecuted,Capertee,Cam6,Fox,Persecuted,High,11/7/14 5:35,11/7/14,5:35:34,0.23,141,0.19
Persecuted,Capertee,Cam6,Dingo,Persecuted,High,17/6/14 20:20,17/6/14,20:20:55,0.85,141,0.87
Persecuted,Capertee,Cam6,Dingo,Persecuted,High,17/6/14 20:20,17/6/14,20:20:56,0.85,141,0.87
Persecuted,Capertee,Cam6,Fox,Persecuted,High,30/7/14 23:37,30/7/14,23:37:13,0.98,141,0.98
Persecuted,Capertee,Cam6,Fox,Persecuted,High,30/7/14 23:37,30/7/14,23:37:14,0.98,141,0.98
Persecuted,Capertee,Cam6,Fox,Persecuted,High,30/7/14 23:37,30/7/14,23:37:15,0.98,141,0.98
Persecuted,Capertee,Cam6,Fox,Persecuted,High,10/6/14 23:33,10/6/14,23:33:50,0.98,141,0.98
Persecuted,Capertee,Cam6,Fox,Persecuted,High,10/6/14 23:33,10/6/14,23:33:51,0.98,141,0.98
Persecuted,Capertee,Cam7,Fox,Persecuted,High,21/5/14 0:26,21/5/14,0:26:11,0.02,84,0.02
Persecuted,Capertee,Cam7,Fox,Persecuted,High,21/5/14 0:26,21/5/14,0:26:12,0.02,84,0.02
Persecuted,Capertee,Cam7,Fox,Persecuted,High,20/5/14 1:56,20/5/14,1:56:16,0.08,84,0.07
Persecuted,Capertee,Cam7,Fox,Persecuted,High,20/5/14 1:56,20/5/14,1:56:17,0.08,84,0.07
Persecuted,Capertee,Cam7,Fox,Persecuted,High,21/5/14 2:02,21/5/14,2:02:36,0.09,84,0.08
Persecuted,Capertee,Cam7,Fox,Persecuted,High,7/5/14 2:06,7/5/14,2:06:57,0.09,84,0.08
Persecuted,Capertee,Cam7,Fox,Persecuted,High,7/5/14 2:06,7/5/14,2:06:58,0.09,84,0.08
Persecuted,Capertee,Cam7,Fox,Persecuted,High,10/5/14 3:07,10/5/14,3:07:12,0.13,84,0.12
Persecuted,Capertee,Cam7,Fox,Persecuted,High,10/5/14 3:07,10/5/14,3:07:13,0.13,84,0.12
Persecuted,Capertee,Cam7,Fox,Persecuted,High,10/5/14 3:07,10/5/14,3:07:14,0.13,84,0.12
Persecuted,Capertee,Cam7,Dingo,Persecuted,High,4/5/14 8:15,4/5/14,8:15:07,0.34,84,0.32
Persecuted,Capertee,Cam7,Dingo,Persecuted,High,4/5/14 8:15,4/5/14,8:15:08,0.34,84,0.32
Persecuted,Capertee,Cam7,Fox,Persecuted,High,12/5/14 9:32,12/5/14,9:32:41,0.4,84,0.39
Persecuted,Capertee,Cam7,Fox,Persecuted,High,12/5/14 9:32,12/5/14,9:32:42,0.4,84,0.39
Persecuted,Capertee,Cam7,Cat,Persecuted,High,3/5/14 9:56,3/5/14,9:56:31,0.41,84,0.4
Persecuted,Capertee,Cam7,Cat,Persecuted,High,3/5/14 9:56,3/5/14,9:56:32,0.41,84,0.4
Persecuted,Capertee,Cam7,Dingo,Persecuted,High,16/5/14 12:25,16/5/14,12:25:53,0.52,84,0.53
Persecuted,Capertee,Cam7,Dingo,Persecuted,High,16/5/14 12:25,16/5/14,12:25:54,0.52,84,0.53
Persecuted,Capertee,Cam7,Fox,Persecuted,High,5/5/14 13:56,5/5/14,13:56:35,0.58,84,0.59
Persecuted,Capertee,Cam7,Fox,Persecuted,High,5/5/14 13:56,5/5/14,13:56:36,0.58,84,0.59
Persecuted,Capertee,Cam7,Fox,Persecuted,High,30/4/14 15:26,30/4/14,15:26:16,0.64,84,0.65
Persecuted,Capertee,Cam7,Fox,Persecuted,High,30/4/14 15:26,30/4/14,15:26:17,0.64,84,0.65
Persecuted,Capertee,Cam7,Fox,Persecuted,High,14/5/14 17:28,14/5/14,17:28:18,0.73,84,0.76
Persecuted,Capertee,Cam7,Fox,Persecuted,High,14/5/14 17:28,14/5/14,17:28:19,0.73,84,0.76
Persecuted,Capertee,Cam7,Fox,Persecuted,High,14/5/14 17:28,14/5/14,17:28:40,0.73,84,0.76
Persecuted,Capertee,Cam8,Fox,Persecuted,High,4/6/14 0:14,4/6/14,0:14:17,0.01,122,0.01
Persecuted,Capertee,Cam8,Fox,Persecuted,High,4/6/14 0:14,4/6/14,0:14:18,0.01,122,0.01
Persecuted,Capertee,Cam8,Fox,Persecuted,High,3/6/14 17:47,3/6/14,17:47:12,0.74,122,0.78
Persecuted,Capertee,Cam8,Fox,Persecuted,High,3/6/14 17:47,3/6/14,17:47:13,0.74,122,0.78
Persecuted,Capertee,Cam8,Fox,Persecuted,High,22/8/14 19:55,22/8/14,19:55:04,0.83,122,0.84
Persecuted,Capertee,Cam8,Fox,Persecuted,High,22/8/14 19:55,22/8/14,19:55:05,0.83,122,0.84
Persecuted,Capertee,Cam8,Fox,Persecuted,High,22/8/14 19:55,22/8/14,19:55:06,0.83,122,0.84
Persecuted,Capertee,Cam8,Cat,Persecuted,High,27/8/14 23:18,27/8/14,23:18:43,0.97,122,0.97
Persecuted,Capertee,Cam8,Cat,Persecuted,High,27/8/14 23:18,27/8/14,23:18:44,0.97,122,0.97
Persecuted,Capertee,Cam8,Fox,Persecuted,High,7/9/14 23:53,7/9/14,23:53:48,1,122,1
Persecuted,Capertee,Cam8,Fox,Persecuted,High,7/9/14 23:53,7/9/14,23:53:49,1,122,1
Persecuted,Capertee,Cam8,Fox,Persecuted,High,7/9/14 23:53,7/9/14,23:53:50,1,122,1
Persecuted,Cobar,1,Fox,Absent,Low,12/6/16 7:13,12/6/16,7:13:29,0.3,61,0.25
Persecuted,Cobar,2,Fox,Absent,Low,10/6/15 19:19,10/6/15,19:19:08,0.8,130,0.82
Persecuted,Cobar,2,Fox,Absent,Low,10/6/15 19:19,10/6/15,19:19:09,0.8,54,0.82
Persecuted,Cobar,2,Fox,Absent,Low,10/6/15 19:19,10/6/15,19:19:08,0.8,54,0.82
Persecuted,Cobar,3,Fox,Absent,Low,19/6/15 0:49,19/6/15,0:49:09,0.03,81,0.02
Persecuted,Cobar,3,Fox,Absent,Low,19/6/15 0:49,19/6/15,0:49:10,0.03,81,0.02
Persecuted,Cobar,3,Fox,Absent,Low,19/6/15 0:49,19/6/15,0:49:18,0.03,81,0.02
Persecuted,Cobar,3,Fox,Absent,Low,19/6/15 0:49,19/6/15,0:49:19,0.03,81,0.02
Persecuted,Cobar,3,Fox,Absent,Low,19/6/15 0:49,19/6/15,0:49:42,0.03,81,0.02
Persecuted,Cobar,3,Fox,Absent,Low,19/6/15 0:49,19/6/15,0:49:43,0.03,81,0.02
Persecuted,Cobar,3,Fox,Absent,Low,19/6/15 0:49,19/6/15,0:49:51,0.03,81,0.02
Persecuted,Cobar,3,Fox,Absent,Low,19/6/15 0:49,19/6/15,0:49:52,0.03,81,0.02
Persecuted,Cobar,3,Fox,Absent,Low,13/7/15 6:35,13/7/15,6:35:39,0.27,81,0.22
Persecuted,Cobar,3,Fox,Absent,Low,13/7/15 6:35,13/7/15,6:35:40,0.27,81,0.22
Persecuted,Cobar,3,Fox,Absent,Low,28/5/15 7:09,28/5/15,7:09:18,0.3,41,0.26
Persecuted,Cobar,3,Fox,Absent,Low,28/5/15 7:09,28/5/15,7:09:19,0.3,41,0.26
Persecuted,Cobar,3,Fox,Absent,Low,28/5/15 7:09,28/5/15,7:09:19,0.3,41,0.26
Persecuted,Cobar,3,Fox,Absent,Low,28/5/15 7:09,28/5/15,7:09:18,0.3,81,0.26
Persecuted,Cobar,3,Fox,Absent,Low,28/5/15 7:09,28/5/15,7:09:19,0.3,81,0.26
Persecuted,Cobar,3,Fox,Absent,Low,30/5/15 7:20,30/5/15,7:20:12,0.31,81,0.27
Persecuted,Cobar,3,Fox,Absent,Low,30/5/15 7:20,30/5/15,7:20:23,0.31,81,0.27
Persecuted,Cobar,3,Fox,Absent,Low,30/5/15 7:20,30/5/15,7:20:36,0.31,81,0.27
Persecuted,Cobar,3,Fox,Absent,Low,30/5/15 7:20,30/5/15,7:20:37,0.31,81,0.27
Persecuted,Cobar,3,Fox,Absent,Low,30/5/15 7:20,30/5/15,7:20:38,0.31,81,0.27
Persecuted,Cobar,3,Fox,Absent,Low,30/5/15 7:21,30/5/15,7:21:22,0.31,81,0.27
Persecuted,Cobar,3,Fox,Absent,Low,30/5/15 7:21,30/5/15,7:21:23,0.31,81,0.27
Persecuted,Cobar,3,Fox,Absent,Low,30/5/15 7:20,30/5/15,7:20:11,0.31,81,0.27
Persecuted,Cobar,3,Fox,Absent,Low,30/5/15 7:20,30/5/15,7:20:11,0.31,81,0.27
Persecuted,Cobar,3,Fox,Absent,Low,11/6/15 18:12,11/6/15,18:12:14,0.76,81,0.78
Persecuted,Cobar,3,Fox,Absent,Low,11/6/15 18:12,11/6/15,18:12:14,0.76,81,0.78
Persecuted,Cobar,3,Fox,Absent,Low,11/6/15 18:12,11/6/15,18:12:15,0.76,81,0.78
Persecuted,Cobar,3,Fox,Absent,Low,11/6/15 18:12,11/6/15,18:12:14,0.76,81,0.78
Persecuted,Cobar,3,Fox,Absent,Low,11/6/15 18:12,11/6/15,18:12:15,0.76,81,0.78
Persecuted,Cobar,3,Fox,Absent,Low,11/6/15 18:12,11/6/15,18:12:20,0.76,81,0.78
Persecuted,Cobar,3,Fox,Absent,Low,11/6/15 18:12,11/6/15,18:12:21,0.76,81,0.78
Persecuted,Cobar,3,Fox,Absent,Low,28/5/15 18:50,28/5/15,18:50:02,0.78,41,0.8
Persecuted,Cobar,3,Fox,Absent,Low,28/5/15 18:50,28/5/15,18:50:02,0.78,41,0.8
Persecuted,Cobar,3,Fox,Absent,Low,28/5/15 18:50,28/5/15,18:50:03,0.78,41,0.8
Persecuted,Cobar,3,Fox,Absent,Low,28/5/15 18:50,28/5/15,18:50:02,0.78,81,0.8
Persecuted,Cobar,3,Fox,Absent,Low,28/5/15 18:50,28/5/15,18:50:03,0.78,81,0.8
Persecuted,Cobar,3,Fox,Absent,Low,28/5/15 18:50,28/5/15,18:50:12,0.78,81,0.8
Persecuted,Cobar,3,Fox,Absent,Low,28/5/15 18:50,28/5/15,18:50:13,0.78,81,0.8
Persecuted,Cobar,3,Fox,Absent,Low,28/5/15 18:50,28/5/15,18:50:14,0.78,81,0.8
Persecuted,Cobar,3,Fox,Absent,Low,28/5/15 18:50,28/5/15,18:50:25,0.79,81,0.8
Persecuted,Cobar,3,Fox,Absent,Low,28/5/15 18:50,28/5/15,18:50:26,0.79,81,0.8
Persecuted,Cobar,3,Fox,Absent,Low,19/6/15 19:32,19/6/15,19:32:20,0.81,81,0.83
Persecuted,Cobar,3,Fox,Absent,Low,19/6/15 19:32,19/6/15,19:32:20,0.81,81,0.83
Persecuted,Cobar,3,Fox,Absent,Low,19/6/15 19:32,19/6/15,19:32:20,0.81,81,0.83
Persecuted,Cobar,3,Fox,Absent,Low,19/6/15 19:32,19/6/15,19:32:20,0.81,81,0.83
Persecuted,Cobar,3,Fox,Absent,Low,24/6/15 19:34,24/6/15,19:34:35,0.82,81,0.83
Persecuted,Cobar,3,Fox,Absent,Low,24/6/15 19:34,24/6/15,19:34:36,0.82,81,0.83
Persecuted,Cobar,3,Fox,Absent,Low,24/6/15 19:34,24/6/15,19:34:51,0.82,81,0.83
Persecuted,Cobar,3,Fox,Absent,Low,24/6/15 19:34,24/6/15,19:34:52,0.82,81,0.83
Persecuted,Cobar,6,Fox,Absent,Low,18/8/16 0:48,18/8/16,0:48:20,0.03,75,0.01
Persecuted,Cobar,6,Fox,Absent,Low,18/8/16 0:48,18/8/16,0:48:21,0.03,75,0.01
Persecuted,Cobar,6,Fox,Absent,Low,5/8/16 18:48,5/8/16,18:48:45,0.78,41,0.78
Persecuted,Cobar,6,Fox,Absent,Low,5/8/16 18:48,5/8/16,18:48:46,0.78,41,0.78
Persecuted,Cobar,6,Fox,Absent,Low,26/7/16 19:37,26/7/16,19:37:35,0.82,75,0.83
Persecuted,Cobar,6,Fox,Absent,Low,26/7/16 19:37,26/7/16,19:37:36,0.82,75,0.83
Persecuted,Cobar,6,Fox,Absent,Low,26/7/16 19:37,26/7/16,19:37:37,0.82,75,0.83
Persecuted,Cobar,6,Fox,Absent,Low,23/8/16 20:27,23/8/16,20:27:33,0.85,41,0.85
Persecuted,Cobar,6,Fox,Absent,Low,23/8/16 20:27,23/8/16,20:27:35,0.85,41,0.85
Persecuted,Cobar,6,Fox,Absent,Low,31/7/16 20:29,31/7/16,20:29:46,0.85,41,0.86
Persecuted,Cobar,6,Fox,Absent,Low,31/7/16 20:29,31/7/16,20:29:47,0.85,41,0.86
Persecuted,Cobar,6,Fox,Absent,Low,31/7/16 20:29,31/7/16,20:29:48,0.85,41,0.86
Persecuted,Cobar,6,Fox,Absent,Low,31/7/16 20:29,31/7/16,20:29:59,0.85,41,0.86
Persecuted,Cobar,6,Fox,Absent,Low,31/7/16 20:30,31/7/16,20:30:00,0.85,41,0.86
Persecuted,Cobar,6,Fox,Absent,Low,1/9/16 21:00,1/9/16,21:00:50,0.88,75,0.87
Persecuted,Cobar,6,Fox,Absent,Low,1/9/16 21:00,1/9/16,21:00:51,0.88,75,0.87
Persecuted,Cobar,6,Fox,Absent,Low,1/9/16 21:00,1/9/16,21:00:59,0.88,75,0.87
Persecuted,Cobar,6,Fox,Absent,Low,1/9/16 21:01,1/9/16,21:01:00,0.88,75,0.87
Persecuted,Cobar,6,Fox,Absent,Low,15/8/16 22:25,15/8/16,22:25:21,0.93,41,0.92
Persecuted,Cobar,6,Fox,Absent,Low,15/8/16 22:25,15/8/16,22:25:22,0.93,41,0.92
Persecuted,Cobar,6,Fox,Absent,Low,15/8/16 22:25,15/8/16,22:25:29,0.93,41,0.92
Persecuted,Cobar,6,Fox,Absent,Low,15/8/16 22:25,15/8/16,22:25:30,0.93,41,0.92
Persecuted,Cobar,6,Fox,Absent,Low,15/8/16 22:25,15/8/16,22:25:57,0.93,41,0.92
Persecuted,Cobar,6,Fox,Absent,Low,15/8/16 22:25,15/8/16,22:25:58,0.93,41,0.92
Persecuted,Cobar,6,Fox,Absent,Low,15/8/16 22:25,15/8/16,22:25:59,0.93,41,0.92
Persecuted,Cobar,6,Fox,Absent,Low,17/8/16 23:28,17/8/16,23:28:37,0.98,75,0.97
Persecuted,Cobar,6,Fox,Absent,Low,17/8/16 23:28,17/8/16,23:28:38,0.98,75,0.97
Persecuted,Cobar,6,Fox,Absent,Low,17/8/16 23:28,17/8/16,23:28:39,0.98,75,0.97
Persecuted,Cobar,7,Fox,Absent,Low,7/8/16 7:58,7/8/16,7:58:54,0.33,22,0.3
Persecuted,Cobar,7,Fox,Absent,Low,7/8/16 7:58,7/8/16,7:58:55,0.33,22,0.3
Persecuted,Cobar,7,Fox,Absent,Low,18/7/16 21:15,18/7/16,21:15:59,0.89,22,0.89
Persecuted,Cobar,7,Fox,Absent,Low,18/7/16 21:15,18/7/16,21:15:59,0.89,22,0.89
Persecuted,Cobar,7,Fox,Absent,Low,18/7/16 21:15,18/7/16,21:15:59,0.89,22,0.89
Persecuted,Cobar,7,Fox,Absent,Low,19/7/16 0:11,19/7/16,0:11:48,0.01,22,0.99
Persecuted,Cobar,7,Fox,Absent,Low,19/7/16 0:11,19/7/16,0:11:49,0.01,22,0.99
Protection,Evelyn_downs,Big_Swamp,Dingo,Protected,Low,15/7/17 1:26,15/7/17,1:26:24,0.06,7,0.01
Protection,Evelyn_downs,Big_Swamp,Dingo,Protected,Low,10/7/17 3:36,10/7/17,3:36:00,0.15,7,0.09
Protection,Evelyn_downs,Big_Swamp,Dingo,Protected,Low,10/7/17 3:36,10/7/17,3:36:00,0.15,7,0.09
Protection,Evelyn_downs,Big_Swamp,Dingo,Protected,Low,10/7/17 3:36,10/7/17,3:36:00,0.15,7,0.09
Protection,Evelyn_downs,Big_Swamp,Dingo,Protected,Low,10/7/17 3:36,10/7/17,3:36:00,0.15,7,0.09
Protection,Evelyn_downs,Big_Swamp,Dingo,Protected,Low,11/7/17 5:16,11/7/17,5:16:48,0.22,7,0.15
Protection,Evelyn_downs,Big_Swamp,Dingo,Protected,Low,14/7/17 7:55,14/7/17,7:55:12,0.33,7,0.25
Protection,Evelyn_downs,Big_Swamp,Dingo,Protected,Low,11/7/17 10:48,11/7/17,10:48:00,0.45,7,0.39
Protection,Evelyn_downs,Big_Swamp,Dingo,Protected,Low,11/7/17 10:48,11/7/17,10:48:00,0.45,7,0.39
Protection,Evelyn_downs,Big_Swamp,Dingo,Protected,Low,10/7/17 18:43,10/7/17,18:43:12,0.78,7,0.76
Protection,Evelyn_downs,Big_Swamp,Dingo,Protected,Low,10/7/17 18:57,10/7/17,18:57:36,0.79,7,0.77
Protection,Evelyn_downs,Big_Swamp,Dingo,Protected,Low,10/7/17 18:57,10/7/17,18:57:36,0.79,7,0.77
Protection,Evelyn_downs,Big_Swamp,Dingo,Protected,Low,10/7/17 18:57,10/7/17,18:57:36,0.79,7,0.77
Protection,Evelyn_downs,Big_Swamp,Dingo,Protected,Low,11/7/17 19:55,11/7/17,19:55:12,0.83,7,0.81
Protection,Evelyn_downs,Big_Swamp,Dingo,Protected,Low,11/7/17 21:07,11/7/17,21:07:12,0.88,7,0.85
Protection,Evelyn_downs,Boomerang,Fox,Protected,Low,21/7/17 1:12,21/7/17,1:12:00,0.05,19,0
Protection,Evelyn_downs,Boomerang,Fox,Protected,Low,19/6/17 1:12,19/6/17,1:12:00,0.05,19,0.01
Protection,Evelyn_downs,Boomerang,Fox,Protected,Low,26/6/17 1:40,26/6/17,1:40:48,0.07,19,0.02
Protection,Evelyn_downs,Boomerang,Fox,Protected,Low,26/6/17 1:40,26/6/17,1:40:48,0.07,19,0.02
Protection,Evelyn_downs,Boomerang,Fox,Protected,Low,22/6/17 3:36,22/6/17,3:36:00,0.15,19,0.09
Protection,Evelyn_downs,Boomerang,Fox,Protected,Low,23/6/17 3:50,23/6/17,3:50:24,0.16,19,0.1
Protection,Evelyn_downs,Boomerang,Fox,Protected,Low,23/6/17 3:50,23/6/17,3:50:24,0.16,19,0.1
Protection,Evelyn_downs,Boomerang,Fox,Protected,Low,23/6/17 3:50,23/6/17,3:50:24,0.16,19,0.1
Protection,Evelyn_downs,Boomerang,Fox,Protected,Low,24/6/17 4:48,24/6/17,4:48:00,0.2,19,0.14
Protection,Evelyn_downs,Boomerang,Fox,Protected,Low,25/6/17 4:48,25/6/17,4:48:00,0.2,19,0.14
Protection,Evelyn_downs,Boomerang,Fox,Protected,Low,25/6/17 4:48,25/6/17,4:48:00,0.2,19,0.14
Protection,Evelyn_downs,Boomerang,Fox,Protected,Low,25/6/17 4:48,25/6/17,4:48:00,0.2,19,0.14
Protection,Evelyn_downs,Boomerang,Fox,Protected,Low,25/6/17 4:48,25/6/17,4:48:00,0.2,19,0.14
Protection,Evelyn_downs,Boomerang,Fox,Protected,Low,25/6/17 4:48,25/6/17,4:48:00,0.2,19,0.14
Protection,Evelyn_downs,Boomerang,Fox,Protected,Low,25/6/17 4:48,25/6/17,4:48:00,0.2,19,0.14
Protection,Evelyn_downs,Boomerang,Fox,Protected,Low,25/6/17 4:48,25/6/17,4:48:00,0.2,19,0.14
Protection,Evelyn_downs,Boomerang,Fox,Protected,Low,25/6/17 4:48,25/6/17,4:48:00,0.2,19,0.14
Protection,Evelyn_downs,Boomerang,Fox,Protected,Low,25/6/17 4:48,25/6/17,4:48:00,0.2,19,0.14
Protection,Evelyn_downs,Boomerang,Fox,Protected,Low,23/6/17 4:48,23/6/17,4:48:00,0.2,19,0.14
Protection,Evelyn_downs,Boomerang,Fox,Protected,Low,23/6/17 4:48,23/6/17,4:48:00,0.2,19,0.14
Protection,Evelyn_downs,Boomerang,Fox,Protected,Low,25/6/17 5:16,25/6/17,5:16:48,0.22,19,0.15
Protection,Evelyn_downs,Boomerang,Fox,Protected,Low,25/6/17 5:16,25/6/17,5:16:48,0.22,19,0.15
Protection,Evelyn_downs,Boomerang,Fox,Protected,Low,19/6/17 5:31,19/6/17,5:31:12,0.23,19,0.16
Protection,Evelyn_downs,Boomerang,Fox,Protected,Low,19/6/17 5:31,19/6/17,5:31:12,0.23,19,0.16
Protection,Evelyn_downs,Boomerang,Fox,Protected,Low,23/6/17 5:31,23/6/17,5:31:12,0.23,19,0.16
Protection,Evelyn_downs,Boomerang,Fox,Protected,Low,23/6/17 5:31,23/6/17,5:31:12,0.23,19,0.16
Protection,Evelyn_downs,Boomerang,Fox,Protected,Low,23/6/17 5:31,23/6/17,5:31:12,0.23,19,0.16
Protection,Evelyn_downs,Boomerang,Fox,Protected,Low,23/6/17 5:31,23/6/17,5:31:12,0.23,19,0.16
Protection,Evelyn_downs,Boomerang,Fox,Protected,Low,23/6/17 5:31,23/6/17,5:31:12,0.23,19,0.16
Protection,Evelyn_downs,Boomerang,Fox,Protected,Low,23/6/17 5:31,23/6/17,5:31:12,0.23,19,0.16
Protection,Evelyn_downs,Boomerang,Fox,Protected,Low,22/6/17 7:26,22/6/17,7:26:24,0.31,19,0.23
Protection,Evelyn_downs,Boomerang,Fox,Protected,Low,22/6/17 7:26,22/6/17,7:26:24,0.31,19,0.23
Protection,Evelyn_downs,Boomerang,Fox,Protected,Low,22/6/17 7:26,22/6/17,7:26:24,0.31,19,0.23
Protection,Evelyn_downs,Boomerang,Dingo,Protected,Low,26/6/17 7:55,26/6/17,7:55:12,0.33,19,0.25
Protection,Evelyn_downs,Boomerang,Dingo,Protected,Low,26/6/17 7:55,26/6/17,7:55:12,0.33,19,0.25
Protection,Evelyn_downs,Boomerang,Dingo,Protected,Low,26/6/17 7:55,26/6/17,7:55:12,0.33,19,0.25
Protection,Evelyn_downs,Boomerang,Dingo,Protected,Low,26/6/17 7:55,26/6/17,7:55:12,0.33,19,0.25
Protection,Evelyn_downs,Boomerang,Dingo,Protected,Low,26/6/17 7:55,26/6/17,7:55:12,0.33,19,0.25
Protection,Evelyn_downs,Boomerang,Dingo,Protected,Low,26/6/17 7:55,26/6/17,7:55:12,0.33,19,0.25
Protection,Evelyn_downs,Boomerang,Dingo,Protected,Low,26/6/17 7:55,26/6/17,7:55:12,0.33,19,0.25
Protection,Evelyn_downs,Boomerang,Dingo,Protected,Low,26/6/17 7:55,26/6/17,7:55:12,0.33,19,0.25
Protection,Evelyn_downs,Boomerang,Dingo,Protected,Low,26/6/17 7:55,26/6/17,7:55:12,0.33,19,0.25
Protection,Evelyn_downs,Boomerang,Dingo,Protected,Low,26/6/17 7:55,26/6/17,7:55:12,0.33,19,0.25
Protection,Evelyn_downs,Boomerang,Fox,Protected,Low,25/6/17 19:40,25/6/17,19:40:48,0.82,19,0.8
Protection,Evelyn_downs,Boomerang,Fox,Protected,Low,19/6/17 19:40,19/6/17,19:40:48,0.82,19,0.8
Protection,Evelyn_downs,Boomerang,Dingo,Protected,Low,2/7/17 19:55,2/7/17,19:55:12,0.83,19,0.81
Protection,Evelyn_downs,Boomerang,Dingo,Protected,Low,2/7/17 19:55,2/7/17,19:55:12,0.83,19,0.81
Protection,Evelyn_downs,Boomerang,Dingo,Protected,Low,2/7/17 19:55,2/7/17,19:55:12,0.83,19,0.81
Protection,Evelyn_downs,Boomerang,Dingo,Protected,Low,2/7/17 19:55,2/7/17,19:55:12,0.83,19,0.81
Protection,Evelyn_downs,Boomerang,Dingo,Protected,Low,2/7/17 19:55,2/7/17,19:55:12,0.83,19,0.81
Protection,Evelyn_downs,Boomerang,Dingo,Protected,Low,2/7/17 19:55,2/7/17,19:55:12,0.83,19,0.81
Protection,Evelyn_downs,Boomerang,Dingo,Protected,Low,2/7/17 19:55,2/7/17,19:55:12,0.83,19,0.81
Protection,Evelyn_downs,Boomerang,Dingo,Protected,Low,2/7/17 19:55,2/7/17,19:55:12,0.83,19,0.81
Protection,Evelyn_downs,Boomerang,Dingo,Protected,Low,2/7/17 19:55,2/7/17,19:55:12,0.83,19,0.81
Protection,Evelyn_downs,Boomerang,Dingo,Protected,Low,2/7/17 19:55,2/7/17,19:55:12,0.83,19,0.81
Protection,Evelyn_downs,Boomerang,Dingo,Protected,Low,2/7/17 20:24,2/7/17,20:24:00,0.85,19,0.82
Protection,Evelyn_downs,Boomerang,Fox,Protected,Low,29/6/17 21:07,29/6/17,21:07:12,0.88,19,0.86
Protection,Evelyn_downs,Boomerang,Fox,Protected,Low,29/6/17 21:36,29/6/17,21:36:00,0.9,19,0.87
Protection,Evelyn_downs,Boomerang,Fox,Protected,Low,29/6/17 21:36,29/6/17,21:36:00,0.9,19,0.87
Protection,Evelyn_downs,Boomerang,Fox,Protected,Low,20/6/17 22:19,20/6/17,22:19:12,0.93,19,0.9
Protection,Evelyn_downs,Boomerang,Fox,Protected,Low,25/6/17 22:48,25/6/17,22:48:00,0.95,19,0.92
Protection,Evelyn_downs,Boomerang,Fox,Protected,Low,25/6/17 22:48,25/6/17,22:48:00,0.95,19,0.92
Protection,Evelyn_downs,Boomerang,Fox,Protected,Low,19/6/17 22:48,19/6/17,22:48:00,0.95,19,0.92
Protection,Evelyn_downs,Boomerang,Fox,Protected,Low,19/6/17 22:48,19/6/17,22:48:00,0.95,19,0.92
Protection,Evelyn_downs,Boomerang,Fox,Protected,Low,19/6/17 22:48,19/6/17,22:48:00,0.95,19,0.92
Protection,Evelyn_downs,Boomerang,Fox,Protected,Low,18/6/17 23:02,18/6/17,23:02:24,0.96,19,0.93
Protection,Evelyn_downs,Boomerang,Fox,Protected,Low,18/6/17 23:02,18/6/17,23:02:24,0.96,19,0.93
Protection,Evelyn_downs,Boomerang,Fox,Protected,Low,18/6/17 23:16,18/6/17,23:16:48,0.97,19,0.93
Protection,Evelyn_downs,Boomerang,Fox,Protected,Low,18/6/17 23:16,18/6/17,23:16:48,0.97,19,0.93
Protection,Evelyn_downs,Boomerang,Fox,Protected,Low,19/6/17 0:14,19/6/17,0:14:24,0.01,19,0.97
Protection,Evelyn_downs,Boomerang,Fox,Protected,Low,19/6/17 0:14,19/6/17,0:14:24,0.01,19,0.97
Protection,Evelyn_downs,Bransons_Well,Fox,Protected,Low,5/7/16 4:04,5/7/16,4:04:48,0.17,6,0.11
Protection,Evelyn_downs,Bransons_Well,Fox,Protected,Low,5/7/16 4:19,5/7/16,4:19:12,0.18,6,0.12
Protection,Evelyn_downs,Bransons_Well,Fox,Protected,Low,5/7/16 4:19,5/7/16,4:19:12,0.18,6,0.12
Protection,Evelyn_downs,Bransons_Well,Fox,Protected,Low,5/7/16 4:19,5/7/16,4:19:12,0.18,6,0.12
Protection,Evelyn_downs,Bransons_Well,Fox,Protected,Low,5/7/16 4:19,5/7/16,4:19:12,0.18,6,0.12
Protection,Evelyn_downs,Bransons_Well,Fox,Protected,Low,5/7/16 4:19,5/7/16,4:19:12,0.18,6,0.12
Protection,Evelyn_downs,Bransons_Well,Fox,Protected,Low,5/7/16 4:19,5/7/16,4:19:12,0.18,6,0.12
Protection,Evelyn_downs,Bransons_Well,Fox,Protected,Low,5/7/16 4:19,5/7/16,4:19:12,0.18,6,0.12
Protection,Evelyn_downs,Bransons_Well,Dingo,Protected,Low,3/7/16 8:52,3/7/16,8:52:48,0.37,6,0.3
Protection,Evelyn_downs,Bransons_Well,Dingo,Protected,Low,3/7/16 8:52,3/7/16,8:52:48,0.37,6,0.3
Protection,Evelyn_downs,Bransons_Well,Dingo,Protected,Low,3/7/16 8:52,3/7/16,8:52:48,0.37,6,0.3
Protection,Evelyn_downs,Bransons_Well,Dingo,Protected,Low,3/7/16 8:52,3/7/16,8:52:48,0.37,6,0.3
Protection,Evelyn_downs,Bransons_Well,Dingo,Protected,Low,3/7/16 8:52,3/7/16,8:52:48,0.37,6,0.3
Protection,Evelyn_downs,Bransons_Well,Dingo,Protected,Low,3/7/16 8:52,3/7/16,8:52:48,0.37,6,0.3
Protection,Evelyn_downs,Bransons_Well,Dingo,Protected,Low,3/7/16 8:52,3/7/16,8:52:48,0.37,6,0.3
Protection,Evelyn_downs,Camp,Fox,Protected,Low,24/6/18 2:52,24/6/18,2:52:48,0.12,3,0.07
Protection,Evelyn_downs,Camp,Fox,Protected,Low,24/6/18 2:52,24/6/18,2:52:48,0.12,3,0.07
Protection,Evelyn_downs,Camp,Fox,Protected,Low,24/6/18 2:52,24/6/18,2:52:48,0.12,3,0.07
Protection,Evelyn_downs,Camp,Dingo,Protected,Low,21/6/18 19:55,21/6/18,19:55:12,0.83,6,0.81
Protection,Evelyn_downs,Camp,Dingo,Protected,Low,21/6/18 19:55,21/6/18,19:55:12,0.83,3,0.81
Protection,Evelyn_downs,Camp,Dingo,Protected,Low,21/6/18 19:55,21/6/18,19:55:12,0.83,3,0.81
Protection,Evelyn_downs,Camp,Dingo,Protected,Low,21/6/18 19:55,21/6/18,19:55:12,0.83,3,0.81
Protection,Evelyn_downs,Camp,Dingo,Protected,Low,21/6/18 19:55,21/6/18,19:55:12,0.83,3,0.81
Protection,Evelyn_downs,Camp,Fox,Protected,Low,22/6/18 22:33,22/6/18,22:33:36,0.94,3,0.91
Protection,Evelyn_downs,Canegrass,Fox,Protected,Low,25/6/17 2:09,25/6/17,2:09:36,0.09,24,0.04
Protection,Evelyn_downs,Canegrass,Fox,Protected,Low,25/6/17 2:24,25/6/17,2:24:00,0.1,24,0.05
Protection,Evelyn_downs,Canegrass,Dingo,Protected,Low,25/6/17 2:24,25/6/17,2:24:00,0.1,24,0.05
Protection,Evelyn_downs,Canegrass,Dingo,Protected,Low,25/6/17 2:24,25/6/17,2:24:00,0.1,24,0.05
Protection,Evelyn_downs,Canegrass,Dingo,Protected,Low,25/6/17 2:24,25/6/17,2:24:00,0.1,24,0.05
Protection,Evelyn_downs,Canegrass,Fox,Protected,Low,25/6/17 3:50,25/6/17,3:50:24,0.16,24,0.1
Protection,Evelyn_downs,Canegrass,Fox,Protected,Low,5/7/17 5:16,5/7/17,5:16:48,0.22,24,0.15
Protection,Evelyn_downs,Canegrass,Dingo,Protected,Low,21/6/17 5:31,21/6/17,5:31:12,0.23,24,0.16
Protection,Evelyn_downs,Canegrass,Dingo,Protected,Low,21/6/17 5:31,21/6/17,5:31:12,0.23,24,0.16
Protection,Evelyn_downs,Canegrass,Dingo,Protected,Low,21/6/17 5:31,21/6/17,5:31:12,0.23,24,0.16
Protection,Evelyn_downs,Canegrass,Dingo,Protected,Low,21/6/17 5:31,21/6/17,5:31:12,0.23,24,0.16
Protection,Evelyn_downs,Canegrass,Dingo,Protected,Low,21/6/17 5:31,21/6/17,5:31:12,0.23,24,0.16
Protection,Evelyn_downs,Canegrass,Dingo,Protected,Low,21/6/17 5:31,21/6/17,5:31:12,0.23,24,0.16
Protection,Evelyn_downs,Canegrass,Dingo,Protected,Low,21/6/17 5:31,21/6/17,5:31:12,0.23,24,0.16
Protection,Evelyn_downs,Canegrass,Dingo,Protected,Low,21/6/17 5:31,21/6/17,5:31:12,0.23,24,0.16
Protection,Evelyn_downs,Canegrass,Dingo,Protected,Low,21/6/17 5:31,21/6/17,5:31:12,0.23,24,0.16
Protection,Evelyn_downs,Canegrass,Dingo,Protected,Low,21/6/17 5:31,21/6/17,5:31:12,0.23,24,0.16
Protection,Evelyn_downs,Canegrass,Dingo,Protected,Low,21/6/17 5:31,21/6/17,5:31:12,0.23,24,0.16
Protection,Evelyn_downs,Canegrass,Dingo,Protected,Low,21/6/17 5:31,21/6/17,5:31:12,0.23,24,0.16
Protection,Evelyn_downs,Canegrass,Dingo,Protected,Low,21/6/17 5:31,21/6/17,5:31:12,0.23,24,0.16
Protection,Evelyn_downs,Canegrass,Dingo,Protected,Low,21/6/17 5:31,21/6/17,5:31:12,0.23,24,0.16
Protection,Evelyn_downs,Canegrass,Dingo,Protected,Low,21/6/17 5:31,21/6/17,5:31:12,0.23,24,0.16
Protection,Evelyn_downs,Canegrass,Dingo,Protected,Low,21/6/17 5:31,21/6/17,5:31:12,0.23,24,0.16
Protection,Evelyn_downs,Canegrass,Dingo,Protected,Low,21/6/17 5:31,21/6/17,5:31:12,0.23,24,0.16
Protection,Evelyn_downs,Canegrass,Dingo,Protected,Low,21/6/17 5:31,21/6/17,5:31:12,0.23,24,0.16
Protection,Evelyn_downs,Canegrass,Dingo,Protected,Low,20/6/17 9:07,20/6/17,9:07:12,0.38,24,0.31
Protection,Evelyn_downs,Canegrass,Dingo,Protected,Low,20/6/17 9:07,20/6/17,9:07:12,0.38,24,0.31
Protection,Evelyn_downs,Canegrass,Dingo,Protected,Low,20/6/17 9:07,20/6/17,9:07:12,0.38,24,0.31
Protection,Evelyn_downs,Canegrass,Dingo,Protected,Low,20/6/17 9:07,20/6/17,9:07:12,0.38,24,0.31
Protection,Evelyn_downs,Canegrass,Dingo,Protected,Low,20/6/17 9:07,20/6/17,9:07:12,0.38,24,0.31
Protection,Evelyn_downs,Canegrass,Dingo,Protected,Low,20/6/17 9:07,20/6/17,9:07:12,0.38,24,0.31
Protection,Evelyn_downs,Canegrass,Dingo,Protected,Low,20/6/17 9:07,20/6/17,9:07:12,0.38,24,0.31
Protection,Evelyn_downs,Canegrass,Dingo,Protected,Low,20/6/17 9:07,20/6/17,9:07:12,0.38,24,0.31
Protection,Evelyn_downs,Canegrass,Dingo,Protected,Low,20/6/17 9:07,20/6/17,9:07:12,0.38,24,0.31
Protection,Evelyn_downs,Canegrass,Dingo,Protected,Low,20/6/17 9:07,20/6/17,9:07:12,0.38,24,0.31
Protection,Evelyn_downs,Canegrass,Dingo,Protected,Low,20/6/17 9:07,20/6/17,9:07:12,0.38,24,0.31
Protection,Evelyn_downs,Canegrass,Dingo,Protected,Low,20/6/17 9:07,20/6/17,9:07:12,0.38,24,0.31
Protection,Evelyn_downs,Canegrass,Dingo,Protected,Low,20/6/17 9:07,20/6/17,9:07:12,0.38,24,0.31
Protection,Evelyn_downs,Canegrass,Dingo,Protected,Low,20/6/17 9:07,20/6/17,9:07:12,0.38,24,0.31
Protection,Evelyn_downs,Canegrass,Dingo,Protected,Low,19/6/17 9:07,19/6/17,9:07:12,0.38,24,0.31
Protection,Evelyn_downs,Canegrass,Dingo,Protected,Low,19/6/17 9:07,19/6/17,9:07:12,0.38,24,0.31
Protection,Evelyn_downs,Canegrass,Dingo,Protected,Low,19/6/17 9:07,19/6/17,9:07:12,0.38,24,0.31
Protection,Evelyn_downs,Canegrass,Dingo,Protected,Low,19/6/17 9:07,19/6/17,9:07:12,0.38,24,0.31
Protection,Evelyn_downs,Canegrass,Dingo,Protected,Low,19/6/17 9:07,19/6/17,9:07:12,0.38,24,0.31
Protection,Evelyn_downs,Canegrass,Dingo,Protected,Low,19/6/17 9:07,19/6/17,9:07:12,0.38,24,0.31
Protection,Evelyn_downs,Canegrass,Dingo,Protected,Low,19/6/17 9:07,19/6/17,9:07:12,0.38,24,0.31
Protection,Evelyn_downs,Canegrass,Dingo,Protected,Low,6/7/17 9:21,6/7/17,9:21:36,0.39,24,0.32
Protection,Evelyn_downs,Canegrass,Dingo,Protected,Low,6/7/17 9:21,6/7/17,9:21:36,0.39,24,0.32
Protection,Evelyn_downs,Canegrass,Dingo,Protected,Low,6/7/17 9:21,6/7/17,9:21:36,0.39,24,0.32
Protection,Evelyn_downs,Canegrass,Dingo,Protected,Low,6/7/17 9:21,6/7/17,9:21:36,0.39,24,0.32
Protection,Evelyn_downs,Canegrass,Dingo,Protected,Low,6/7/17 9:21,6/7/17,9:21:36,0.39,24,0.32
Protection,Evelyn_downs,Canegrass,Dingo,Protected,Low,6/7/17 9:21,6/7/17,9:21:36,0.39,24,0.32
Protection,Evelyn_downs,Canegrass,Dingo,Protected,Low,6/7/17 9:21,6/7/17,9:21:36,0.39,24,0.32
Protection,Evelyn_downs,Canegrass,Dingo,Protected,Low,6/7/17 9:21,6/7/17,9:21:36,0.39,24,0.32
Protection,Evelyn_downs,Canegrass,Dingo,Protected,Low,6/7/17 9:21,6/7/17,9:21:36,0.39,24,0.32
Protection,Evelyn_downs,Canegrass,Dingo,Protected,Low,6/7/17 9:21,6/7/17,9:21:36,0.39,24,0.32
Protection,Evelyn_downs,Canegrass,Dingo,Protected,Low,6/7/17 9:21,6/7/17,9:21:36,0.39,24,0.32
Protection,Evelyn_downs,Canegrass,Dingo,Protected,Low,6/7/17 9:21,6/7/17,9:21:36,0.39,24,0.32
Protection,Evelyn_downs,Canegrass,Dingo,Protected,Low,6/7/17 9:21,6/7/17,9:21:36,0.39,24,0.32
Protection,Evelyn_downs,Canegrass,Dingo,Protected,Low,6/7/17 9:21,6/7/17,9:21:36,0.39,24,0.32
Protection,Evelyn_downs,Canegrass,Dingo,Protected,Low,6/7/17 9:21,6/7/17,9:21:36,0.39,24,0.32
Protection,Evelyn_downs,Canegrass,Dingo,Protected,Low,6/7/17 9:21,6/7/17,9:21:36,0.39,24,0.32
Protection,Evelyn_downs,Canegrass,Dingo,Protected,Low,6/7/17 9:21,6/7/17,9:21:36,0.39,24,0.32
Protection,Evelyn_downs,Canegrass,Dingo,Protected,Low,6/7/17 9:21,6/7/17,9:21:36,0.39,24,0.32
Protection,Evelyn_downs,Canegrass,Dingo,Protected,Low,6/7/17 9:21,6/7/17,9:21:36,0.39,24,0.32
Protection,Evelyn_downs,Canegrass,Dingo,Protected,Low,20/6/17 9:21,20/6/17,9:21:36,0.39,24,0.32
Protection,Evelyn_downs,Canegrass,Dingo,Protected,Low,20/6/17 9:21,20/6/17,9:21:36,0.39,24,0.32
Protection,Evelyn_downs,Canegrass,Dingo,Protected,Low,20/6/17 9:21,20/6/17,9:21:36,0.39,24,0.32
Protection,Evelyn_downs,Canegrass,Dingo,Protected,Low,20/6/17 9:21,20/6/17,9:21:36,0.39,24,0.32
Protection,Evelyn_downs,Canegrass,Dingo,Protected,Low,20/6/17 9:21,20/6/17,9:21:36,0.39,24,0.32
Protection,Evelyn_downs,Canegrass,Dingo,Protected,Low,20/6/17 9:21,20/6/17,9:21:36,0.39,24,0.32
Protection,Evelyn_downs,Canegrass,Dingo,Protected,Low,19/6/17 9:21,19/6/17,9:21:36,0.39,24,0.32
Protection,Evelyn_downs,Canegrass,Dingo,Protected,Low,19/6/17 9:21,19/6/17,9:21:36,0.39,24,0.32
Protection,Evelyn_downs,Canegrass,Dingo,Protected,Low,6/7/17 9:36,6/7/17,9:36:00,0.4,24,0.33
Protection,Evelyn_downs,Canegrass,Dingo,Protected,Low,6/7/17 9:36,6/7/17,9:36:00,0.4,24,0.33
Protection,Evelyn_downs,Canegrass,Dingo,Protected,Low,6/7/17 9:36,6/7/17,9:36:00,0.4,24,0.33
Protection,Evelyn_downs,Canegrass,Dingo,Protected,Low,6/7/17 9:36,6/7/17,9:36:00,0.4,24,0.33
Protection,Evelyn_downs,Canegrass,Dingo,Protected,Low,6/7/17 9:36,6/7/17,9:36:00,0.4,24,0.33
Protection,Evelyn_downs,Canegrass,Dingo,Protected,Low,6/7/17 9:36,6/7/17,9:36:00,0.4,24,0.33
Protection,Evelyn_downs,Canegrass,Dingo,Protected,Low,6/7/17 9:36,6/7/17,9:36:00,0.4,24,0.33
Protection,Evelyn_downs,Canegrass,Dingo,Protected,Low,29/6/17 9:50,29/6/17,9:50:24,0.41,24,0.34
Protection,Evelyn_downs,Canegrass,Dingo,Protected,Low,29/6/17 9:50,29/6/17,9:50:24,0.41,24,0.34
Protection,Evelyn_downs,Canegrass,Dingo,Protected,Low,29/6/17 9:50,29/6/17,9:50:24,0.41,24,0.34
Protection,Evelyn_downs,Canegrass,Dingo,Protected,Low,29/6/17 9:50,29/6/17,9:50:24,0.41,24,0.34
Protection,Evelyn_downs,Canegrass,Dingo,Protected,Low,29/6/17 9:50,29/6/17,9:50:24,0.41,24,0.34
Protection,Evelyn_downs,Canegrass,Dingo,Protected,Low,29/6/17 9:50,29/6/17,9:50:24,0.41,24,0.34
Protection,Evelyn_downs,Canegrass,Dingo,Protected,Low,29/6/17 9:50,29/6/17,9:50:24,0.41,24,0.34
Protection,Evelyn_downs,Canegrass,Dingo,Protected,Low,29/6/17 9:50,29/6/17,9:50:24,0.41,24,0.34
Protection,Evelyn_downs,Canegrass,Dingo,Protected,Low,23/6/17 11:31,23/6/17,11:31:12,0.48,24,0.43
Protection,Evelyn_downs,Canegrass,Dingo,Protected,Low,23/6/17 11:31,23/6/17,11:31:12,0.48,24,0.43
Protection,Evelyn_downs,Canegrass,Dingo,Protected,Low,23/6/17 11:31,23/6/17,11:31:12,0.48,24,0.43
Protection,Evelyn_downs,Canegrass,Dingo,Protected,Low,19/6/17 11:31,19/6/17,11:31:12,0.48,24,0.43
Protection,Evelyn_downs,Canegrass,Dingo,Protected,Low,19/6/17 11:31,19/6/17,11:31:12,0.48,24,0.43
Protection,Evelyn_downs,Canegrass,Dingo,Protected,Low,19/6/17 11:31,19/6/17,11:31:12,0.48,24,0.43
Protection,Evelyn_downs,Canegrass,Dingo,Protected,Low,19/6/17 11:31,19/6/17,11:31:12,0.48,24,0.43
Protection,Evelyn_downs,Canegrass,Dingo,Protected,Low,19/6/17 11:31,19/6/17,11:31:12,0.48,24,0.43
Protection,Evelyn_downs,Canegrass,Dingo,Protected,Low,19/6/17 11:31,19/6/17,11:31:12,0.48,24,0.43
Protection,Evelyn_downs,Canegrass,Dingo,Protected,Low,19/6/17 11:31,19/6/17,11:31:12,0.48,24,0.43
Protection,Evelyn_downs,Canegrass,Dingo,Protected,Low,19/6/17 11:31,19/6/17,11:31:12,0.48,24,0.43
Protection,Evelyn_downs,Canegrass,Dingo,Protected,Low,19/6/17 11:31,19/6/17,11:31:12,0.48,24,0.43
Protection,Evelyn_downs,Canegrass,Dingo,Protected,Low,19/6/17 11:31,19/6/17,11:31:12,0.48,24,0.43
Protection,Evelyn_downs,Canegrass,Dingo,Protected,Low,19/6/17 11:31,19/6/17,11:31:12,0.48,24,0.43
Protection,Evelyn_downs,Canegrass,Dingo,Protected,Low,19/6/17 11:31,19/6/17,11:31:12,0.48,24,0.43
Protection,Evelyn_downs,Canegrass,Dingo,Protected,Low,19/6/17 11:31,19/6/17,11:31:12,0.48,24,0.43
Protection,Evelyn_downs,Canegrass,Dingo,Protected,Low,5/7/17 12:57,5/7/17,12:57:36,0.54,24,0.49
Protection,Evelyn_downs,Canegrass,Dingo,Protected,Low,5/7/17 12:57,5/7/17,12:57:36,0.54,24,0.49
Protection,Evelyn_downs,Canegrass,Dingo,Protected,Low,19/6/17 15:36,19/6/17,15:36:00,0.65,24,0.62
Protection,Evelyn_downs,Canegrass,Dingo,Protected,Low,19/6/17 15:36,19/6/17,15:36:00,0.65,24,0.62
Protection,Evelyn_downs,Canegrass,Dingo,Protected,Low,19/6/17 15:36,19/6/17,15:36:00,0.65,24,0.62
Protection,Evelyn_downs,Canegrass,Dingo,Protected,Low,19/6/17 15:36,19/6/17,15:36:00,0.65,24,0.62
Protection,Evelyn_downs,Canegrass,Dingo,Protected,Low,19/6/17 15:36,19/6/17,15:36:00,0.65,24,0.62
Protection,Evelyn_downs,Canegrass,Dingo,Protected,Low,19/6/17 15:36,19/6/17,15:36:00,0.65,24,0.62
Protection,Evelyn_downs,Canegrass,Dingo,Protected,Low,19/6/17 15:36,19/6/17,15:36:00,0.65,24,0.62
Protection,Evelyn_downs,Canegrass,Dingo,Protected,Low,19/6/17 15:36,19/6/17,15:36:00,0.65,24,0.62
Protection,Evelyn_downs,Canegrass,Dingo,Protected,Low,19/6/17 15:36,19/6/17,15:36:00,0.65,24,0.62
Protection,Evelyn_downs,Canegrass,Dingo,Protected,Low,19/6/17 15:36,19/6/17,15:36:00,0.65,24,0.62
Protection,Evelyn_downs,Canegrass,Dingo,Protected,Low,19/6/17 15:36,19/6/17,15:36:00,0.65,24,0.62
Protection,Evelyn_downs,Canegrass,Dingo,Protected,Low,19/6/17 15:36,19/6/17,15:36:00,0.65,24,0.62
Protection,Evelyn_downs,Canegrass,Dingo,Protected,Low,19/6/17 15:36,19/6/17,15:36:00,0.65,24,0.62
Protection,Evelyn_downs,Canegrass,Dingo,Protected,Low,23/6/17 18:00,23/6/17,18:00:00,0.75,24,0.74
Protection,Evelyn_downs,Canegrass,Dingo,Protected,Low,23/6/17 18:00,23/6/17,18:00:00,0.75,24,0.74
Protection,Evelyn_downs,Canegrass,Dingo,Protected,Low,23/6/17 18:00,23/6/17,18:00:00,0.75,24,0.74
Protection,Evelyn_downs,Canegrass,Dingo,Protected,Low,23/6/17 18:00,23/6/17,18:00:00,0.75,24,0.74
Protection,Evelyn_downs,Canegrass,Dingo,Protected,Low,23/6/17 18:00,23/6/17,18:00:00,0.75,24,0.74
Protection,Evelyn_downs,Canegrass,Dingo,Protected,Low,23/6/17 18:57,23/6/17,18:57:36,0.79,24,0.78
Protection,Evelyn_downs,Canegrass,Dingo,Protected,Low,23/6/17 18:57,23/6/17,18:57:36,0.79,24,0.78
Protection,Evelyn_downs,Canegrass,Dingo,Protected,Low,23/6/17 18:57,23/6/17,18:57:36,0.79,24,0.78
Protection,Evelyn_downs,Canegrass,Dingo,Protected,Low,23/6/17 18:57,23/6/17,18:57:36,0.79,24,0.78
Protection,Evelyn_downs,Canegrass,Dingo,Protected,Low,23/6/17 18:57,23/6/17,18:57:36,0.79,24,0.78
Protection,Evelyn_downs,Canegrass,Dingo,Protected,Low,23/6/17 18:57,23/6/17,18:57:36,0.79,24,0.78
Protection,Evelyn_downs,Canegrass,Dingo,Protected,Low,23/6/17 19:12,23/6/17,19:12:00,0.8,24,0.79
Protection,Evelyn_downs,Canegrass,Dingo,Protected,Low,23/6/17 19:12,23/6/17,19:12:00,0.8,24,0.79
Protection,Evelyn_downs,Canegrass,Dingo,Protected,Low,23/6/17 19:12,23/6/17,19:12:00,0.8,24,0.79
Protection,Evelyn_downs,Canegrass,Dingo,Protected,Low,23/6/17 19:12,23/6/17,19:12:00,0.8,24,0.79
Protection,Evelyn_downs,Canegrass,Dingo,Protected,Low,23/6/17 19:12,23/6/17,19:12:00,0.8,24,0.79
Protection,Evelyn_downs,Canegrass,Dingo,Protected,Low,23/6/17 19:12,23/6/17,19:12:00,0.8,24,0.79
Protection,Evelyn_downs,Canegrass,Fox,Protected,Low,18/6/17 19:26,18/6/17,19:26:24,0.81,24,0.79
Protection,Evelyn_downs,Canegrass,Fox,Protected,Low,18/6/17 19:26,18/6/17,19:26:24,0.81,24,0.79
Protection,Evelyn_downs,Canegrass,Fox,Protected,Low,18/6/17 19:26,18/6/17,19:26:24,0.81,24,0.79
Protection,Evelyn_downs,Canegrass,Fox,Protected,Low,18/6/17 19:26,18/6/17,19:26:24,0.81,24,0.79
Protection,Evelyn_downs,Canegrass,Dingo,Protected,Low,23/6/17 19:40,23/6/17,19:40:48,0.82,24,0.8
Protection,Evelyn_downs,Canegrass,Dingo,Protected,Low,3/7/17 19:55,3/7/17,19:55:12,0.83,24,0.81
Protection,Evelyn_downs,Canegrass,Fox,Protected,Low,27/6/17 19:55,27/6/17,19:55:12,0.83,24,0.81
Protection,Evelyn_downs,Canegrass,Fox,Protected,Low,22/6/17 20:09,22/6/17,20:09:36,0.84,24,0.82
Protection,Evelyn_downs,Canegrass,Fox,Protected,Low,22/6/17 20:09,22/6/17,20:09:36,0.84,24,0.82
Protection,Evelyn_downs,Canegrass,Fox,Protected,Low,22/6/17 20:09,22/6/17,20:09:36,0.84,24,0.82
Protection,Evelyn_downs,Canegrass,Fox,Protected,Low,22/6/17 20:09,22/6/17,20:09:36,0.84,24,0.82
Protection,Evelyn_downs,Canegrass,Fox,Protected,Low,18/6/17 20:09,18/6/17,20:09:36,0.84,24,0.82
Protection,Evelyn_downs,Canegrass,Fox,Protected,Low,18/6/17 20:09,18/6/17,20:09:36,0.84,24,0.82
Protection,Evelyn_downs,Canegrass,Fox,Protected,Low,20/6/17 20:24,20/6/17,20:24:00,0.85,24,0.83
Protection,Evelyn_downs,Canegrass,Fox,Protected,Low,20/6/17 20:24,20/6/17,20:24:00,0.85,24,0.83
Protection,Evelyn_downs,Canegrass,Fox,Protected,Low,20/6/17 20:24,20/6/17,20:24:00,0.85,24,0.83
Protection,Evelyn_downs,Canegrass,Fox,Protected,Low,20/6/17 20:24,20/6/17,20:24:00,0.85,24,0.83
Protection,Evelyn_downs,Canegrass,Fox,Protected,Low,18/6/17 20:24,18/6/17,20:24:00,0.85,24,0.83
Protection,Evelyn_downs,Canegrass,Fox,Protected,Low,18/6/17 20:24,18/6/17,20:24:00,0.85,24,0.83
Protection,Evelyn_downs,Canegrass,Fox,Protected,Low,18/6/17 20:24,18/6/17,20:24:00,0.85,24,0.83
Protection,Evelyn_downs,Canegrass,Fox,Protected,Low,18/6/17 20:24,18/6/17,20:24:00,0.85,24,0.83
Protection,Evelyn_downs,Canegrass,Fox,Protected,Low,18/6/17 20:24,18/6/17,20:24:00,0.85,24,0.83
Protection,Evelyn_downs,Canegrass,Fox,Protected,Low,18/6/17 20:24,18/6/17,20:24:00,0.85,24,0.83
Protection,Evelyn_downs,Canegrass,Fox,Protected,Low,19/6/17 20:24,19/6/17,20:24:00,0.85,24,0.83
Protection,Evelyn_downs,Canegrass,Fox,Protected,Low,18/6/17 20:38,18/6/17,20:38:24,0.86,24,0.84
Protection,Evelyn_downs,Canegrass,Dingo,Protected,Low,20/6/17 20:52,20/6/17,20:52:48,0.87,24,0.85
Protection,Evelyn_downs,Canegrass,Dingo,Protected,Low,20/6/17 20:52,20/6/17,20:52:48,0.87,24,0.85
Protection,Evelyn_downs,Canegrass,Dingo,Protected,Low,24/6/17 21:07,24/6/17,21:07:12,0.88,24,0.86
Protection,Evelyn_downs,Canegrass,Dingo,Protected,Low,24/6/17 21:07,24/6/17,21:07:12,0.88,24,0.86
Protection,Evelyn_downs,Canegrass,Dingo,Protected,Low,24/6/17 21:07,24/6/17,21:07:12,0.88,24,0.86
Protection,Evelyn_downs,Canegrass,Dingo,Protected,Low,24/6/17 21:07,24/6/17,21:07:12,0.88,24,0.86
Protection,Evelyn_downs,Canegrass,Dingo,Protected,Low,24/6/17 21:07,24/6/17,21:07:12,0.88,24,0.86
Protection,Evelyn_downs,Canegrass,Dingo,Protected,Low,24/6/17 21:07,24/6/17,21:07:12,0.88,24,0.86
Protection,Evelyn_downs,Canegrass,Dingo,Protected,Low,24/6/17 21:07,24/6/17,21:07:12,0.88,24,0.86
Protection,Evelyn_downs,Canegrass,Dingo,Protected,Low,24/6/17 21:07,24/6/17,21:07:12,0.88,24,0.86
Protection,Evelyn_downs,Canegrass,Dingo,Protected,Low,20/6/17 21:21,20/6/17,21:21:36,0.89,24,0.86
Protection,Evelyn_downs,Canegrass,Dingo,Protected,Low,20/6/17 21:21,20/6/17,21:21:36,0.89,24,0.86
Protection,Evelyn_downs,Canegrass,Dingo,Protected,Low,20/6/17 21:21,20/6/17,21:21:36,0.89,24,0.86
Protection,Evelyn_downs,Canegrass,Dingo,Protected,Low,20/6/17 21:21,20/6/17,21:21:36,0.89,24,0.86
Protection,Evelyn_downs,Canegrass,Dingo,Protected,Low,20/6/17 21:21,20/6/17,21:21:36,0.89,24,0.86
Protection,Evelyn_downs,Canegrass,Dingo,Protected,Low,19/6/17 23:02,19/6/17,23:02:24,0.96,24,0.93
Protection,Evelyn_downs,Canegrass,Dingo,Protected,Low,19/6/17 23:02,19/6/17,23:02:24,0.96,24,0.93
Protection,Evelyn_downs,Canegrass,Dingo,Protected,Low,19/6/17 23:02,19/6/17,23:02:24,0.96,24,0.93
Protection,Evelyn_downs,Canegrass,Dingo,Protected,Low,19/6/17 23:02,19/6/17,23:02:24,0.96,24,0.93
Protection,Evelyn_downs,Canegrass,Dingo,Protected,Low,19/6/17 23:02,19/6/17,23:02:24,0.96,24,0.93
Protection,Evelyn_downs,Canegrass,Dingo,Protected,Low,19/6/17 23:02,19/6/17,23:02:24,0.96,24,0.93
Protection,Evelyn_downs,Canegrass,Dingo,Protected,Low,29/6/17 0:00,29/6/17,0:00:00,0,24,0.96
Protection,Evelyn_downs,Canegrass,Dingo,Protected,Low,29/6/17 0:00,29/6/17,0:00:00,0,24,0.96
Protection,Evelyn_downs,Canegrass,Dingo,Protected,Low,29/6/17 0:00,29/6/17,0:00:00,0,24,0.96
Protection,Evelyn_downs,Canegrass,Dingo,Protected,Low,29/6/17 0:00,29/6/17,0:00:00,0,24,0.96
Protection,Evelyn_downs,Canegrass,Dingo,Protected,Low,29/6/17 0:00,29/6/17,0:00:00,0,24,0.96
Protection,Evelyn_downs,Canegrass,Fox,Protected,Low,22/6/17 0:00,22/6/17,0:00:00,0,24,0.96
Protection,Evelyn_downs,Canegrass,Fox,Protected,Low,22/6/17 0:00,22/6/17,0:00:00,0,24,0.96
Protection,Evelyn_downs,Canegrass,Fox,Protected,Low,2/7/17 0:14,2/7/17,0:14:24,0.01,24,0.97
Protection,Evelyn_downs,Canegrass,Fox,Protected,Low,2/7/17 0:14,2/7/17,0:14:24,0.01,24,0.97
Protection,Evelyn_downs,Canegrass,Fox,Protected,Low,7/7/17 0:28,7/7/17,0:28:48,0.02,24,0.97
Protection,Evelyn_downs,Canegrass,Fox,Protected,Low,7/7/17 0:28,7/7/17,0:28:48,0.02,24,0.97
Protection,Evelyn_downs,Charlies,Dingo,Protected,Low,8/6/18 7:12,8/6/18,7:12:00,0.3,14,0.22
Protection,Evelyn_downs,Charlies,Dingo,Protected,Low,1/7/17 8:24,1/7/17,8:24:00,0.35,14,0.27
Protection,Evelyn_downs,Charlies,Dingo,Protected,Low,1/7/17 8:24,1/7/17,8:24:00,0.35,14,0.27
Protection,Evelyn_downs,Charlies,Dingo,Protected,Low,1/7/17 8:24,1/7/17,8:24:00,0.35,14,0.27
Protection,Evelyn_downs,Charlies,Dingo,Protected,Low,1/7/17 8:24,1/7/17,8:24:00,0.35,14,0.27
Protection,Evelyn_downs,Charlies,Dingo,Protected,Low,1/7/17 8:24,1/7/17,8:24:00,0.35,14,0.27
Protection,Evelyn_downs,Charlies,Dingo,Protected,Low,27/6/17 8:38,27/6/17,8:38:24,0.36,14,0.29
Protection,Evelyn_downs,Charlies,Dingo,Protected,Low,27/6/17 8:52,27/6/17,8:52:48,0.37,24,0.3
Protection,Evelyn_downs,Clarkes,Dingo,Protected,Low,17/6/18 1:12,17/6/18,1:12:00,0.05,13,0
Protection,Evelyn_downs,Clarkes,Dingo,Protected,Low,15/6/18 5:45,15/6/18,5:45:36,0.24,13,0.17
Protection,Evelyn_downs,Clarkes,Dingo,Protected,Low,15/6/18 5:45,15/6/18,5:45:36,0.24,13,0.17
Protection,Evelyn_downs,Clarkes,Dingo,Protected,Low,15/6/18 5:45,15/6/18,5:45:36,0.24,13,0.17
Protection,Evelyn_downs,Clarkes,Dingo,Protected,Low,15/6/18 5:45,15/6/18,5:45:36,0.24,13,0.17
Protection,Evelyn_downs,Clarkes,Dingo,Protected,Low,15/6/18 5:45,15/6/18,5:45:36,0.24,13,0.17
Protection,Evelyn_downs,Clarkes,Dingo,Protected,Low,15/6/18 5:45,15/6/18,5:45:36,0.24,13,0.17
Protection,Evelyn_downs,Clarkes,Dingo,Protected,Low,16/6/18 7:55,16/6/18,7:55:12,0.33,13,0.25
Protection,Evelyn_downs,Clarkes,Dingo,Protected,Low,15/6/18 7:55,15/6/18,7:55:12,0.33,13,0.25
Protection,Evelyn_downs,Clarkes,Dingo,Protected,Low,15/6/18 7:55,15/6/18,7:55:12,0.33,13,0.25
Protection,Evelyn_downs,Clarkes,Dingo,Protected,Low,15/6/18 7:55,15/6/18,7:55:12,0.33,13,0.25
Protection,Evelyn_downs,Clarkes,Dingo,Protected,Low,14/6/18 10:19,14/6/18,10:19:12,0.43,13,0.37
Protection,Evelyn_downs,Clarkes,Dingo,Protected,Low,14/6/18 10:19,14/6/18,10:19:12,0.43,13,0.37
Protection,Evelyn_downs,Clarkes,Dingo,Protected,Low,14/6/18 10:19,14/6/18,10:19:12,0.43,13,0.37
Protection,Evelyn_downs,Clarkes,Dingo,Protected,Low,14/6/18 10:33,14/6/18,10:33:36,0.44,13,0.38
Protection,Evelyn_downs,Clarkes,Dingo,Protected,Low,14/6/18 10:33,14/6/18,10:33:36,0.44,13,0.38
Protection,Evelyn_downs,Clarkes,Dingo,Protected,Low,13/6/18 10:48,13/6/18,10:48:00,0.45,13,0.39
Protection,Evelyn_downs,Clarkes,Dingo,Protected,Low,14/6/18 10:48,14/6/18,10:48:00,0.45,13,0.39
Protection,Evelyn_downs,Clarkes,Dingo,Protected,Low,13/6/18 11:02,13/6/18,11:02:24,0.46,13,0.4
Protection,Evelyn_downs,Clarkes,Dingo,Protected,Low,14/6/18 11:31,14/6/18,11:31:12,0.48,13,0.43
Protection,Evelyn_downs,Clarkes,Dingo,Protected,Low,14/6/18 11:31,14/6/18,11:31:12,0.48,13,0.43
Protection,Evelyn_downs,Clarkes,Dingo,Protected,Low,14/6/18 11:31,14/6/18,11:31:12,0.48,13,0.43
Protection,Evelyn_downs,Clarkes,Dingo,Protected,Low,14/6/18 11:31,14/6/18,11:31:12,0.48,13,0.43
Protection,Evelyn_downs,Clarkes,Dingo,Protected,Low,13/6/18 18:57,13/6/18,18:57:36,0.79,13,0.78
Protection,Evelyn_downs,Clarkes,Dingo,Protected,Low,13/6/18 18:57,13/6/18,18:57:36,0.79,13,0.78
Protection,Evelyn_downs,Clarkes,Dingo,Protected,Low,13/6/18 18:57,13/6/18,18:57:36,0.79,13,0.78
Protection,Evelyn_downs,Clarkes,Dingo,Protected,Low,13/6/18 19:12,13/6/18,19:12:00,0.8,13,0.79
Protection,Evelyn_downs,Clarkes,Dingo,Protected,Low,13/6/18 19:12,13/6/18,19:12:00,0.8,13,0.79
Protection,Evelyn_downs,Clarkes,Dingo,Protected,Low,13/6/18 19:12,13/6/18,19:12:00,0.8,13,0.79
Protection,Evelyn_downs,Clarkes,Dingo,Protected,Low,13/6/18 19:12,13/6/18,19:12:00,0.8,13,0.79
Protection,Evelyn_downs,Clarkes,Dingo,Protected,Low,13/6/18 19:12,13/6/18,19:12:00,0.8,13,0.79
Protection,Evelyn_downs,Clarkes,Dingo,Protected,Low,13/6/18 19:12,13/6/18,19:12:00,0.8,13,0.79
Protection,Evelyn_downs,Clarkes,Dingo,Protected,Low,13/6/18 19:12,13/6/18,19:12:00,0.8,13,0.79
Protection,Evelyn_downs,Clarkes,Dingo,Protected,Low,13/6/18 19:12,13/6/18,19:12:00,0.8,13,0.79
Protection,Evelyn_downs,Clarkes,Dingo,Protected,Low,13/6/18 19:12,13/6/18,19:12:00,0.8,13,0.79
Protection,Evelyn_downs,Clarkes,Dingo,Protected,Low,13/6/18 19:12,13/6/18,19:12:00,0.8,13,0.79
Protection,Evelyn_downs,Clarkes,Dingo,Protected,Low,13/6/18 19:12,13/6/18,19:12:00,0.8,13,0.79
Protection,Evelyn_downs,Clarkes,Dingo,Protected,Low,13/6/18 19:12,13/6/18,19:12:00,0.8,13,0.79
Protection,Evelyn_downs,Clarkes,Dingo,Protected,Low,20/6/18 19:55,20/6/18,19:55:12,0.83,13,0.81
Protection,Evelyn_downs,Clarkes,Dingo,Protected,Low,20/6/18 19:55,20/6/18,19:55:12,0.83,13,0.81
Protection,Evelyn_downs,Clarkes,Dingo,Protected,Low,20/6/18 19:55,20/6/18,19:55:12,0.83,13,0.81
Protection,Evelyn_downs,Clarkes,Dingo,Protected,Low,20/6/18 19:55,20/6/18,19:55:12,0.83,13,0.81
Protection,Evelyn_downs,Clarkes,Dingo,Protected,Low,13/6/18 19:55,13/6/18,19:55:12,0.83,13,0.81
Protection,Evelyn_downs,Clarkes,Dingo,Protected,Low,13/6/18 20:24,13/6/18,20:24:00,0.85,13,0.83
Protection,Evelyn_downs,Clarkes,Dingo,Protected,Low,13/6/18 20:24,13/6/18,20:24:00,0.85,13,0.83
Protection,Evelyn_downs,Clarkes,Dingo,Protected,Low,13/6/18 20:24,13/6/18,20:24:00,0.85,13,0.83
Protection,Evelyn_downs,Clarkes,Dingo,Protected,Low,13/6/18 20:24,13/6/18,20:24:00,0.85,13,0.83
Protection,Evelyn_downs,Clarkes,Dingo,Protected,Low,13/6/18 20:24,13/6/18,20:24:00,0.85,13,0.83
Protection,Evelyn_downs,Clarkes,Dingo,Protected,Low,13/6/18 20:24,13/6/18,20:24:00,0.85,13,0.83
Protection,Evelyn_downs,Clarkes,Dingo,Protected,Low,13/6/18 20:24,13/6/18,20:24:00,0.85,13,0.83
Protection,Evelyn_downs,Clarkes,Dingo,Protected,Low,13/6/18 20:24,13/6/18,20:24:00,0.85,13,0.83
Protection,Evelyn_downs,Clarkes,Dingo,Protected,Low,13/6/18 20:24,13/6/18,20:24:00,0.85,13,0.83
Protection,Evelyn_downs,Clarkes,Dingo,Protected,Low,13/6/18 20:24,13/6/18,20:24:00,0.85,13,0.83
Protection,Evelyn_downs,Clarkes,Dingo,Protected,Low,16/6/18 23:02,16/6/18,23:02:24,0.96,13,0.93
Protection,Evelyn_downs,Clarkes,Dingo,Protected,Low,16/6/18 23:02,16/6/18,23:02:24,0.96,13,0.93
Protection,Evelyn_downs,Clarkes,Dingo,Protected,Low,17/6/18 0:57,17/6/18,0:57:36,0.04,13,1
Protection,Evelyn_downs,Clarkes,Dingo,Protected,Low,17/6/18 0:57,17/6/18,0:57:36,0.04,13,1
Protection,Evelyn_downs,Copper_Hills,Fox,Protected,Low,3/7/16 1:40,3/7/16,1:40:48,0.07,8,0.02
Protection,Evelyn_downs,Copper_Hills,Dingo,Protected,Low,3/7/17 3:07,3/7/17,3:07:12,0.13,8,0.07
Protection,Evelyn_downs,Copper_Hills,Dingo,Protected,Low,3/7/17 3:21,3/7/17,3:21:36,0.14,8,0.08
Protection,Evelyn_downs,Copper_Hills,Fox,Protected,Low,3/7/16 5:45,3/7/16,5:45:36,0.24,8,0.17
Protection,Evelyn_downs,Copper_Hills,Fox,Protected,Low,3/7/16 5:45,3/7/16,5:45:36,0.24,8,0.17
Protection,Evelyn_downs,Copper_Hills,Fox,Protected,Low,6/7/16 6:00,6/7/16,6:00:00,0.25,8,0.18
Protection,Evelyn_downs,Copper_Hills,Dingo,Protected,Low,4/7/17 7:40,4/7/17,7:40:48,0.32,8,0.24
Protection,Evelyn_downs,Copper_Hills,Dingo,Protected,Low,4/7/17 7:40,4/7/17,7:40:48,0.32,8,0.24
Protection,Evelyn_downs,Copper_Hills,Dingo,Protected,Low,4/7/17 7:40,4/7/17,7:40:48,0.32,8,0.24
Protection,Evelyn_downs,Copper_Hills,Dingo,Protected,Low,4/7/17 7:40,4/7/17,7:40:48,0.32,8,0.24
Protection,Evelyn_downs,Copper_Hills,Dingo,Protected,Low,4/7/17 7:40,4/7/17,7:40:48,0.32,8,0.24
Protection,Evelyn_downs,Copper_Hills,Dingo,Protected,Low,4/7/17 7:40,4/7/17,7:40:48,0.32,8,0.24
Protection,Evelyn_downs,Copper_Hills,Dingo,Protected,Low,26/6/17 9:07,26/6/17,9:07:12,0.38,8,0.31
Protection,Evelyn_downs,Copper_Hills,Dingo,Protected,Low,26/6/17 9:21,26/6/17,9:21:36,0.39,8,0.32
Protection,Evelyn_downs,Copper_Hills,Dingo,Protected,Low,2/7/17 10:19,2/7/17,10:19:12,0.43,8,0.36
Protection,Evelyn_downs,Copper_Hills,Dingo,Protected,Low,26/6/17 11:02,26/6/17,11:02:24,0.46,8,0.4
Protection,Evelyn_downs,Copper_Hills,Dingo,Protected,Low,26/6/17 11:02,26/6/17,11:02:24,0.46,8,0.4
Protection,Evelyn_downs,Copper_Hills,Dingo,Protected,Low,26/6/17 11:02,26/6/17,11:02:24,0.46,8,0.4
Protection,Evelyn_downs,Copper_Hills,Dingo,Protected,Low,26/6/17 11:02,26/6/17,11:02:24,0.46,8,0.4
Protection,Evelyn_downs,Copper_Hills,Dingo,Protected,Low,26/6/17 11:02,26/6/17,11:02:24,0.46,8,0.4
Protection,Evelyn_downs,Copper_Hills,Dingo,Protected,Low,26/6/17 11:02,26/6/17,11:02:24,0.46,8,0.4
Protection,Evelyn_downs,Copper_Hills,Dingo,Protected,Low,26/6/17 11:02,26/6/17,11:02:24,0.46,8,0.4
Protection,Evelyn_downs,Copper_Hills,Dingo,Protected,Low,28/6/17 11:31,28/6/17,11:31:12,0.48,8,0.43
Protection,Evelyn_downs,Copper_Hills,Dingo,Protected,Low,28/6/17 11:31,28/6/17,11:31:12,0.48,8,0.43
Protection,Evelyn_downs,Copper_Hills,Dingo,Protected,Low,28/6/17 11:31,28/6/17,11:31:12,0.48,8,0.43
Protection,Evelyn_downs,Copper_Hills,Dingo,Protected,Low,28/6/17 11:45,28/6/17,11:45:36,0.49,8,0.44
Protection,Evelyn_downs,Copper_Hills,Dingo,Protected,Low,28/6/17 12:00,28/6/17,12:00:00,0.5,8,0.45
Protection,Evelyn_downs,Copper_Hills,Dingo,Protected,Low,27/6/17 12:43,27/6/17,12:43:12,0.53,8,0.48
Protection,Evelyn_downs,Copper_Hills,Dingo,Protected,Low,27/6/17 12:43,27/6/17,12:43:12,0.53,8,0.48
Protection,Evelyn_downs,Copper_Hills,Dingo,Protected,Low,27/6/17 14:09,27/6/17,14:09:36,0.59,8,0.55
Protection,Evelyn_downs,Copper_Hills,Dingo,Protected,Low,27/6/17 16:04,27/6/17,16:04:48,0.67,8,0.65
Protection,Evelyn_downs,Copper_Hills,Dingo,Protected,Low,27/6/17 16:04,27/6/17,16:04:48,0.67,8,0.65
Protection,Evelyn_downs,Copper_Hills,Dingo,Protected,Low,26/6/17 17:31,26/6/17,17:31:12,0.73,8,0.72
Protection,Evelyn_downs,Copper_Hills,Dingo,Protected,Low,26/6/17 17:31,26/6/17,17:31:12,0.73,8,0.72
Protection,Evelyn_downs,Copper_Hills,Dingo,Protected,Low,26/6/17 17:31,26/6/17,17:31:12,0.73,8,0.72
Protection,Evelyn_downs,Copper_Hills,Dingo,Protected,Low,26/6/17 17:31,26/6/17,17:31:12,0.73,8,0.72
Protection,Evelyn_downs,Copper_Hills,Dingo,Protected,Low,26/6/17 17:31,26/6/17,17:31:12,0.73,8,0.72
Protection,Evelyn_downs,Copper_Hills,Dingo,Protected,Low,26/6/17 17:31,26/6/17,17:31:12,0.73,8,0.72
Protection,Evelyn_downs,Copper_Hills,Dingo,Protected,Low,26/6/17 17:31,26/6/17,17:31:12,0.73,8,0.72
Protection,Evelyn_downs,Copper_Hills,Dingo,Protected,Low,26/6/17 17:31,26/6/17,17:31:12,0.73,8,0.72
Protection,Evelyn_downs,Copper_Hills,Dingo,Protected,Low,1/7/17 22:04,1/7/17,22:04:48,0.92,8,0.89
Protection,Evelyn_downs,Copper_Hills,Dingo,Protected,Low,5/7/17 23:16,5/7/17,23:16:48,0.97,8,0.93
Protection,Evelyn_downs,Copper_Hills,Dingo,Protected,Low,5/7/17 23:16,5/7/17,23:16:48,0.97,8,0.93
Protection,Evelyn_downs,Copper_Hills,Dingo,Protected,Low,5/7/17 23:16,5/7/17,23:16:48,0.97,8,0.93
Protection,Evelyn_downs,Copper_Hills,Dingo,Protected,Low,5/7/17 23:16,5/7/17,23:16:48,0.97,8,0.93
Protection,Evelyn_downs,Copper_Hills,Dingo,Protected,Low,5/7/17 23:16,5/7/17,23:16:48,0.97,8,0.93
Protection,Evelyn_downs,Copper_Hills,Dingo,Protected,Low,5/7/17 0:00,5/7/17,0:00:00,0,8,0.96
Protection,Evelyn_downs,Copper_Hills,Dingo,Protected,Low,6/7/17 0:14,6/7/17,0:14:24,0.01,8,0.97
Protection,Evelyn_downs,Copper_Hills,Dingo,Protected,Low,6/7/17 0:14,6/7/17,0:14:24,0.01,8,0.97
Protection,Evelyn_downs,Copper_Hills,Dingo,Protected,Low,6/7/17 0:14,6/7/17,0:14:24,0.01,8,0.97
Protection,Evelyn_downs,Copper_Hills,Dingo,Protected,Low,26/6/17 0:57,26/6/17,0:57:36,0.04,8,1
Protection,Evelyn_downs,Darcys,Dingo,Protected,Low,3/7/16 7:55,3/7/16,7:55:12,0.33,6,0.25
Protection,Evelyn_downs,Darcys,Dingo,Protected,Low,3/7/16 7:55,3/7/16,7:55:12,0.33,6,0.25
Protection,Evelyn_downs,Darcys,Dingo,Protected,Low,3/7/16 7:55,3/7/16,7:55:12,0.33,6,0.25
Protection,Evelyn_downs,Darcys,Dingo,Protected,Low,3/7/16 7:55,3/7/16,7:55:12,0.33,6,0.25
Protection,Evelyn_downs,Darcys,Dingo,Protected,Low,2/7/16 20:24,2/7/16,20:24:00,0.85,6,0.82
Protection,Evelyn_downs,Darcys,Dingo,Protected,Low,2/7/16 20:24,2/7/16,20:24:00,0.85,6,0.82
Protection,Evelyn_downs,Darcys,Dingo,Protected,Low,2/7/16 20:24,2/7/16,20:24:00,0.85,6,0.82
Protection,Evelyn_downs,Darcys,Dingo,Protected,Low,2/7/16 22:04,2/7/16,22:04:48,0.92,6,0.89
Protection,Evelyn_downs,Darcys,Dingo,Protected,Low,2/7/16 22:19,2/7/16,22:19:12,0.93,6,0.89
Protection,Evelyn_downs,Darcys,Dingo,Protected,Low,2/7/16 22:19,2/7/16,22:19:12,0.93,6,0.89
Protection,Evelyn_downs,Darcys,Dingo,Protected,Low,2/7/16 22:19,2/7/16,22:19:12,0.93,6,0.89
Protection,Evelyn_downs,Darcys,Dingo,Protected,Low,2/7/16 22:19,2/7/16,22:19:12,0.93,6,0.89
Protection,Evelyn_downs,Darcys,Dingo,Protected,Low,2/7/16 22:19,2/7/16,22:19:12,0.93,6,0.89
Protection,Evelyn_downs,Darcys,Dingo,Protected,Low,2/7/16 22:19,2/7/16,22:19:12,0.93,6,0.89
Protection,Evelyn_downs,Darcys,Dingo,Protected,Low,2/7/16 22:19,2/7/16,22:19:12,0.93,6,0.89
Protection,Evelyn_downs,Darcys,Dingo,Protected,Low,2/7/16 22:19,2/7/16,22:19:12,0.93,6,0.89
Protection,Evelyn_downs,Darcys,Dingo,Protected,Low,2/7/16 22:19,2/7/16,22:19:12,0.93,6,0.89
Protection,Evelyn_downs,Darcys,Dingo,Protected,Low,2/7/16 22:19,2/7/16,22:19:12,0.93,6,0.89
Protection,Evelyn_downs,Darcys,Dingo,Protected,Low,3/7/16 0:14,3/7/16,0:14:24,0.01,6,0.97
Protection,Evelyn_downs,Darcys,Dingo,Protected,Low,3/7/16 0:14,3/7/16,0:14:24,0.01,6,0.97
Protection,Evelyn_downs,Darcys,Dingo,Protected,Low,3/7/16 0:14,3/7/16,0:14:24,0.01,6,0.97
Protection,Evelyn_downs,Darcys,Dingo,Protected,Low,3/7/16 0:14,3/7/16,0:14:24,0.01,6,0.97
Protection,Evelyn_downs,Darcys,Dingo,Protected,Low,3/7/16 0:14,3/7/16,0:14:24,0.01,6,0.97
Protection,Evelyn_downs,Darcys,Dingo,Protected,Low,3/7/16 0:14,3/7/16,0:14:24,0.01,6,0.97
Protection,Evelyn_downs,Darcys,Dingo,Protected,Low,3/7/16 0:14,3/7/16,0:14:24,0.01,6,0.97
Protection,Evelyn_downs,Darcys,Dingo,Protected,Low,3/7/16 0:14,3/7/16,0:14:24,0.01,6,0.97
Protection,Evelyn_downs,Darcys,Dingo,Protected,Low,3/7/16 0:14,3/7/16,0:14:24,0.01,6,0.97
Protection,Evelyn_downs,Darcys,Dingo,Protected,Low,3/7/16 0:14,3/7/16,0:14:24,0.01,6,0.97
Protection,Evelyn_downs,EDBWRW1,Fox,Protected,Low,10/7/17 22:33,10/7/17,22:33:36,0.94,10,0.9
Protection,Evelyn_downs,EDEHRW10,Dingo,Protected,Low,2/7/17 3:21,2/7/17,3:21:36,0.14,8,0.08
Protection,Evelyn_downs,EDEHRW11,Dingo,Protected,Low,2/7/17 3:21,2/7/17,3:21:36,0.14,9,0.08
Protection,Evelyn_downs,EDEHRW11,Dingo,Protected,Low,11/7/17 6:00,11/7/17,6:00:00,0.25,9,0.18
Protection,Evelyn_downs,EDEHRW11,Dingo,Protected,Low,11/7/17 6:00,11/7/17,6:00:00,0.25,9,0.18
Protection,Evelyn_downs,EDEHRW11,Dingo,Protected,Low,11/7/17 6:00,11/7/17,6:00:00,0.25,9,0.18
Protection,Evelyn_downs,EDEHRW11,Dingo,Protected,Low,11/7/17 6:00,11/7/17,6:00:00,0.25,9,0.18
Protection,Evelyn_downs,EDEHRW11,Dingo,Protected,Low,11/7/17 6:00,11/7/17,6:00:00,0.25,9,0.18
Protection,Evelyn_downs,EDEHRW11,Dingo,Protected,Low,10/7/17 20:38,10/7/17,20:38:24,0.86,9,0.83
Protection,Evelyn_downs,EDEHRW11,Dingo,Protected,Low,10/7/17 20:38,10/7/17,20:38:24,0.86,9,0.83
Protection,Evelyn_downs,EDEHRW11,Dingo,Protected,Low,10/7/17 20:38,10/7/17,20:38:24,0.86,9,0.83
Protection,Evelyn_downs,EDEHRW11,Dingo,Protected,Low,14/7/17 22:33,14/7/17,22:33:36,0.94,9,0.9
Protection,Evelyn_downs,EDEHRW11,Dingo,Protected,Low,14/7/17 22:33,14/7/17,22:33:36,0.94,9,0.9
Protection,Evelyn_downs,EDEHRW11,Dingo,Protected,Low,14/7/17 22:33,14/7/17,22:33:36,0.94,9,0.9
Protection,Evelyn_downs,EDEHRW13,Dingo,Protected,Low,11/7/17 1:12,11/7/17,1:12:00,0.05,8,0
Protection,Evelyn_downs,EDEHRW13,Dingo,Protected,Low,11/7/17 1:12,11/7/17,1:12:00,0.05,8,0
Protection,Evelyn_downs,EDEHRW13,Dingo,Protected,Low,11/7/17 1:12,11/7/17,1:12:00,0.05,8,0
Protection,Evelyn_downs,EDEHRW13,Dingo,Protected,Low,11/7/17 6:14,11/7/17,6:14:24,0.26,8,0.19
Protection,Evelyn_downs,EDEHRW13,Dingo,Protected,Low,11/7/17 6:14,11/7/17,6:14:24,0.26,8,0.19
Protection,Evelyn_downs,EDEHRW13,Dingo,Protected,Low,11/7/17 6:14,11/7/17,6:14:24,0.26,8,0.19
Protection,Evelyn_downs,EDEHRW13,Dingo,Protected,Low,10/7/17 20:38,10/7/17,20:38:24,0.86,8,0.83
Protection,Evelyn_downs,EDEHRW13,Dingo,Protected,Low,10/7/17 20:38,10/7/17,20:38:24,0.86,8,0.83
Protection,Evelyn_downs,EDEHRW13,Dingo,Protected,Low,14/7/17 21:07,14/7/17,21:07:12,0.88,8,0.85
Protection,Evelyn_downs,EDEHRW13,Dingo,Protected,Low,14/7/17 21:07,14/7/17,21:07:12,0.88,8,0.85
Protection,Evelyn_downs,EDEHRW13,Dingo,Protected,Low,11/7/17 0:57,11/7/17,0:57:36,0.04,8,0.99
Protection,Evelyn_downs,EDEHRW13,Dingo,Protected,Low,11/7/17 0:57,11/7/17,0:57:36,0.04,8,0.99
Protection,Evelyn_downs,EDEHRW8,Dingo,Protected,Low,2/7/17 3:21,2/7/17,3:21:36,0.14,7,0.08
Protection,Evelyn_downs,EDEHRW8,Dingo,Protected,Low,2/7/17 3:21,2/7/17,3:21:36,0.14,7,0.08
Protection,Evelyn_downs,EDEHRW8,Dingo,Protected,Low,2/7/17 3:21,2/7/17,3:21:36,0.14,7,0.08
Protection,Evelyn_downs,EDTRW2,Fox,Protected,Low,4/7/17 22:19,4/7/17,22:19:12,0.93,11,0.89
Protection,Evelyn_downs,England_HIll,Dingo,Protected,Low,2/7/17 1:12,2/7/17,1:12:00,0.05,10,0
Protection,Evelyn_downs,England_HIll,Dingo,Protected,Low,10/6/18 1:55,10/6/18,1:55:12,0.08,10,0.03
Protection,Evelyn_downs,England_HIll,Dingo,Protected,Low,10/6/18 1:55,10/6/18,1:55:12,0.08,10,0.03
Protection,Evelyn_downs,England_HIll,Dingo,Protected,Low,10/6/18 1:55,10/6/18,1:55:12,0.08,10,0.03
Protection,Evelyn_downs,England_HIll,Dingo,Protected,Low,10/6/18 1:55,10/6/18,1:55:12,0.08,10,0.03
Protection,Evelyn_downs,England_HIll,Dingo,Protected,Low,21/6/18 7:26,21/6/18,7:26:24,0.31,10,0.23
Protection,Evelyn_downs,England_HIll,Dingo,Protected,Low,20/6/18 17:16,20/6/18,17:16:48,0.72,10,0.7
Protection,Evelyn_downs,England_HIll,Dingo,Protected,Low,20/6/18 17:16,20/6/18,17:16:48,0.72,10,0.7
Protection,Evelyn_downs,England_HIll,Dingo,Protected,Low,20/6/18 17:16,20/6/18,17:16:48,0.72,10,0.7
Protection,Evelyn_downs,England_HIll,Dingo,Protected,Low,7/7/17 17:45,7/7/17,17:45:36,0.74,10,0.72
Protection,Evelyn_downs,England_HIll,Dingo,Protected,Low,6/7/16 17:45,6/7/16,17:45:36,0.74,10,0.72
Protection,Evelyn_downs,England_HIll,Dingo,Protected,Low,6/7/16 17:45,6/7/16,17:45:36,0.74,10,0.72
Protection,Evelyn_downs,England_HIll,Dingo,Protected,Low,6/7/16 17:45,6/7/16,17:45:36,0.74,10,0.72
Protection,Evelyn_downs,England_HIll,Dingo,Protected,Low,7/7/17 18:00,7/7/17,18:00:00,0.75,10,0.73
Protection,Evelyn_downs,England_HIll,Dingo,Protected,Low,7/7/17 18:00,7/7/17,18:00:00,0.75,10,0.73
Protection,Evelyn_downs,England_HIll,Dingo,Protected,Low,7/7/17 18:00,7/7/17,18:00:00,0.75,10,0.73
Protection,Evelyn_downs,England_HIll,Dingo,Protected,Low,7/7/17 18:00,7/7/17,18:00:00,0.75,10,0.73
Protection,Evelyn_downs,England_HIll,Dingo,Protected,Low,7/7/17 18:00,7/7/17,18:00:00,0.75,10,0.73
Protection,Evelyn_downs,England_HIll,Dingo,Protected,Low,7/7/17 18:00,7/7/17,18:00:00,0.75,10,0.73
Protection,Evelyn_downs,England_HIll,Dingo,Protected,Low,4/7/17 18:43,4/7/17,18:43:12,0.78,10,0.76
Protection,Evelyn_downs,England_HIll,Dingo,Protected,Low,4/7/17 18:57,4/7/17,18:57:36,0.79,10,0.77
Protection,Evelyn_downs,England_HIll,Dingo,Protected,Low,7/7/17 19:55,7/7/17,19:55:12,0.83,10,0.81
Protection,Evelyn_downs,England_HIll,Dingo,Protected,Low,7/7/17 19:55,7/7/17,19:55:12,0.83,10,0.81
Protection,Evelyn_downs,England_HIll,Dingo,Protected,Low,7/7/17 20:09,7/7/17,20:09:36,0.84,10,0.81
Protection,Evelyn_downs,England_HIll,Dingo,Protected,Low,5/7/17 20:24,5/7/17,20:24:00,0.85,10,0.82
Protection,Evelyn_downs,England_HIll,Dingo,Protected,Low,5/7/17 20:24,5/7/17,20:24:00,0.85,10,0.82
Protection,Evelyn_downs,England_HIll,Dingo,Protected,Low,7/7/17 21:07,7/7/17,21:07:12,0.88,10,0.85
Protection,Evelyn_downs,England_HIll,Dingo,Protected,Low,7/7/17 21:07,7/7/17,21:07:12,0.88,10,0.85
Protection,Evelyn_downs,England_HIll,Dingo,Protected,Low,7/7/17 21:07,7/7/17,21:07:12,0.88,10,0.85
Protection,Evelyn_downs,England_HIll,Dingo,Protected,Low,7/7/17 21:07,7/7/17,21:07:12,0.88,10,0.85
Protection,Evelyn_downs,England_HIll,Dingo,Protected,Low,7/7/17 21:07,7/7/17,21:07:12,0.88,10,0.85
Protection,Evelyn_downs,England_HIll,Dingo,Protected,Low,7/7/17 21:07,7/7/17,21:07:12,0.88,10,0.85
Protection,Evelyn_downs,England_HIll,Fox,Protected,Low,14/6/18 22:04,14/6/18,22:04:48,0.92,10,0.89
Protection,Evelyn_downs,England_HIll,Dingo,Protected,Low,11/7/17 23:02,11/7/17,23:02:24,0.96,10,0.92
Protection,Evelyn_downs,England_HIll,Dingo,Protected,Low,11/7/17 23:02,11/7/17,23:02:24,0.96,10,0.92
Protection,Evelyn_downs,England_HIll,Dingo,Protected,Low,11/7/17 23:02,11/7/17,23:02:24,0.96,10,0.92
Protection,Evelyn_downs,England_HIll,Dingo,Protected,Low,11/7/17 23:02,11/7/17,23:02:24,0.96,10,0.92
Protection,Evelyn_downs,England_HIll,Dingo,Protected,Low,11/7/17 23:02,11/7/17,23:02:24,0.96,10,0.92
Protection,Evelyn_downs,England_HIll,Dingo,Protected,Low,13/7/17 23:16,13/7/17,23:16:48,0.97,10,0.93
Protection,Evelyn_downs,England_HIll,Dingo,Protected,Low,13/7/17 23:16,13/7/17,23:16:48,0.97,10,0.93
Protection,Evelyn_downs,England_HIll,Dingo,Protected,Low,13/7/17 23:16,13/7/17,23:16:48,0.97,10,0.93
Protection,Evelyn_downs,England_HIll,Dingo,Protected,Low,3/7/17 0:57,3/7/17,0:57:36,0.04,10,0.99
Protection,Evelyn_downs,England_HIll,Dingo,Protected,Low,3/7/17 0:57,3/7/17,0:57:36,0.04,10,0.99
Protection,Evelyn_downs,England_HIll,Dingo,Protected,Low,3/7/17 0:57,3/7/17,0:57:36,0.04,10,0.99
Protection,Evelyn_downs,England_HIll,Dingo,Protected,Low,3/7/17 0:57,3/7/17,0:57:36,0.04,10,0.99
Protection,Evelyn_downs,Erskines,Fox,Protected,Low,20/6/18 6:28,20/6/18,6:28:48,0.27,10,0.2
Protection,Evelyn_downs,Erskines,Dingo,Protected,Low,15/6/18 12:43,15/6/18,12:43:12,0.53,10,0.48
Protection,Evelyn_downs,Erskines,Dingo,Protected,Low,15/6/18 12:43,15/6/18,12:43:12,0.53,10,0.48
Protection,Evelyn_downs,Erskines,Dingo,Protected,Low,15/6/18 12:43,15/6/18,12:43:12,0.53,10,0.48
Protection,Evelyn_downs,Erskines,Dingo,Protected,Low,15/6/18 12:43,15/6/18,12:43:12,0.53,10,0.48
Protection,Evelyn_downs,Erskines,Dingo,Protected,Low,15/6/18 12:43,15/6/18,12:43:12,0.53,10,0.48
Protection,Evelyn_downs,Erskines,Dingo,Protected,Low,15/6/18 12:43,15/6/18,12:43:12,0.53,10,0.48
Protection,Evelyn_downs,Erskines,Dingo,Protected,Low,15/6/18 12:43,15/6/18,12:43:12,0.53,10,0.48
Protection,Evelyn_downs,Erskines,Dingo,Protected,Low,15/6/18 12:43,15/6/18,12:43:12,0.53,10,0.48
Protection,Evelyn_downs,Erskines,Dingo,Protected,Low,15/6/18 12:57,15/6/18,12:57:36,0.54,10,0.49
Protection,Evelyn_downs,Erskines,Dingo,Protected,Low,15/6/18 12:57,15/6/18,12:57:36,0.54,10,0.49
Protection,Evelyn_downs,Erskines,Dingo,Protected,Low,15/6/18 12:57,15/6/18,12:57:36,0.54,10,0.49
Protection,Evelyn_downs,Erskines,Dingo,Protected,Low,16/6/18 16:48,16/6/18,16:48:00,0.7,10,0.68
Protection,Evelyn_downs,Erskines,Dingo,Protected,Low,13/6/18 20:09,13/6/18,20:09:36,0.84,10,0.82
Protection,Evelyn_downs,Erskines,Dingo,Protected,Low,13/6/18 20:09,13/6/18,20:09:36,0.84,10,0.82
Protection,Evelyn_downs,Erskines,Dingo,Protected,Low,12/6/18 22:19,12/6/18,22:19:12,0.93,10,0.9
Protection,Evelyn_downs,Erskines,Dingo,Protected,Low,12/6/18 0:00,12/6/18,0:00:00,0,10,0.96
Protection,Evelyn_downs,Erskines,Dingo,Protected,Low,12/6/18 0:00,12/6/18,0:00:00,0,10,0.96
Protection,Evelyn_downs,Erskines,Dingo,Protected,Low,12/6/18 0:00,12/6/18,0:00:00,0,10,0.96
Protection,Evelyn_downs,Geoffries,Dingo,Protected,Low,29/6/17 20:24,29/6/17,20:24:00,0.85,13,0.83
Protection,Evelyn_downs,Geoffries,Dingo,Protected,Low,29/6/17 20:24,29/6/17,20:24:00,0.85,13,0.83
Protection,Evelyn_downs,Geoffries,Dingo,Protected,Low,1/7/17 20:38,1/7/17,20:38:24,0.86,13,0.83
Protection,Evelyn_downs,Geoffries,Dingo,Protected,Low,1/7/17 20:38,1/7/17,20:38:24,0.86,13,0.83
Protection,Evelyn_downs,Geoffries,Dingo,Protected,Low,1/7/17 20:38,1/7/17,20:38:24,0.86,13,0.83
Protection,Evelyn_downs,Geoffries,Dingo,Protected,Low,1/7/17 20:38,1/7/17,20:38:24,0.86,13,0.83
Protection,Evelyn_downs,House_Dam,Fox,Protected,Low,4/7/17 2:24,4/7/17,2:24:00,0.1,10,0.05
Protection,Evelyn_downs,House_Dam,Dingo,Protected,Low,25/6/17 8:09,25/6/17,8:09:36,0.34,10,0.26
Protection,Evelyn_downs,House_Dam,Dingo,Protected,Low,25/6/17 8:09,25/6/17,8:09:36,0.34,10,0.26
Protection,Evelyn_downs,House_Dam,Dingo,Protected,Low,25/6/17 12:28,25/6/17,12:28:48,0.52,10,0.47
Protection,Evelyn_downs,House_Dam,Dingo,Protected,Low,23/6/17 17:16,23/6/17,17:16:48,0.72,10,0.7
Protection,Evelyn_downs,House_Dam,Dingo,Protected,Low,25/6/17 18:57,25/6/17,18:57:36,0.79,10,0.78
Protection,Evelyn_downs,House_Dam,Dingo,Protected,Low,29/6/17 18:57,29/6/17,18:57:36,0.79,10,0.78
Protection,Evelyn_downs,House_Dam,Dingo,Protected,Low,23/6/17 19:12,23/6/17,19:12:00,0.8,10,0.79
Protection,Evelyn_downs,House_Dam,Dingo,Protected,Low,23/6/17 19:12,23/6/17,19:12:00,0.8,10,0.79
Protection,Evelyn_downs,House_Dam,Dingo,Protected,Low,24/6/17 0:28,24/6/17,0:28:48,0.02,10,0.98
Protection,Evelyn_downs,House_Dam,Dingo,Protected,Low,24/6/17 0:28,24/6/17,0:28:48,0.02,10,0.98
Protection,Evelyn_downs,Kirilees,Fox,Protected,Low,16/6/18 2:52,16/6/18,2:52:48,0.12,11,0.07
Protection,Evelyn_downs,Kirilees,Fox,Protected,Low,16/6/18 2:52,16/6/18,2:52:48,0.12,11,0.07
Protection,Evelyn_downs,Kirilees,Fox,Protected,Low,16/6/18 3:21,16/6/18,3:21:36,0.14,11,0.08
Protection,Evelyn_downs,Kirilees,Fox,Protected,Low,16/6/18 3:21,16/6/18,3:21:36,0.14,11,0.08
Protection,Evelyn_downs,Kirilees,Fox,Protected,Low,10/6/18 5:02,10/6/18,5:02:24,0.21,11,0.15
Protection,Evelyn_downs,Kirilees,Dingo,Protected,Low,20/6/18 7:26,20/6/18,7:26:24,0.31,11,0.23
Protection,Evelyn_downs,Kirilees,Dingo,Protected,Low,20/6/18 7:26,20/6/18,7:26:24,0.31,11,0.23
Protection,Evelyn_downs,Kirilees,Fox,Protected,Low,10/6/18 7:26,10/6/18,7:26:24,0.31,11,0.23
Protection,Evelyn_downs,Kirilees,Dingo,Protected,Low,20/6/18 7:40,20/6/18,7:40:48,0.32,11,0.24
Protection,Evelyn_downs,Kirilees,Dingo,Protected,Low,20/6/18 7:40,20/6/18,7:40:48,0.32,11,0.24
Protection,Evelyn_downs,Kirilees,Dingo,Protected,Low,20/6/18 7:40,20/6/18,7:40:48,0.32,11,0.24
Protection,Evelyn_downs,Kirilees,Dingo,Protected,Low,20/6/18 7:40,20/6/18,7:40:48,0.32,11,0.24
Protection,Evelyn_downs,Kirilees,Dingo,Protected,Low,20/6/18 7:40,20/6/18,7:40:48,0.32,11,0.24
Protection,Evelyn_downs,Kirilees,Dingo,Protected,Low,20/6/18 7:40,20/6/18,7:40:48,0.32,11,0.24
Protection,Evelyn_downs,Kirilees,Dingo,Protected,Low,20/6/18 7:40,20/6/18,7:40:48,0.32,11,0.24
Protection,Evelyn_downs,Kirilees,Dingo,Protected,Low,20/6/18 7:40,20/6/18,7:40:48,0.32,11,0.24
Protection,Evelyn_downs,Kirilees,Dingo,Protected,Low,20/6/18 7:40,20/6/18,7:40:48,0.32,11,0.24
Protection,Evelyn_downs,Kirilees,Dingo,Protected,Low,12/6/18 16:04,12/6/18,16:04:48,0.67,11,0.65
Protection,Evelyn_downs,Kirilees,Dingo,Protected,Low,12/6/18 16:19,12/6/18,16:19:12,0.68,11,0.66
Protection,Evelyn_downs,Kirilees,Dingo,Protected,Low,12/6/18 16:19,12/6/18,16:19:12,0.68,11,0.66
Protection,Evelyn_downs,Kirilees,Dingo,Protected,Low,12/6/18 16:19,12/6/18,16:19:12,0.68,11,0.66
Protection,Evelyn_downs,Kirilees,Dingo,Protected,Low,12/6/18 16:19,12/6/18,16:19:12,0.68,11,0.66
Protection,Evelyn_downs,Kirilees,Dingo,Protected,Low,12/6/18 16:19,12/6/18,16:19:12,0.68,11,0.66
Protection,Evelyn_downs,Kirilees,Dingo,Protected,Low,12/6/18 16:19,12/6/18,16:19:12,0.68,11,0.66
Protection,Evelyn_downs,Kirilees,Fox,Protected,Low,17/6/18 20:24,17/6/18,20:24:00,0.85,11,0.83
Protection,Evelyn_downs,Kirilees,Fox,Protected,Low,19/6/18 23:45,19/6/18,23:45:36,0.99,11,0.95
Protection,Evelyn_downs,Kirilees,Dingo,Protected,Low,10/6/18 0:00,10/6/18,0:00:00,0,11,0.96
Protection,Evelyn_downs,Kirilees,Dingo,Protected,Low,10/6/18 0:00,10/6/18,0:00:00,0,11,0.96
Protection,Evelyn_downs,Kirilees,Dingo,Protected,Low,10/6/18 0:00,10/6/18,0:00:00,0,11,0.96
Protection,Evelyn_downs,Kirilees,Fox,Protected,Low,12/6/18 0:43,12/6/18,0:43:12,0.03,11,0.99
Protection,Evelyn_downs,Lawrence,Dingo,Protected,Low,15/6/18 2:38,15/6/18,2:38:24,0.11,19,0.06
Protection,Evelyn_downs,Lawrence,Dingo,Protected,Low,15/6/18 2:38,15/6/18,2:38:24,0.11,19,0.06
Protection,Evelyn_downs,Lawrence,Dingo,Protected,Low,15/6/18 2:38,15/6/18,2:38:24,0.11,19,0.06
Protection,Evelyn_downs,Lawrence,Dingo,Protected,Low,26/6/18 3:21,26/6/18,3:21:36,0.14,19,0.08
Protection,Evelyn_downs,Lawrence,Fox,Protected,Low,7/7/16 6:14,7/7/16,6:14:24,0.26,19,0.19
Protection,Evelyn_downs,Lawrence,Dingo,Protected,Low,4/7/16 10:33,4/7/16,10:33:36,0.44,19,0.38
Protection,Evelyn_downs,Lawrence,Dingo,Protected,Low,22/6/18 18:14,22/6/18,18:14:24,0.76,19,0.75
Protection,Evelyn_downs,Lawrence,Dingo,Protected,Low,22/6/18 18:14,22/6/18,18:14:24,0.76,19,0.75
Protection,Evelyn_downs,Lawrence,Dingo,Protected,Low,22/6/18 18:28,22/6/18,18:28:48,0.77,19,0.76
Protection,Evelyn_downs,Lawrence,Fox,Protected,Low,4/7/16 19:12,4/7/16,19:12:00,0.8,19,0.78
Protection,Evelyn_downs,Lawrence,Dingo,Protected,Low,8/7/16 19:26,8/7/16,19:26:24,0.81,19,0.79
Protection,Evelyn_downs,Lawrence,Fox,Protected,Low,25/6/16 19:26,25/6/16,19:26:24,0.81,19,0.79
Protection,Evelyn_downs,Lawrence,Fox,Protected,Low,29/6/17 20:24,29/6/17,20:24:00,0.85,19,0.83
Protection,Evelyn_downs,Lawrence,Fox,Protected,Low,17/6/18 22:04,17/6/18,22:04:48,0.92,19,0.89
Protection,Evelyn_downs,Lawrence,Dingo,Protected,Low,11/7/17 23:02,11/7/17,23:02:24,0.96,19,0.92
Protection,Evelyn_downs,Lawrence,Fox,Protected,Low,2/7/16 23:31,2/7/16,23:31:12,0.98,19,0.94
Protection,Evelyn_downs,Lawrence,Dingo,Protected,Low,4/7/17 0:14,4/7/17,0:14:24,0.01,19,0.97
Protection,Evelyn_downs,Lawrence,Dingo,Protected,Low,4/7/17 0:14,4/7/17,0:14:24,0.01,19,0.97
Protection,Evelyn_downs,Lawrence,Dingo,Protected,Low,4/7/17 0:14,4/7/17,0:14:24,0.01,19,0.97
Protection,Evelyn_downs,Lawrence,Dingo,Protected,Low,4/7/17 0:14,4/7/17,0:14:24,0.01,19,0.97
Protection,Evelyn_downs,Lawrence,Dingo,Protected,Low,4/7/16 0:14,4/7/16,0:14:24,0.01,19,0.97
Protection,Evelyn_downs,Lawrence,Dingo,Protected,Low,4/7/16 0:14,4/7/16,0:14:24,0.01,19,0.97
Protection,Evelyn_downs,Lawrence,Dingo,Protected,Low,12/6/18 0:57,12/6/18,0:57:36,0.04,19,1
Protection,Evelyn_downs,Lawrence_MW,Dingo,Protected,Low,9/7/17 1:12,9/7/17,1:12:00,0.05,7,0
Protection,Evelyn_downs,Lawrence_MW,Fox,Protected,Low,5/7/17 4:48,5/7/17,4:48:00,0.2,7,0.13
Protection,Evelyn_downs,Lawrence_MW,Fox,Protected,Low,5/7/17 4:48,5/7/17,4:48:00,0.2,7,0.13
Protection,Evelyn_downs,Lawrence_MW,Dingo,Protected,Low,6/7/17 8:52,6/7/17,8:52:48,0.37,7,0.3
Protection,Evelyn_downs,Lawrence_MW,Dingo,Protected,Low,6/7/17 8:52,6/7/17,8:52:48,0.37,7,0.3
Protection,Evelyn_downs,Lawrence_MW,Dingo,Protected,Low,6/7/17 8:52,6/7/17,8:52:48,0.37,7,0.3
Protection,Evelyn_downs,Lawrence_MW,Dingo,Protected,Low,6/7/17 8:52,6/7/17,8:52:48,0.37,7,0.3
Protection,Evelyn_downs,Lawrence_MW,Dingo,Protected,Low,6/7/17 8:52,6/7/17,8:52:48,0.37,7,0.3
Protection,Evelyn_downs,Lawrence_MW,Dingo,Protected,Low,6/7/17 9:07,6/7/17,9:07:12,0.38,7,0.31
Protection,Evelyn_downs,Lawrence_MW,Fox,Protected,Low,9/7/17 22:33,9/7/17,22:33:36,0.94,7,0.9
Protection,Evelyn_downs,Lawrence_MW,Dingo,Protected,Low,8/7/17 22:48,8/7/17,22:48:00,0.95,7,0.91
Protection,Evelyn_downs,Liams,Dingo,Protected,Low,18/6/18 6:28,18/6/18,6:28:48,0.27,18,0.2
Protection,Evelyn_downs,Liams,Dingo,Protected,Low,10/6/18 8:38,10/6/18,8:38:24,0.36,18,0.29
Protection,Evelyn_downs,Liams,Dingo,Protected,Low,11/6/18 8:38,11/6/18,8:38:24,0.36,18,0.29
Protection,Evelyn_downs,Liams,Dingo,Protected,Low,11/6/18 8:38,11/6/18,8:38:24,0.36,18,0.29
Protection,Evelyn_downs,Liams,Dingo,Protected,Low,11/6/18 8:52,11/6/18,8:52:48,0.37,18,0.3
Protection,Evelyn_downs,Liams,Dingo,Protected,Low,11/6/18 9:07,11/6/18,9:07:12,0.38,18,0.31
Protection,Evelyn_downs,Liams,Dingo,Protected,Low,11/6/18 9:07,11/6/18,9:07:12,0.38,18,0.31
Protection,Evelyn_downs,Liams,Dingo,Protected,Low,11/6/18 9:07,11/6/18,9:07:12,0.38,18,0.31
Protection,Evelyn_downs,Liams,Dingo,Protected,Low,11/6/18 9:07,11/6/18,9:07:12,0.38,18,0.31
Protection,Evelyn_downs,Liams,Dingo,Protected,Low,11/6/18 9:07,11/6/18,9:07:12,0.38,18,0.31
Protection,Evelyn_downs,Liams,Dingo,Protected,Low,11/6/18 9:07,11/6/18,9:07:12,0.38,18,0.31
Protection,Evelyn_downs,Liams,Dingo,Protected,Low,10/6/18 9:50,10/6/18,9:50:24,0.41,18,0.34
Protection,Evelyn_downs,Liams,Dingo,Protected,Low,10/6/18 9:50,10/6/18,9:50:24,0.41,18,0.34
Protection,Evelyn_downs,Liams,Dingo,Protected,Low,11/6/18 9:50,11/6/18,9:50:24,0.41,18,0.34
Protection,Evelyn_downs,Liams,Dingo,Protected,Low,11/6/18 10:04,11/6/18,10:04:48,0.42,18,0.36
Protection,Evelyn_downs,Liams,Dingo,Protected,Low,11/6/18 10:04,11/6/18,10:04:48,0.42,18,0.36
Protection,Evelyn_downs,Liams,Dingo,Protected,Low,11/6/18 10:04,11/6/18,10:04:48,0.42,18,0.36
Protection,Evelyn_downs,Liams,Dingo,Protected,Low,11/6/18 10:04,11/6/18,10:04:48,0.42,18,0.36
Protection,Evelyn_downs,Liams,Dingo,Protected,Low,21/6/18 10:19,21/6/18,10:19:12,0.43,18,0.37
Protection,Evelyn_downs,Liams,Dingo,Protected,Low,21/6/18 10:19,21/6/18,10:19:12,0.43,18,0.37
Protection,Evelyn_downs,Liams,Dingo,Protected,Low,21/6/18 10:19,21/6/18,10:19:12,0.43,18,0.37
Protection,Evelyn_downs,Liams,Dingo,Protected,Low,21/6/18 10:19,21/6/18,10:19:12,0.43,18,0.37
Protection,Evelyn_downs,Liams,Dingo,Protected,Low,21/6/18 10:19,21/6/18,10:19:12,0.43,18,0.37
Protection,Evelyn_downs,Liams,Dingo,Protected,Low,22/6/18 10:19,22/6/18,10:19:12,0.43,18,0.37
Protection,Evelyn_downs,Liams,Dingo,Protected,Low,11/6/18 18:14,11/6/18,18:14:24,0.76,18,0.75
Protection,Evelyn_downs,Liams,Dingo,Protected,Low,11/6/18 18:14,11/6/18,18:14:24,0.76,18,0.75
Protection,Evelyn_downs,Liams,Dingo,Protected,Low,10/6/18 19:26,10/6/18,19:26:24,0.81,18,0.79
Protection,Evelyn_downs,Liams,Dingo,Protected,Low,11/6/18 19:26,11/6/18,19:26:24,0.81,18,0.79
Protection,Evelyn_downs,Liams,Fox,Protected,Low,8/6/18 19:40,8/6/18,19:40:48,0.82,18,0.8
Protection,Evelyn_downs,Liams,Dingo,Protected,Low,14/6/18 23:45,14/6/18,23:45:36,0.99,18,0.95
Protection,Evelyn_downs,Liams,Dingo,Protected,Low,14/6/18 23:45,14/6/18,23:45:36,0.99,18,0.95
Protection,Evelyn_downs,Liams,Dingo,Protected,Low,14/6/18 23:45,14/6/18,23:45:36,0.99,18,0.95
Protection,Evelyn_downs,Michaels,Dingo,Protected,Low,19/6/17 2:52,19/6/17,2:52:48,0.12,15,0.07
Protection,Evelyn_downs,Michaels,Dingo,Protected,Low,19/6/17 2:52,19/6/17,2:52:48,0.12,15,0.07
Protection,Evelyn_downs,Michaels,Fox,Protected,Low,21/6/17 3:07,21/6/17,3:07:12,0.13,15,0.08
Protection,Evelyn_downs,Michaels,Fox,Protected,Low,25/6/17 6:14,25/6/17,6:14:24,0.26,15,0.19
Protection,Evelyn_downs,Michaels,Dingo,Protected,Low,18/6/17 19:26,18/6/17,19:26:24,0.81,15,0.79
Protection,Evelyn_downs,Michaels,Dingo,Protected,Low,18/6/17 19:26,18/6/17,19:26:24,0.81,15,0.79
Protection,Evelyn_downs,Michaels_waterhole,Fox,Protected,Low,23/6/17 3:36,23/6/17,3:36:00,0.15,15,0.09
Protection,Evelyn_downs,Michaels_waterhole,Fox,Protected,Low,23/6/17 6:14,23/6/17,6:14:24,0.26,15,0.19
Protection,Evelyn_downs,Michaels_waterhole,Fox,Protected,Low,21/6/17 18:28,21/6/17,18:28:48,0.77,15,0.76
Protection,Evelyn_downs,Michaels_waterhole,Fox,Protected,Low,23/6/17 0:14,23/6/17,0:14:24,0.01,15,0.97
Protection,Evelyn_downs,Michaels_waterhole,Fox,Protected,Low,19/6/17 0:28,19/6/17,0:28:48,0.02,15,0.98
Protection,Evelyn_downs,Muldoons,Dingo,Protected,Low,23/6/18 1:12,23/6/18,1:12:00,0.05,19,0
Protection,Evelyn_downs,Muldoons,Dingo,Protected,Low,23/6/18 1:26,23/6/18,1:26:24,0.06,19,0.01
Protection,Evelyn_downs,Muldoons,Dingo,Protected,Low,9/6/18 2:52,9/6/18,2:52:48,0.12,19,0.07
Protection,Evelyn_downs,Muldoons,Dingo,Protected,Low,9/6/18 2:52,9/6/18,2:52:48,0.12,19,0.07
Protection,Evelyn_downs,Muldoons,Dingo,Protected,Low,9/6/18 2:52,9/6/18,2:52:48,0.12,19,0.07
Protection,Evelyn_downs,Muldoons,Dingo,Protected,Low,9/6/18 2:52,9/6/18,2:52:48,0.12,19,0.07
Protection,Evelyn_downs,Muldoons,Dingo,Protected,Low,9/6/18 2:52,9/6/18,2:52:48,0.12,19,0.07
Protection,Evelyn_downs,Muldoons,Dingo,Protected,Low,9/6/18 2:52,9/6/18,2:52:48,0.12,19,0.07
Protection,Evelyn_downs,Muldoons,Dingo,Protected,Low,9/6/18 2:52,9/6/18,2:52:48,0.12,19,0.07
Protection,Evelyn_downs,Muldoons,Dingo,Protected,Low,9/6/18 2:52,9/6/18,2:52:48,0.12,19,0.07
Protection,Evelyn_downs,Muldoons,Dingo,Protected,Low,9/6/18 2:52,9/6/18,2:52:48,0.12,19,0.07
Protection,Evelyn_downs,Muldoons,Dingo,Protected,Low,9/6/18 2:52,9/6/18,2:52:48,0.12,19,0.07
Protection,Evelyn_downs,Muldoons,Dingo,Protected,Low,9/6/18 2:52,9/6/18,2:52:48,0.12,19,0.07
Protection,Evelyn_downs,Muldoons,Dingo,Protected,Low,9/6/18 2:52,9/6/18,2:52:48,0.12,19,0.07
Protection,Evelyn_downs,Muldoons,Dingo,Protected,Low,9/6/18 2:52,9/6/18,2:52:48,0.12,19,0.07
Protection,Evelyn_downs,Muldoons,Dingo,Protected,Low,9/6/18 2:52,9/6/18,2:52:48,0.12,19,0.07
Protection,Evelyn_downs,Muldoons,Dingo,Protected,Low,9/6/18 2:52,9/6/18,2:52:48,0.12,19,0.07
Protection,Evelyn_downs,Muldoons,Dingo,Protected,Low,9/6/18 2:52,9/6/18,2:52:48,0.12,19,0.07
Protection,Evelyn_downs,Muldoons,Dingo,Protected,Low,9/6/18 2:52,9/6/18,2:52:48,0.12,19,0.07
Protection,Evelyn_downs,Muldoons,Dingo,Protected,Low,9/6/18 3:07,9/6/18,3:07:12,0.13,19,0.08
Protection,Evelyn_downs,Muldoons,Dingo,Protected,Low,9/6/18 3:50,9/6/18,3:50:24,0.16,19,0.1
Protection,Evelyn_downs,Muldoons,Dingo,Protected,Low,9/6/18 3:50,9/6/18,3:50:24,0.16,19,0.1
Protection,Evelyn_downs,Muldoons,Dingo,Protected,Low,9/6/18 3:50,9/6/18,3:50:24,0.16,19,0.1
Protection,Evelyn_downs,Muldoons,Dingo,Protected,Low,9/6/18 3:50,9/6/18,3:50:24,0.16,19,0.1
Protection,Evelyn_downs,Muldoons,Dingo,Protected,Low,9/6/18 3:50,9/6/18,3:50:24,0.16,19,0.1
Protection,Evelyn_downs,Muldoons,Dingo,Protected,Low,9/6/18 3:50,9/6/18,3:50:24,0.16,19,0.1
Protection,Evelyn_downs,Muldoons,Dingo,Protected,Low,9/6/18 3:50,9/6/18,3:50:24,0.16,19,0.1
Protection,Evelyn_downs,Muldoons,Dingo,Protected,Low,9/6/18 3:50,9/6/18,3:50:24,0.16,19,0.1
Protection,Evelyn_downs,Muldoons,Dingo,Protected,Low,9/6/18 3:50,9/6/18,3:50:24,0.16,19,0.1
Protection,Evelyn_downs,Muldoons,Dingo,Protected,Low,9/6/18 4:04,9/6/18,4:04:48,0.17,19,0.11
Protection,Evelyn_downs,Muldoons,Dingo,Protected,Low,9/6/18 4:04,9/6/18,4:04:48,0.17,19,0.11
Protection,Evelyn_downs,Muldoons,Dingo,Protected,Low,24/6/18 6:00,24/6/18,6:00:00,0.25,19,0.18
Protection,Evelyn_downs,Muldoons,Dingo,Protected,Low,24/6/18 6:14,24/6/18,6:14:24,0.26,19,0.19
Protection,Evelyn_downs,Muldoons,Fox,Protected,Low,24/6/18 6:28,24/6/18,6:28:48,0.27,19,0.2
Protection,Evelyn_downs,Muldoons,Fox,Protected,Low,24/6/18 6:28,24/6/18,6:28:48,0.27,19,0.2
Protection,Evelyn_downs,Muldoons,Fox,Protected,Low,24/6/18 6:28,24/6/18,6:28:48,0.27,19,0.2
Protection,Evelyn_downs,Muldoons,Dingo,Protected,Low,28/6/17 6:28,28/6/17,6:28:48,0.27,19,0.2
Protection,Evelyn_downs,Muldoons,Dingo,Protected,Low,28/6/17 6:28,28/6/17,6:28:48,0.27,19,0.2
Protection,Evelyn_downs,Muldoons,Fox,Protected,Low,24/6/18 6:43,24/6/18,6:43:12,0.28,19,0.21
Protection,Evelyn_downs,Muldoons,Fox,Protected,Low,24/6/18 6:43,24/6/18,6:43:12,0.28,19,0.21
Protection,Evelyn_downs,Muldoons,Dingo,Protected,Low,23/6/18 7:26,23/6/18,7:26:24,0.31,19,0.23
Protection,Evelyn_downs,Muldoons,Dingo,Protected,Low,23/6/18 7:26,23/6/18,7:26:24,0.31,19,0.23
Protection,Evelyn_downs,Muldoons,Dingo,Protected,Low,23/6/18 7:26,23/6/18,7:26:24,0.31,19,0.23
Protection,Evelyn_downs,Muldoons,Dingo,Protected,Low,22/6/18 8:24,22/6/18,8:24:00,0.35,19,0.27
Protection,Evelyn_downs,Muldoons,Dingo,Protected,Low,23/6/18 9:36,23/6/18,9:36:00,0.4,19,0.33
Protection,Evelyn_downs,Muldoons,Dingo,Protected,Low,25/6/18 9:50,25/6/18,9:50:24,0.41,19,0.34
Protection,Evelyn_downs,Muldoons,Dingo,Protected,Low,9/6/18 10:04,9/6/18,10:04:48,0.42,19,0.36
Protection,Evelyn_downs,Muldoons,Dingo,Protected,Low,9/6/18 10:04,9/6/18,10:04:48,0.42,19,0.36
Protection,Evelyn_downs,Muldoons,Dingo,Protected,Low,9/6/18 10:04,9/6/18,10:04:48,0.42,19,0.36
Protection,Evelyn_downs,Muldoons,Dingo,Protected,Low,23/6/18 10:04,23/6/18,10:04:48,0.42,19,0.36
Protection,Evelyn_downs,Muldoons,Dingo,Protected,Low,9/6/18 10:19,9/6/18,10:19:12,0.43,19,0.37
Protection,Evelyn_downs,Muldoons,Dingo,Protected,Low,9/6/18 10:19,9/6/18,10:19:12,0.43,19,0.37
Protection,Evelyn_downs,Muldoons,Dingo,Protected,Low,9/6/18 10:19,9/6/18,10:19:12,0.43,19,0.37
Protection,Evelyn_downs,Muldoons,Dingo,Protected,Low,9/6/18 10:19,9/6/18,10:19:12,0.43,19,0.37
Protection,Evelyn_downs,Muldoons,Dingo,Protected,Low,9/6/18 10:19,9/6/18,10:19:12,0.43,19,0.37
Protection,Evelyn_downs,Muldoons,Dingo,Protected,Low,9/6/18 10:19,9/6/18,10:19:12,0.43,19,0.37
Protection,Evelyn_downs,Muldoons,Dingo,Protected,Low,9/6/18 10:19,9/6/18,10:19:12,0.43,19,0.37
Protection,Evelyn_downs,Muldoons,Dingo,Protected,Low,9/6/18 10:19,9/6/18,10:19:12,0.43,19,0.37
Protection,Evelyn_downs,Muldoons,Dingo,Protected,Low,9/6/18 10:19,9/6/18,10:19:12,0.43,19,0.37
Protection,Evelyn_downs,Muldoons,Dingo,Protected,Low,9/6/18 10:19,9/6/18,10:19:12,0.43,19,0.37
Protection,Evelyn_downs,Muldoons,Dingo,Protected,Low,9/6/18 10:19,9/6/18,10:19:12,0.43,19,0.37
Protection,Evelyn_downs,Muldoons,Dingo,Protected,Low,9/6/18 10:19,9/6/18,10:19:12,0.43,19,0.37
Protection,Evelyn_downs,Muldoons,Dingo,Protected,Low,9/6/18 10:19,9/6/18,10:19:12,0.43,19,0.37
Protection,Evelyn_downs,Muldoons,Dingo,Protected,Low,9/6/18 10:33,9/6/18,10:33:36,0.44,19,0.38
Protection,Evelyn_downs,Muldoons,Dingo,Protected,Low,9/6/18 10:33,9/6/18,10:33:36,0.44,19,0.38
Protection,Evelyn_downs,Muldoons,Dingo,Protected,Low,9/6/18 10:33,9/6/18,10:33:36,0.44,19,0.38
Protection,Evelyn_downs,Muldoons,Dingo,Protected,Low,9/6/18 10:33,9/6/18,10:33:36,0.44,19,0.38
Protection,Evelyn_downs,Muldoons,Dingo,Protected,Low,9/6/18 10:33,9/6/18,10:33:36,0.44,19,0.38
Protection,Evelyn_downs,Muldoons,Dingo,Protected,Low,22/6/18 11:02,22/6/18,11:02:24,0.46,19,0.4
Protection,Evelyn_downs,Muldoons,Dingo,Protected,Low,22/6/18 11:02,22/6/18,11:02:24,0.46,19,0.4
Protection,Evelyn_downs,Muldoons,Dingo,Protected,Low,27/6/18 11:02,27/6/18,11:02:24,0.46,19,0.4
Protection,Evelyn_downs,Muldoons,Dingo,Protected,Low,21/6/18 14:38,21/6/18,14:38:24,0.61,19,0.58
Protection,Evelyn_downs,Muldoons,Dingo,Protected,Low,10/6/18 14:38,10/6/18,14:38:24,0.61,19,0.58
Protection,Evelyn_downs,Muldoons,Dingo,Protected,Low,10/6/18 14:38,10/6/18,14:38:24,0.61,19,0.58
Protection,Evelyn_downs,Muldoons,Dingo,Protected,Low,10/6/18 14:38,10/6/18,14:38:24,0.61,19,0.58
Protection,Evelyn_downs,Muldoons,Dingo,Protected,Low,10/6/18 14:38,10/6/18,14:38:24,0.61,19,0.58
Protection,Evelyn_downs,Muldoons,Dingo,Protected,Low,10/6/18 14:38,10/6/18,14:38:24,0.61,19,0.58
Protection,Evelyn_downs,Muldoons,Dingo,Protected,Low,10/6/18 14:38,10/6/18,14:38:24,0.61,19,0.58
Protection,Evelyn_downs,Muldoons,Dingo,Protected,Low,10/6/18 14:38,10/6/18,14:38:24,0.61,19,0.58
Protection,Evelyn_downs,Muldoons,Dingo,Protected,Low,10/6/18 14:38,10/6/18,14:38:24,0.61,19,0.58
Protection,Evelyn_downs,Muldoons,Dingo,Protected,Low,10/6/18 14:38,10/6/18,14:38:24,0.61,19,0.58
Protection,Evelyn_downs,Muldoons,Dingo,Protected,Low,10/6/18 14:38,10/6/18,14:38:24,0.61,19,0.58
Protection,Evelyn_downs,Muldoons,Dingo,Protected,Low,10/6/18 14:38,10/6/18,14:38:24,0.61,19,0.58
Protection,Evelyn_downs,Muldoons,Dingo,Protected,Low,10/6/18 14:38,10/6/18,14:38:24,0.61,19,0.58
Protection,Evelyn_downs,Muldoons,Dingo,Protected,Low,10/6/18 14:38,10/6/18,14:38:24,0.61,19,0.58
Protection,Evelyn_downs,Muldoons,Dingo,Protected,Low,10/6/18 14:38,10/6/18,14:38:24,0.61,19,0.58
Protection,Evelyn_downs,Muldoons,Dingo,Protected,Low,10/6/18 14:38,10/6/18,14:38:24,0.61,19,0.58
Protection,Evelyn_downs,Muldoons,Dingo,Protected,Low,10/6/18 14:38,10/6/18,14:38:24,0.61,19,0.58
Protection,Evelyn_downs,Muldoons,Dingo,Protected,Low,10/6/18 14:38,10/6/18,14:38:24,0.61,19,0.58
Protection,Evelyn_downs,Muldoons,Dingo,Protected,Low,10/6/18 14:38,10/6/18,14:38:24,0.61,19,0.58
Protection,Evelyn_downs,Muldoons,Dingo,Protected,Low,10/6/18 14:38,10/6/18,14:38:24,0.61,19,0.58
Protection,Evelyn_downs,Muldoons,Dingo,Protected,Low,10/6/18 14:38,10/6/18,14:38:24,0.61,19,0.58
Protection,Evelyn_downs,Muldoons,Dingo,Protected,Low,10/6/18 14:38,10/6/18,14:38:24,0.61,19,0.58
Protection,Evelyn_downs,Muldoons,Dingo,Protected,Low,10/6/18 14:38,10/6/18,14:38:24,0.61,19,0.58
Protection,Evelyn_downs,Muldoons,Dingo,Protected,Low,21/6/18 14:52,21/6/18,14:52:48,0.62,19,0.59
Protection,Evelyn_downs,Muldoons,Dingo,Protected,Low,23/6/18 14:52,23/6/18,14:52:48,0.62,19,0.59
Protection,Evelyn_downs,Muldoons,Dingo,Protected,Low,21/6/18 15:07,21/6/18,15:07:12,0.63,19,0.6
Protection,Evelyn_downs,Muldoons,Dingo,Protected,Low,21/6/18 15:07,21/6/18,15:07:12,0.63,19,0.6
Protection,Evelyn_downs,Muldoons,Dingo,Protected,Low,21/6/18 15:07,21/6/18,15:07:12,0.63,19,0.6
Protection,Evelyn_downs,Muldoons,Dingo,Protected,Low,21/6/18 15:07,21/6/18,15:07:12,0.63,19,0.6
Protection,Evelyn_downs,Muldoons,Dingo,Protected,Low,21/6/18 15:07,21/6/18,15:07:12,0.63,19,0.6
Protection,Evelyn_downs,Muldoons,Dingo,Protected,Low,21/6/18 15:07,21/6/18,15:07:12,0.63,19,0.6
Protection,Evelyn_downs,Muldoons,Dingo,Protected,Low,9/6/18 15:07,9/6/18,15:07:12,0.63,19,0.6
Protection,Evelyn_downs,Muldoons,Dingo,Protected,Low,9/6/18 15:07,9/6/18,15:07:12,0.63,19,0.6
Protection,Evelyn_downs,Muldoons,Dingo,Protected,Low,9/6/18 15:07,9/6/18,15:07:12,0.63,19,0.6
Protection,Evelyn_downs,Muldoons,Dingo,Protected,Low,9/6/18 15:07,9/6/18,15:07:12,0.63,19,0.6
Protection,Evelyn_downs,Muldoons,Dingo,Protected,Low,9/6/18 15:07,9/6/18,15:07:12,0.63,19,0.6
Protection,Evelyn_downs,Muldoons,Dingo,Protected,Low,9/6/18 15:07,9/6/18,15:07:12,0.63,19,0.6
Protection,Evelyn_downs,Muldoons,Dingo,Protected,Low,9/6/18 15:07,9/6/18,15:07:12,0.63,19,0.6
Protection,Evelyn_downs,Muldoons,Dingo,Protected,Low,9/6/18 15:07,9/6/18,15:07:12,0.63,19,0.6
Protection,Evelyn_downs,Muldoons,Dingo,Protected,Low,8/6/18 15:36,8/6/18,15:36:00,0.65,19,0.62
Protection,Evelyn_downs,Muldoons,Dingo,Protected,Low,8/6/18 15:36,8/6/18,15:36:00,0.65,19,0.62
Protection,Evelyn_downs,Muldoons,Dingo,Protected,Low,8/6/18 15:36,8/6/18,15:36:00,0.65,19,0.62
Protection,Evelyn_downs,Muldoons,Dingo,Protected,Low,8/6/18 15:36,8/6/18,15:36:00,0.65,19,0.62
Protection,Evelyn_downs,Muldoons,Dingo,Protected,Low,8/6/18 15:36,8/6/18,15:36:00,0.65,19,0.62
Protection,Evelyn_downs,Muldoons,Dingo,Protected,Low,8/6/18 15:36,8/6/18,15:36:00,0.65,19,0.62
Protection,Evelyn_downs,Muldoons,Dingo,Protected,Low,8/6/18 15:36,8/6/18,15:36:00,0.65,19,0.62
Protection,Evelyn_downs,Muldoons,Dingo,Protected,Low,8/6/18 15:36,8/6/18,15:36:00,0.65,19,0.62
Protection,Evelyn_downs,Muldoons,Dingo,Protected,Low,8/6/18 15:36,8/6/18,15:36:00,0.65,19,0.62
Protection,Evelyn_downs,Muldoons,Dingo,Protected,Low,8/6/18 15:36,8/6/18,15:36:00,0.65,19,0.62
Protection,Evelyn_downs,Muldoons,Dingo,Protected,Low,8/6/18 15:36,8/6/18,15:36:00,0.65,19,0.62
Protection,Evelyn_downs,Muldoons,Dingo,Protected,Low,8/6/18 15:36,8/6/18,15:36:00,0.65,19,0.62
Protection,Evelyn_downs,Muldoons,Dingo,Protected,Low,8/6/18 15:36,8/6/18,15:36:00,0.65,19,0.62
Protection,Evelyn_downs,Muldoons,Dingo,Protected,Low,8/6/18 15:36,8/6/18,15:36:00,0.65,19,0.62
Protection,Evelyn_downs,Muldoons,Dingo,Protected,Low,8/6/18 15:36,8/6/18,15:36:00,0.65,19,0.62
Protection,Evelyn_downs,Muldoons,Dingo,Protected,Low,8/6/18 15:36,8/6/18,15:36:00,0.65,19,0.62
Protection,Evelyn_downs,Muldoons,Dingo,Protected,Low,8/6/18 15:36,8/6/18,15:36:00,0.65,19,0.62
Protection,Evelyn_downs,Muldoons,Dingo,Protected,Low,8/6/18 15:36,8/6/18,15:36:00,0.65,19,0.62
Protection,Evelyn_downs,Muldoons,Dingo,Protected,Low,8/6/18 15:36,8/6/18,15:36:00,0.65,19,0.62
Protection,Evelyn_downs,Muldoons,Dingo,Protected,Low,8/6/18 15:36,8/6/18,15:36:00,0.65,19,0.62
Protection,Evelyn_downs,Muldoons,Dingo,Protected,Low,8/6/18 15:36,8/6/18,15:36:00,0.65,19,0.62
Protection,Evelyn_downs,Muldoons,Dingo,Protected,Low,8/6/18 15:36,8/6/18,15:36:00,0.65,19,0.62
Protection,Evelyn_downs,Muldoons,Dingo,Protected,Low,22/6/18 15:36,22/6/18,15:36:00,0.65,19,0.62
Protection,Evelyn_downs,Muldoons,Dingo,Protected,Low,9/6/18 15:36,9/6/18,15:36:00,0.65,19,0.62
Protection,Evelyn_downs,Muldoons,Dingo,Protected,Low,9/6/18 15:36,9/6/18,15:36:00,0.65,19,0.62
Protection,Evelyn_downs,Muldoons,Dingo,Protected,Low,9/6/18 15:36,9/6/18,15:36:00,0.65,19,0.62
Protection,Evelyn_downs,Muldoons,Dingo,Protected,Low,9/6/18 15:36,9/6/18,15:36:00,0.65,19,0.62
Protection,Evelyn_downs,Muldoons,Dingo,Protected,Low,9/6/18 15:36,9/6/18,15:36:00,0.65,19,0.62
Protection,Evelyn_downs,Muldoons,Dingo,Protected,Low,9/6/18 15:36,9/6/18,15:36:00,0.65,19,0.62
Protection,Evelyn_downs,Muldoons,Dingo,Protected,Low,9/6/18 15:36,9/6/18,15:36:00,0.65,19,0.62
Protection,Evelyn_downs,Muldoons,Dingo,Protected,Low,9/6/18 15:36,9/6/18,15:36:00,0.65,19,0.62
Protection,Evelyn_downs,Muldoons,Dingo,Protected,Low,9/6/18 15:36,9/6/18,15:36:00,0.65,19,0.62
Protection,Evelyn_downs,Muldoons,Dingo,Protected,Low,9/6/18 15:36,9/6/18,15:36:00,0.65,19,0.62
Protection,Evelyn_downs,Muldoons,Dingo,Protected,Low,9/6/18 15:36,9/6/18,15:36:00,0.65,19,0.62
Protection,Evelyn_downs,Muldoons,Dingo,Protected,Low,9/6/18 15:36,9/6/18,15:36:00,0.65,19,0.62
Protection,Evelyn_downs,Muldoons,Dingo,Protected,Low,9/6/18 15:36,9/6/18,15:36:00,0.65,19,0.62
Protection,Evelyn_downs,Muldoons,Dingo,Protected,Low,8/6/18 15:50,8/6/18,15:50:24,0.66,19,0.63
Protection,Evelyn_downs,Muldoons,Dingo,Protected,Low,8/6/18 15:50,8/6/18,15:50:24,0.66,19,0.63
Protection,Evelyn_downs,Muldoons,Dingo,Protected,Low,8/6/18 15:50,8/6/18,15:50:24,0.66,19,0.63
Protection,Evelyn_downs,Muldoons,Dingo,Protected,Low,8/6/18 15:50,8/6/18,15:50:24,0.66,19,0.63
Protection,Evelyn_downs,Muldoons,Dingo,Protected,Low,8/6/18 15:50,8/6/18,15:50:24,0.66,19,0.63
Protection,Evelyn_downs,Muldoons,Dingo,Protected,Low,8/6/18 15:50,8/6/18,15:50:24,0.66,19,0.63
Protection,Evelyn_downs,Muldoons,Dingo,Protected,Low,8/6/18 15:50,8/6/18,15:50:24,0.66,19,0.63
Protection,Evelyn_downs,Muldoons,Dingo,Protected,Low,8/6/18 15:50,8/6/18,15:50:24,0.66,19,0.63
Protection,Evelyn_downs,Muldoons,Dingo,Protected,Low,8/6/18 15:50,8/6/18,15:50:24,0.66,19,0.63
Protection,Evelyn_downs,Muldoons,Dingo,Protected,Low,9/6/18 15:50,9/6/18,15:50:24,0.66,19,0.63
Protection,Evelyn_downs,Muldoons,Dingo,Protected,Low,9/6/18 15:50,9/6/18,15:50:24,0.66,19,0.63
Protection,Evelyn_downs,Muldoons,Dingo,Protected,Low,9/6/18 15:50,9/6/18,15:50:24,0.66,19,0.63
Protection,Evelyn_downs,Muldoons,Dingo,Protected,Low,9/6/18 15:50,9/6/18,15:50:24,0.66,19,0.63
Protection,Evelyn_downs,Muldoons,Dingo,Protected,Low,9/6/18 15:50,9/6/18,15:50:24,0.66,19,0.63
Protection,Evelyn_downs,Muldoons,Dingo,Protected,Low,9/6/18 15:50,9/6/18,15:50:24,0.66,19,0.63
Protection,Evelyn_downs,Muldoons,Dingo,Protected,Low,9/6/18 15:50,9/6/18,15:50:24,0.66,19,0.63
Protection,Evelyn_downs,Muldoons,Dingo,Protected,Low,8/6/18 16:04,8/6/18,16:04:48,0.67,19,0.65
Protection,Evelyn_downs,Muldoons,Dingo,Protected,Low,8/6/18 16:04,8/6/18,16:04:48,0.67,19,0.65
Protection,Evelyn_downs,Muldoons,Dingo,Protected,Low,8/6/18 16:04,8/6/18,16:04:48,0.67,19,0.65
Protection,Evelyn_downs,Muldoons,Dingo,Protected,Low,8/6/18 16:04,8/6/18,16:04:48,0.67,19,0.65
Protection,Evelyn_downs,Muldoons,Dingo,Protected,Low,8/6/18 16:04,8/6/18,16:04:48,0.67,19,0.65
Protection,Evelyn_downs,Muldoons,Dingo,Protected,Low,8/6/18 16:04,8/6/18,16:04:48,0.67,19,0.65
Protection,Evelyn_downs,Muldoons,Dingo,Protected,Low,8/6/18 16:04,8/6/18,16:04:48,0.67,19,0.65
Protection,Evelyn_downs,Muldoons,Dingo,Protected,Low,8/6/18 16:04,8/6/18,16:04:48,0.67,19,0.65
Protection,Evelyn_downs,Muldoons,Dingo,Protected,Low,8/6/18 16:04,8/6/18,16:04:48,0.67,19,0.65
Protection,Evelyn_downs,Muldoons,Dingo,Protected,Low,8/6/18 16:04,8/6/18,16:04:48,0.67,19,0.65
Protection,Evelyn_downs,Muldoons,Dingo,Protected,Low,8/6/18 16:04,8/6/18,16:04:48,0.67,19,0.65
Protection,Evelyn_downs,Muldoons,Dingo,Protected,Low,8/6/18 16:04,8/6/18,16:04:48,0.67,19,0.65
Protection,Evelyn_downs,Muldoons,Dingo,Protected,Low,8/6/18 16:04,8/6/18,16:04:48,0.67,19,0.65
Protection,Evelyn_downs,Muldoons,Dingo,Protected,Low,8/6/18 16:04,8/6/18,16:04:48,0.67,19,0.65
Protection,Evelyn_downs,Muldoons,Dingo,Protected,Low,8/6/18 16:04,8/6/18,16:04:48,0.67,19,0.65
Protection,Evelyn_downs,Muldoons,Dingo,Protected,Low,8/6/18 16:04,8/6/18,16:04:48,0.67,19,0.65
Protection,Evelyn_downs,Muldoons,Dingo,Protected,Low,8/6/18 16:04,8/6/18,16:04:48,0.67,19,0.65
Protection,Evelyn_downs,Muldoons,Dingo,Protected,Low,8/6/18 16:04,8/6/18,16:04:48,0.67,19,0.65
Protection,Evelyn_downs,Muldoons,Dingo,Protected,Low,8/6/18 16:04,8/6/18,16:04:48,0.67,19,0.65
Protection,Evelyn_downs,Muldoons,Dingo,Protected,Low,8/6/18 16:04,8/6/18,16:04:48,0.67,19,0.65
Protection,Evelyn_downs,Muldoons,Dingo,Protected,Low,8/6/18 16:04,8/6/18,16:04:48,0.67,19,0.65
Protection,Evelyn_downs,Muldoons,Dingo,Protected,Low,9/6/18 16:04,9/6/18,16:04:48,0.67,19,0.65
Protection,Evelyn_downs,Muldoons,Dingo,Protected,Low,8/6/18 16:19,8/6/18,16:19:12,0.68,19,0.66
Protection,Evelyn_downs,Muldoons,Dingo,Protected,Low,8/6/18 16:19,8/6/18,16:19:12,0.68,19,0.66
Protection,Evelyn_downs,Muldoons,Dingo,Protected,Low,8/6/18 16:19,8/6/18,16:19:12,0.68,19,0.66
Protection,Evelyn_downs,Muldoons,Dingo,Protected,Low,8/6/18 16:19,8/6/18,16:19:12,0.68,19,0.66
Protection,Evelyn_downs,Muldoons,Dingo,Protected,Low,8/6/18 16:19,8/6/18,16:19:12,0.68,19,0.66
Protection,Evelyn_downs,Muldoons,Dingo,Protected,Low,8/6/18 16:19,8/6/18,16:19:12,0.68,19,0.66
Protection,Evelyn_downs,Muldoons,Dingo,Protected,Low,8/6/18 16:19,8/6/18,16:19:12,0.68,19,0.66
Protection,Evelyn_downs,Muldoons,Dingo,Protected,Low,8/6/18 16:19,8/6/18,16:19:12,0.68,19,0.66
Protection,Evelyn_downs,Muldoons,Dingo,Protected,Low,8/6/18 16:19,8/6/18,16:19:12,0.68,19,0.66
Protection,Evelyn_downs,Muldoons,Dingo,Protected,Low,8/6/18 16:19,8/6/18,16:19:12,0.68,19,0.66
Protection,Evelyn_downs,Muldoons,Dingo,Protected,Low,8/6/18 16:19,8/6/18,16:19:12,0.68,19,0.66
Protection,Evelyn_downs,Muldoons,Dingo,Protected,Low,8/6/18 16:19,8/6/18,16:19:12,0.68,19,0.66
Protection,Evelyn_downs,Muldoons,Dingo,Protected,Low,8/6/18 16:19,8/6/18,16:19:12,0.68,19,0.66
Protection,Evelyn_downs,Muldoons,Dingo,Protected,Low,8/6/18 16:19,8/6/18,16:19:12,0.68,19,0.66
Protection,Evelyn_downs,Muldoons,Dingo,Protected,Low,8/6/18 16:19,8/6/18,16:19:12,0.68,19,0.66
Protection,Evelyn_downs,Muldoons,Dingo,Protected,Low,8/6/18 16:19,8/6/18,16:19:12,0.68,19,0.66
Protection,Evelyn_downs,Muldoons,Dingo,Protected,Low,8/6/18 16:19,8/6/18,16:19:12,0.68,19,0.66
Protection,Evelyn_downs,Muldoons,Dingo,Protected,Low,8/6/18 16:19,8/6/18,16:19:12,0.68,19,0.66
Protection,Evelyn_downs,Muldoons,Dingo,Protected,Low,8/6/18 16:19,8/6/18,16:19:12,0.68,19,0.66
Protection,Evelyn_downs,Muldoons,Dingo,Protected,Low,8/6/18 16:19,8/6/18,16:19:12,0.68,19,0.66
Protection,Evelyn_downs,Muldoons,Dingo,Protected,Low,8/6/18 16:19,8/6/18,16:19:12,0.68,19,0.66
Protection,Evelyn_downs,Muldoons,Dingo,Protected,Low,8/6/18 16:19,8/6/18,16:19:12,0.68,19,0.66
Protection,Evelyn_downs,Muldoons,Dingo,Protected,Low,8/6/18 16:19,8/6/18,16:19:12,0.68,19,0.66
Protection,Evelyn_downs,Muldoons,Dingo,Protected,Low,8/6/18 16:19,8/6/18,16:19:12,0.68,19,0.66
Protection,Evelyn_downs,Muldoons,Dingo,Protected,Low,8/6/18 16:19,8/6/18,16:19:12,0.68,19,0.66
Protection,Evelyn_downs,Muldoons,Dingo,Protected,Low,9/6/18 16:19,9/6/18,16:19:12,0.68,19,0.66
Protection,Evelyn_downs,Muldoons,Dingo,Protected,Low,8/6/18 16:33,8/6/18,16:33:36,0.69,19,0.67
Protection,Evelyn_downs,Muldoons,Dingo,Protected,Low,8/6/18 16:33,8/6/18,16:33:36,0.69,19,0.67
Protection,Evelyn_downs,Muldoons,Dingo,Protected,Low,8/6/18 16:33,8/6/18,16:33:36,0.69,19,0.67
Protection,Evelyn_downs,Muldoons,Dingo,Protected,Low,8/6/18 16:33,8/6/18,16:33:36,0.69,19,0.67
Protection,Evelyn_downs,Muldoons,Dingo,Protected,Low,8/6/18 16:33,8/6/18,16:33:36,0.69,19,0.67
Protection,Evelyn_downs,Muldoons,Dingo,Protected,Low,8/6/18 16:33,8/6/18,16:33:36,0.69,19,0.67
Protection,Evelyn_downs,Muldoons,Dingo,Protected,Low,8/6/18 16:33,8/6/18,16:33:36,0.69,19,0.67
Protection,Evelyn_downs,Muldoons,Dingo,Protected,Low,8/6/18 16:33,8/6/18,16:33:36,0.69,19,0.67
Protection,Evelyn_downs,Muldoons,Dingo,Protected,Low,8/6/18 16:33,8/6/18,16:33:36,0.69,19,0.67
Protection,Evelyn_downs,Muldoons,Dingo,Protected,Low,8/6/18 16:33,8/6/18,16:33:36,0.69,19,0.67
Protection,Evelyn_downs,Muldoons,Dingo,Protected,Low,8/6/18 16:33,8/6/18,16:33:36,0.69,19,0.67
Protection,Evelyn_downs,Muldoons,Dingo,Protected,Low,8/6/18 16:33,8/6/18,16:33:36,0.69,19,0.67
Protection,Evelyn_downs,Muldoons,Dingo,Protected,Low,8/6/18 16:33,8/6/18,16:33:36,0.69,19,0.67
Protection,Evelyn_downs,Muldoons,Dingo,Protected,Low,8/6/18 16:33,8/6/18,16:33:36,0.69,19,0.67
Protection,Evelyn_downs,Muldoons,Dingo,Protected,Low,21/6/18 16:33,21/6/18,16:33:36,0.69,19,0.67
Protection,Evelyn_downs,Muldoons,Dingo,Protected,Low,23/6/18 16:33,23/6/18,16:33:36,0.69,19,0.67
Protection,Evelyn_downs,Muldoons,Dingo,Protected,Low,21/6/18 16:48,21/6/18,16:48:00,0.7,19,0.68
Protection,Evelyn_downs,Muldoons,Dingo,Protected,Low,21/6/18 16:48,21/6/18,16:48:00,0.7,19,0.68
Protection,Evelyn_downs,Muldoons,Dingo,Protected,Low,21/6/18 16:48,21/6/18,16:48:00,0.7,19,0.68
Protection,Evelyn_downs,Muldoons,Dingo,Protected,Low,21/6/18 16:48,21/6/18,16:48:00,0.7,19,0.68
Protection,Evelyn_downs,Muldoons,Dingo,Protected,Low,21/6/18 16:48,21/6/18,16:48:00,0.7,19,0.68
Protection,Evelyn_downs,Muldoons,Dingo,Protected,Low,21/6/18 16:48,21/6/18,16:48:00,0.7,19,0.68
Protection,Evelyn_downs,Muldoons,Dingo,Protected,Low,21/6/18 16:48,21/6/18,16:48:00,0.7,19,0.68
Protection,Evelyn_downs,Muldoons,Dingo,Protected,Low,21/6/18 16:48,21/6/18,16:48:00,0.7,19,0.68
Protection,Evelyn_downs,Muldoons,Dingo,Protected,Low,21/6/18 16:48,21/6/18,16:48:00,0.7,19,0.68
Protection,Evelyn_downs,Muldoons,Dingo,Protected,Low,21/6/18 16:48,21/6/18,16:48:00,0.7,19,0.68
Protection,Evelyn_downs,Muldoons,Dingo,Protected,Low,8/6/18 16:48,8/6/18,16:48:00,0.7,19,0.68
Protection,Evelyn_downs,Muldoons,Dingo,Protected,Low,8/6/18 16:48,8/6/18,16:48:00,0.7,19,0.68
Protection,Evelyn_downs,Muldoons,Dingo,Protected,Low,8/6/18 16:48,8/6/18,16:48:00,0.7,19,0.68
Protection,Evelyn_downs,Muldoons,Dingo,Protected,Low,8/6/18 16:48,8/6/18,16:48:00,0.7,19,0.68
Protection,Evelyn_downs,Muldoons,Dingo,Protected,Low,8/6/18 16:48,8/6/18,16:48:00,0.7,19,0.68
Protection,Evelyn_downs,Muldoons,Dingo,Protected,Low,8/6/18 16:48,8/6/18,16:48:00,0.7,19,0.68
Protection,Evelyn_downs,Muldoons,Dingo,Protected,Low,8/6/18 16:48,8/6/18,16:48:00,0.7,19,0.68
Protection,Evelyn_downs,Muldoons,Dingo,Protected,Low,8/6/18 16:48,8/6/18,16:48:00,0.7,19,0.68
Protection,Evelyn_downs,Muldoons,Dingo,Protected,Low,8/6/18 16:48,8/6/18,16:48:00,0.7,19,0.68
Protection,Evelyn_downs,Muldoons,Dingo,Protected,Low,8/6/18 16:48,8/6/18,16:48:00,0.7,19,0.68
Protection,Evelyn_downs,Muldoons,Dingo,Protected,Low,8/6/18 16:48,8/6/18,16:48:00,0.7,19,0.68
Protection,Evelyn_downs,Muldoons,Fox,Protected,Low,26/6/18 16:48,26/6/18,16:48:00,0.7,19,0.68
Protection,Evelyn_downs,Muldoons,Dingo,Protected,Low,21/6/18 17:02,21/6/18,17:02:24,0.71,19,0.69
Protection,Evelyn_downs,Muldoons,Dingo,Protected,Low,21/6/18 17:02,21/6/18,17:02:24,0.71,19,0.69
Protection,Evelyn_downs,Muldoons,Dingo,Protected,Low,21/6/18 17:02,21/6/18,17:02:24,0.71,19,0.69
Protection,Evelyn_downs,Muldoons,Dingo,Protected,Low,21/6/18 17:02,21/6/18,17:02:24,0.71,19,0.69
Protection,Evelyn_downs,Muldoons,Dingo,Protected,Low,21/6/18 17:02,21/6/18,17:02:24,0.71,19,0.69
Protection,Evelyn_downs,Muldoons,Dingo,Protected,Low,21/6/18 17:02,21/6/18,17:02:24,0.71,19,0.69
Protection,Evelyn_downs,Muldoons,Dingo,Protected,Low,21/6/18 17:02,21/6/18,17:02:24,0.71,19,0.69
Protection,Evelyn_downs,Muldoons,Dingo,Protected,Low,21/6/18 17:02,21/6/18,17:02:24,0.71,19,0.69
Protection,Evelyn_downs,Muldoons,Dingo,Protected,Low,21/6/18 17:02,21/6/18,17:02:24,0.71,19,0.69
Protection,Evelyn_downs,Muldoons,Dingo,Protected,Low,21/6/18 17:02,21/6/18,17:02:24,0.71,19,0.69
Protection,Evelyn_downs,Muldoons,Dingo,Protected,Low,8/6/18 17:02,8/6/18,17:02:24,0.71,19,0.69
Protection,Evelyn_downs,Muldoons,Dingo,Protected,Low,8/6/18 17:02,8/6/18,17:02:24,0.71,19,0.69
Protection,Evelyn_downs,Muldoons,Dingo,Protected,Low,8/6/18 17:02,8/6/18,17:02:24,0.71,19,0.69
Protection,Evelyn_downs,Muldoons,Dingo,Protected,Low,8/6/18 17:02,8/6/18,17:02:24,0.71,19,0.69
Protection,Evelyn_downs,Muldoons,Dingo,Protected,Low,8/6/18 17:02,8/6/18,17:02:24,0.71,19,0.69
Protection,Evelyn_downs,Muldoons,Dingo,Protected,Low,8/6/18 17:02,8/6/18,17:02:24,0.71,19,0.69
Protection,Evelyn_downs,Muldoons,Dingo,Protected,Low,8/6/18 17:02,8/6/18,17:02:24,0.71,19,0.69
Protection,Evelyn_downs,Muldoons,Dingo,Protected,Low,8/6/18 17:02,8/6/18,17:02:24,0.71,19,0.69
Protection,Evelyn_downs,Muldoons,Dingo,Protected,Low,8/6/18 17:02,8/6/18,17:02:24,0.71,19,0.69
Protection,Evelyn_downs,Muldoons,Dingo,Protected,Low,8/6/18 17:02,8/6/18,17:02:24,0.71,19,0.69
Protection,Evelyn_downs,Muldoons,Dingo,Protected,Low,8/6/18 17:02,8/6/18,17:02:24,0.71,19,0.69
Protection,Evelyn_downs,Muldoons,Dingo,Protected,Low,8/6/18 17:02,8/6/18,17:02:24,0.71,19,0.69
Protection,Evelyn_downs,Muldoons,Dingo,Protected,Low,8/6/18 17:02,8/6/18,17:02:24,0.71,19,0.69
Protection,Evelyn_downs,Muldoons,Dingo,Protected,Low,8/6/18 17:02,8/6/18,17:02:24,0.71,19,0.69
Protection,Evelyn_downs,Muldoons,Dingo,Protected,Low,8/6/18 17:02,8/6/18,17:02:24,0.71,19,0.69
Protection,Evelyn_downs,Muldoons,Dingo,Protected,Low,8/6/18 17:02,8/6/18,17:02:24,0.71,19,0.69
Protection,Evelyn_downs,Muldoons,Dingo,Protected,Low,8/6/18 17:02,8/6/18,17:02:24,0.71,19,0.69
Protection,Evelyn_downs,Muldoons,Dingo,Protected,Low,8/6/18 17:02,8/6/18,17:02:24,0.71,19,0.69
Protection,Evelyn_downs,Muldoons,Dingo,Protected,Low,8/6/18 17:02,8/6/18,17:02:24,0.71,19,0.69
Protection,Evelyn_downs,Muldoons,Dingo,Protected,Low,8/6/18 17:02,8/6/18,17:02:24,0.71,19,0.69
Protection,Evelyn_downs,Muldoons,Dingo,Protected,Low,8/6/18 17:02,8/6/18,17:02:24,0.71,19,0.69
Protection,Evelyn_downs,Muldoons,Dingo,Protected,Low,21/6/18 17:16,21/6/18,17:16:48,0.72,19,0.7
Protection,Evelyn_downs,Muldoons,Dingo,Protected,Low,21/6/18 17:16,21/6/18,17:16:48,0.72,19,0.7
Protection,Evelyn_downs,Muldoons,Dingo,Protected,Low,21/6/18 17:16,21/6/18,17:16:48,0.72,19,0.7
Protection,Evelyn_downs,Muldoons,Dingo,Protected,Low,21/6/18 17:16,21/6/18,17:16:48,0.72,19,0.7
Protection,Evelyn_downs,Muldoons,Dingo,Protected,Low,21/6/18 17:16,21/6/18,17:16:48,0.72,19,0.7
Protection,Evelyn_downs,Muldoons,Dingo,Protected,Low,21/6/18 17:16,21/6/18,17:16:48,0.72,19,0.7
Protection,Evelyn_downs,Muldoons,Dingo,Protected,Low,21/6/18 17:16,21/6/18,17:16:48,0.72,19,0.7
Protection,Evelyn_downs,Muldoons,Dingo,Protected,Low,21/6/18 17:16,21/6/18,17:16:48,0.72,19,0.7
Protection,Evelyn_downs,Muldoons,Dingo,Protected,Low,21/6/18 17:16,21/6/18,17:16:48,0.72,19,0.7
Protection,Evelyn_downs,Muldoons,Dingo,Protected,Low,21/6/18 17:16,21/6/18,17:16:48,0.72,19,0.7
Protection,Evelyn_downs,Muldoons,Dingo,Protected,Low,23/6/18 17:16,23/6/18,17:16:48,0.72,19,0.7
Protection,Evelyn_downs,Muldoons,Dingo,Protected,Low,21/6/18 17:31,21/6/18,17:31:12,0.73,19,0.72
Protection,Evelyn_downs,Muldoons,Dingo,Protected,Low,21/6/18 17:31,21/6/18,17:31:12,0.73,19,0.72
Protection,Evelyn_downs,Muldoons,Dingo,Protected,Low,21/6/18 17:31,21/6/18,17:31:12,0.73,19,0.72
Protection,Evelyn_downs,Muldoons,Dingo,Protected,Low,21/6/18 18:00,21/6/18,18:00:00,0.75,19,0.74
Protection,Evelyn_downs,Muldoons,Dingo,Protected,Low,23/6/18 18:28,23/6/18,18:28:48,0.77,19,0.76
Protection,Evelyn_downs,Muldoons,Dingo,Protected,Low,23/6/18 18:28,23/6/18,18:28:48,0.77,19,0.76
Protection,Evelyn_downs,Muldoons,Dingo,Protected,Low,1/7/17 19:12,1/7/17,19:12:00,0.8,19,0.78
Protection,Evelyn_downs,Muldoons,Dingo,Protected,Low,21/6/18 19:40,21/6/18,19:40:48,0.82,19,0.8
Protection,Evelyn_downs,Muldoons,Dingo,Protected,Low,21/6/18 19:40,21/6/18,19:40:48,0.82,19,0.8
Protection,Evelyn_downs,Muldoons,Dingo,Protected,Low,3/7/17 19:55,3/7/17,19:55:12,0.83,19,0.81
Protection,Evelyn_downs,Muldoons,Dingo,Protected,Low,3/7/17 19:55,3/7/17,19:55:12,0.83,19,0.81
Protection,Evelyn_downs,Muldoons,Dingo,Protected,Low,3/7/17 19:55,3/7/17,19:55:12,0.83,19,0.81
Protection,Evelyn_downs,Muldoons,Dingo,Protected,Low,3/7/17 19:55,3/7/17,19:55:12,0.83,19,0.81
Protection,Evelyn_downs,Muldoons,Dingo,Protected,Low,3/7/17 19:55,3/7/17,19:55:12,0.83,19,0.81
Protection,Evelyn_downs,Muldoons,Dingo,Protected,Low,3/7/17 19:55,3/7/17,19:55:12,0.83,19,0.81
Protection,Evelyn_downs,Muldoons,Dingo,Protected,Low,3/7/17 19:55,3/7/17,19:55:12,0.83,19,0.81
Protection,Evelyn_downs,Muldoons,Dingo,Protected,Low,3/7/17 19:55,3/7/17,19:55:12,0.83,19,0.81
Protection,Evelyn_downs,Muldoons,Dingo,Protected,Low,3/7/17 19:55,3/7/17,19:55:12,0.83,19,0.81
Protection,Evelyn_downs,Muldoons,Dingo,Protected,Low,21/6/18 19:55,21/6/18,19:55:12,0.83,19,0.81
Protection,Evelyn_downs,Muldoons,Dingo,Protected,Low,21/6/18 19:55,21/6/18,19:55:12,0.83,19,0.81
Protection,Evelyn_downs,Muldoons,Dingo,Protected,Low,21/6/18 19:55,21/6/18,19:55:12,0.83,19,0.81
Protection,Evelyn_downs,Muldoons,Dingo,Protected,Low,21/6/18 19:55,21/6/18,19:55:12,0.83,19,0.81
Protection,Evelyn_downs,Muldoons,Dingo,Protected,Low,21/6/18 19:55,21/6/18,19:55:12,0.83,19,0.81
Protection,Evelyn_downs,Muldoons,Dingo,Protected,Low,21/6/18 19:55,21/6/18,19:55:12,0.83,19,0.81
Protection,Evelyn_downs,Muldoons,Dingo,Protected,Low,21/6/18 20:09,21/6/18,20:09:36,0.84,19,0.82
Protection,Evelyn_downs,Muldoons,Dingo,Protected,Low,21/6/18 20:24,21/6/18,20:24:00,0.85,19,0.83
Protection,Evelyn_downs,Muldoons,Dingo,Protected,Low,21/6/18 20:24,21/6/18,20:24:00,0.85,19,0.83
Protection,Evelyn_downs,Muldoons,Dingo,Protected,Low,21/6/18 20:24,21/6/18,20:24:00,0.85,19,0.83
Protection,Evelyn_downs,Muldoons,Dingo,Protected,Low,21/6/18 20:24,21/6/18,20:24:00,0.85,19,0.83
Protection,Evelyn_downs,Muldoons,Dingo,Protected,Low,23/6/18 20:24,23/6/18,20:24:00,0.85,19,0.83
Protection,Evelyn_downs,Muldoons,Dingo,Protected,Low,23/6/18 21:36,23/6/18,21:36:00,0.9,19,0.87
Protection,Evelyn_downs,Muldoons,Dingo,Protected,Low,22/6/18 22:04,22/6/18,22:04:48,0.92,19,0.89
Protection,Evelyn_downs,Muldoons,Dingo,Protected,Low,22/6/18 22:04,22/6/18,22:04:48,0.92,19,0.89
Protection,Evelyn_downs,Muldoons,Dingo,Protected,Low,22/6/18 22:04,22/6/18,22:04:48,0.92,19,0.89
Protection,Evelyn_downs,Muldoons,Fox,Protected,Low,21/6/18 22:19,21/6/18,22:19:12,0.93,19,0.9
Protection,Evelyn_downs,Muldoons,Dingo,Protected,Low,22/6/18 22:19,22/6/18,22:19:12,0.93,19,0.9
Protection,Evelyn_downs,Muldoons,Dingo,Protected,Low,22/6/18 22:19,22/6/18,22:19:12,0.93,19,0.9
Protection,Evelyn_downs,Muldoons,Dingo,Protected,Low,22/6/18 22:19,22/6/18,22:19:12,0.93,19,0.9
Protection,Evelyn_downs,Muldoons,Dingo,Protected,Low,22/6/18 22:19,22/6/18,22:19:12,0.93,19,0.9
Protection,Evelyn_downs,Muldoons,Dingo,Protected,Low,22/6/18 22:19,22/6/18,22:19:12,0.93,19,0.9
Protection,Evelyn_downs,Muldoons,Dingo,Protected,Low,22/6/18 22:19,22/6/18,22:19:12,0.93,19,0.9
Protection,Evelyn_downs,Muldoons,Fox,Protected,Low,21/6/18 22:33,21/6/18,22:33:36,0.94,19,0.91
Protection,Evelyn_downs,Muldoons,Dingo,Protected,Low,22/6/18 22:33,22/6/18,22:33:36,0.94,19,0.91
Protection,Evelyn_downs,Muldoons,Dingo,Protected,Low,22/6/18 22:33,22/6/18,22:33:36,0.94,19,0.91
Protection,Evelyn_downs,Muldoons,Dingo,Protected,Low,22/6/18 22:33,22/6/18,22:33:36,0.94,19,0.91
Protection,Evelyn_downs,Muldoons,Dingo,Protected,Low,22/6/18 22:33,22/6/18,22:33:36,0.94,19,0.91
Protection,Evelyn_downs,Muldoons,Dingo,Protected,Low,22/6/18 23:02,22/6/18,23:02:24,0.96,19,0.93
Protection,Evelyn_downs,Muldoons,Dingo,Protected,Low,23/6/18 0:14,23/6/18,0:14:24,0.01,19,0.97
Protection,Evelyn_downs,Muldoons,Dingo,Protected,Low,24/6/18 0:43,24/6/18,0:43:12,0.03,19,0.99
Protection,Evelyn_downs,Muldoons,Dingo,Protected,Low,24/6/18 0:43,24/6/18,0:43:12,0.03,19,0.99
Protection,Evelyn_downs,Muldoons,Dingo,Protected,Low,23/6/18 0:43,23/6/18,0:43:12,0.03,19,0.99
Protection,Evelyn_downs,MWRW1,Fox,Protected,Low,26/6/17 22:48,26/6/17,22:48:00,0.95,12,0.92
Protection,Evelyn_downs,MWRW2,Fox,Protected,Low,23/6/17 6:57,23/6/17,6:57:36,0.29,11,0.22
Protection,Evelyn_downs,MWRW2,Fox,Protected,Low,19/6/17 19:55,19/6/17,19:55:12,0.83,11,0.81
Protection,Evelyn_downs,MWRW2,Fox,Protected,Low,22/6/17 20:09,22/6/17,20:09:36,0.84,11,0.82
Protection,Evelyn_downs,MWRW2,Fox,Protected,Low,22/6/17 20:09,22/6/17,20:09:36,0.84,11,0.82
Protection,Evelyn_downs,MWRW2,Fox,Protected,Low,28/6/17 20:24,28/6/17,20:24:00,0.85,11,0.83
Protection,Evelyn_downs,MWRW2,Fox,Protected,Low,28/6/17 20:24,28/6/17,20:24:00,0.85,11,0.83
Protection,Evelyn_downs,MWRW2,Fox,Protected,Low,28/6/17 20:24,28/6/17,20:24:00,0.85,11,0.83
Protection,Evelyn_downs,MWRW2,Fox,Protected,Low,20/6/17 21:36,20/6/17,21:36:00,0.9,11,0.87
Protection,Evelyn_downs,MWRW2,Fox,Protected,Low,20/6/17 21:36,20/6/17,21:36:00,0.9,11,0.87
Protection,Evelyn_downs,MWRW2,Fox,Protected,Low,26/6/17 22:48,26/6/17,22:48:00,0.95,11,0.92
Protection,Evelyn_downs,MWRW2,Fox,Protected,Low,26/6/17 22:48,26/6/17,22:48:00,0.95,11,0.92
Protection,Evelyn_downs,MWRW2,Fox,Protected,Low,28/6/17 23:31,28/6/17,23:31:12,0.98,11,0.94
Protection,Evelyn_downs,MWRW2,Fox,Protected,Low,21/6/17 0:43,21/6/17,0:43:12,0.03,11,0.99
Protection,Evelyn_downs,MWRW2,Fox,Protected,Low,21/6/17 0:43,21/6/17,0:43:12,0.03,11,0.99
Protection,Evelyn_downs,MWRW3,Fox,Protected,Low,23/6/17 7:12,23/6/17,7:12:00,0.3,9,0.22
Protection,Evelyn_downs,MWRW3,Fox,Protected,Low,21/6/17 18:14,21/6/17,18:14:24,0.76,9,0.75
Protection,Evelyn_downs,MWRW3,Fox,Protected,Low,21/6/17 18:14,21/6/17,18:14:24,0.76,9,0.75
Protection,Evelyn_downs,MWRW3,Fox,Protected,Low,21/6/17 18:14,21/6/17,18:14:24,0.76,9,0.75
Protection,Evelyn_downs,MWRW3,Fox,Protected,Low,24/6/17 23:02,24/6/17,23:02:24,0.96,9,0.93
Protection,Evelyn_downs,Panikin,Fox,Protected,Low,21/6/17 1:12,21/6/17,1:12:00,0.05,13,0.01
Protection,Evelyn_downs,Panikin,Fox,Protected,Low,17/6/17 21:36,17/6/17,21:36:00,0.9,13,0.87
Protection,Evelyn_downs,Panikin,Fox,Protected,Low,17/6/17 21:36,17/6/17,21:36:00,0.9,13,0.87
Protection,Evelyn_downs,Panikin,Fox,Protected,Low,17/6/17 21:36,17/6/17,21:36:00,0.9,13,0.87
Protection,Evelyn_downs,Panikin,Fox,Protected,Low,17/6/17 21:36,17/6/17,21:36:00,0.9,13,0.87
Protection,Evelyn_downs,Panikin,Fox,Protected,Low,17/6/17 21:36,17/6/17,21:36:00,0.9,13,0.87
Protection,Evelyn_downs,Panikin,Fox,Protected,Low,23/6/17 22:04,23/6/17,22:04:48,0.92,13,0.89
Protection,Evelyn_downs,Panikin,Dingo,Protected,Low,17/6/17 22:33,17/6/17,22:33:36,0.94,13,0.91
Protection,Evelyn_downs,Panikin,Dingo,Protected,Low,17/6/17 22:33,17/6/17,22:33:36,0.94,13,0.91
Protection,Evelyn_downs,Panikin,Dingo,Protected,Low,17/6/17 22:33,17/6/17,22:33:36,0.94,13,0.91
Protection,Evelyn_downs,RGH,Dingo,Protected,Low,21/6/18 4:04,21/6/18,4:04:48,0.17,13,0.11
Protection,Evelyn_downs,RGH,Dingo,Protected,Low,21/6/18 4:04,21/6/18,4:04:48,0.17,13,0.11
Protection,Evelyn_downs,RGH,Fox,Protected,Low,21/6/18 4:04,21/6/18,4:04:48,0.17,13,0.11
Protection,Evelyn_downs,RGH,Dingo,Protected,Low,16/6/18 10:48,16/6/18,10:48:00,0.45,13,0.39
Protection,Evelyn_downs,RGH,Dingo,Protected,Low,4/7/17 19:26,4/7/17,19:26:24,0.81,13,0.79
Protection,Evelyn_downs,RGH,Dingo,Protected,Low,4/7/17 19:26,4/7/17,19:26:24,0.81,13,0.79
Protection,Evelyn_downs,RGH,Dingo,Protected,Low,4/7/17 19:26,4/7/17,19:26:24,0.81,13,0.79
Protection,Evelyn_downs,RGH,Dingo,Protected,Low,4/7/17 19:40,4/7/17,19:40:48,0.82,13,0.8
Protection,Evelyn_downs,RGH,Fox,Protected,Low,18/6/18 22:04,18/6/18,22:04:48,0.92,13,0.89
Protection,Evelyn_downs,RGH,Dingo,Protected,Low,9/6/18 22:19,9/6/18,22:19:12,0.93,13,0.9
Protection,Evelyn_downs,RGH,Fox,Protected,Low,9/6/18 22:19,9/6/18,22:19:12,0.93,13,0.9
Protection,Evelyn_downs,RGH,Fox,Protected,Low,4/7/17 22:33,4/7/17,22:33:36,0.94,13,0.9
Protection,Evelyn_downs,RGH,Fox,Protected,Low,4/7/17 22:33,4/7/17,22:33:36,0.94,13,0.9
Protection,Evelyn_downs,RGH,Fox,Protected,Low,4/7/17 22:48,4/7/17,22:48:00,0.95,13,0.91
Protection,Evelyn_downs,SM,Dingo,Protected,Low,28/6/17 16:19,28/6/17,16:19:12,0.68,11,0.66
Protection,Evelyn_downs,SM,Dingo,Protected,Low,28/6/17 16:19,28/6/17,16:19:12,0.68,11,0.66
Protection,Evelyn_downs,SM,Dingo,Protected,Low,28/6/17 16:19,28/6/17,16:19:12,0.68,11,0.66
Protection,Evelyn_downs,SM,Dingo,Protected,Low,28/6/17 16:19,28/6/17,16:19:12,0.68,11,0.66
Protection,Evelyn_downs,Timalees,Fox,Protected,Low,30/6/17 1:12,30/6/17,1:12:00,0.05,18,0.01
Protection,Evelyn_downs,Timalees,Dingo,Protected,Low,26/6/17 1:12,26/6/17,1:12:00,0.05,18,0.01
Protection,Evelyn_downs,Timalees,Dingo,Protected,Low,26/6/17 1:12,26/6/17,1:12:00,0.05,18,0.01
Protection,Evelyn_downs,Timalees,Fox,Protected,Low,28/6/17 1:40,28/6/17,1:40:48,0.07,18,0.02
Protection,Evelyn_downs,Timalees,Fox,Protected,Low,28/6/17 1:40,28/6/17,1:40:48,0.07,18,0.02
Protection,Evelyn_downs,Timalees,Fox,Protected,Low,14/6/18 1:55,14/6/18,1:55:12,0.08,18,0.03
Protection,Evelyn_downs,Timalees,Fox,Protected,Low,28/6/17 1:55,28/6/17,1:55:12,0.08,18,0.03
Protection,Evelyn_downs,Timalees,Fox,Protected,Low,28/6/17 1:55,28/6/17,1:55:12,0.08,18,0.03
Protection,Evelyn_downs,Timalees,Fox,Protected,Low,28/6/17 1:55,28/6/17,1:55:12,0.08,18,0.03
Protection,Evelyn_downs,Timalees,Fox,Protected,Low,28/6/17 1:55,28/6/17,1:55:12,0.08,18,0.03
Protection,Evelyn_downs,Timalees,Fox,Protected,Low,28/6/17 1:55,28/6/17,1:55:12,0.08,18,0.03
Protection,Evelyn_downs,Timalees,Fox,Protected,Low,28/6/17 1:55,28/6/17,1:55:12,0.08,18,0.03
Protection,Evelyn_downs,Timalees,Dingo,Protected,Low,26/6/17 1:55,26/6/17,1:55:12,0.08,18,0.03
Protection,Evelyn_downs,Timalees,Dingo,Protected,Low,4/7/17 2:09,4/7/17,2:09:36,0.09,18,0.04
Protection,Evelyn_downs,Timalees,Dingo,Protected,Low,4/7/17 2:09,4/7/17,2:09:36,0.09,18,0.04
Protection,Evelyn_downs,Timalees,Dingo,Protected,Low,4/7/17 2:09,4/7/17,2:09:36,0.09,18,0.04
Protection,Evelyn_downs,Timalees,Dingo,Protected,Low,4/7/17 2:09,4/7/17,2:09:36,0.09,18,0.04
Protection,Evelyn_downs,Timalees,Dingo,Protected,Low,4/7/17 2:09,4/7/17,2:09:36,0.09,18,0.04
Protection,Evelyn_downs,Timalees,Dingo,Protected,Low,4/7/17 2:09,4/7/17,2:09:36,0.09,18,0.04
Protection,Evelyn_downs,Timalees,Dingo,Protected,Low,4/7/17 2:09,4/7/17,2:09:36,0.09,18,0.04
Protection,Evelyn_downs,Timalees,Fox,Protected,Low,28/6/17 2:09,28/6/17,2:09:36,0.09,18,0.04
Protection,Evelyn_downs,Timalees,Dingo,Protected,Low,4/7/17 2:24,4/7/17,2:24:00,0.1,18,0.05
Protection,Evelyn_downs,Timalees,Dingo,Protected,Low,4/7/17 2:24,4/7/17,2:24:00,0.1,18,0.05
Protection,Evelyn_downs,Timalees,Dingo,Protected,Low,4/7/17 2:24,4/7/17,2:24:00,0.1,18,0.05
Protection,Evelyn_downs,Timalees,Fox,Protected,Low,14/6/18 2:24,14/6/18,2:24:00,0.1,18,0.05
Protection,Evelyn_downs,Timalees,Fox,Protected,Low,14/6/18 2:24,14/6/18,2:24:00,0.1,18,0.05
Protection,Evelyn_downs,Timalees,Fox,Protected,Low,14/6/18 2:24,14/6/18,2:24:00,0.1,18,0.05
Protection,Evelyn_downs,Timalees,Fox,Protected,Low,14/6/18 2:24,14/6/18,2:24:00,0.1,18,0.05
Protection,Evelyn_downs,Timalees,Dingo,Protected,Low,27/6/17 2:24,27/6/17,2:24:00,0.1,18,0.05
Protection,Evelyn_downs,Timalees,Dingo,Protected,Low,27/6/17 2:24,27/6/17,2:24:00,0.1,18,0.05
Protection,Evelyn_downs,Timalees,Dingo,Protected,Low,2/7/16 2:38,2/7/16,2:38:24,0.11,18,0.05
Protection,Evelyn_downs,Timalees,Dingo,Protected,Low,2/7/16 2:38,2/7/16,2:38:24,0.11,18,0.05
Protection,Evelyn_downs,Timalees,Dingo,Protected,Low,2/7/16 2:38,2/7/16,2:38:24,0.11,18,0.05
Protection,Evelyn_downs,Timalees,Dingo,Protected,Low,2/7/16 2:38,2/7/16,2:38:24,0.11,18,0.05
Protection,Evelyn_downs,Timalees,Dingo,Protected,Low,2/7/16 2:38,2/7/16,2:38:24,0.11,18,0.05
Protection,Evelyn_downs,Timalees,Dingo,Protected,Low,2/7/16 2:38,2/7/16,2:38:24,0.11,18,0.05
Protection,Evelyn_downs,Timalees,Dingo,Protected,Low,2/7/16 2:38,2/7/16,2:38:24,0.11,18,0.05
Protection,Evelyn_downs,Timalees,Dingo,Protected,Low,2/7/16 2:38,2/7/16,2:38:24,0.11,18,0.05
Protection,Evelyn_downs,Timalees,Fox,Protected,Low,4/7/17 4:04,4/7/17,4:04:48,0.17,18,0.11
Protection,Evelyn_downs,Timalees,Fox,Protected,Low,4/7/17 4:04,4/7/17,4:04:48,0.17,18,0.11
Protection,Evelyn_downs,Timalees,Fox,Protected,Low,4/7/17 4:04,4/7/17,4:04:48,0.17,18,0.11
Protection,Evelyn_downs,Timalees,Fox,Protected,Low,4/7/17 4:04,4/7/17,4:04:48,0.17,18,0.11
Protection,Evelyn_downs,Timalees,Fox,Protected,Low,4/7/17 4:04,4/7/17,4:04:48,0.17,18,0.11
Protection,Evelyn_downs,Timalees,Fox,Protected,Low,4/7/17 4:04,4/7/17,4:04:48,0.17,18,0.11
Protection,Evelyn_downs,Timalees,Fox,Protected,Low,4/7/17 4:04,4/7/17,4:04:48,0.17,18,0.11
Protection,Evelyn_downs,Timalees,Fox,Protected,Low,4/7/17 4:04,4/7/17,4:04:48,0.17,18,0.11
Protection,Evelyn_downs,Timalees,Fox,Protected,Low,4/7/17 4:04,4/7/17,4:04:48,0.17,18,0.11
Protection,Evelyn_downs,Timalees,Fox,Protected,Low,7/6/18 4:04,7/6/18,4:04:48,0.17,18,0.11
Protection,Evelyn_downs,Timalees,Dingo,Protected,Low,4/7/16 4:19,4/7/16,4:19:12,0.18,18,0.12
Protection,Evelyn_downs,Timalees,Fox,Protected,Low,17/6/18 4:33,17/6/18,4:33:36,0.19,18,0.13
Protection,Evelyn_downs,Timalees,Fox,Protected,Low,17/6/18 4:33,17/6/18,4:33:36,0.19,18,0.13
Protection,Evelyn_downs,Timalees,Fox,Protected,Low,17/6/18 4:33,17/6/18,4:33:36,0.19,18,0.13
Protection,Evelyn_downs,Timalees,Fox,Protected,Low,17/6/18 4:33,17/6/18,4:33:36,0.19,18,0.13
Protection,Evelyn_downs,Timalees,Fox,Protected,Low,17/6/18 4:33,17/6/18,4:33:36,0.19,18,0.13
Protection,Evelyn_downs,Timalees,Fox,Protected,Low,17/6/18 4:48,17/6/18,4:48:00,0.2,18,0.14
Protection,Evelyn_downs,Timalees,Fox,Protected,Low,17/6/18 4:48,17/6/18,4:48:00,0.2,18,0.14
Protection,Evelyn_downs,Timalees,Fox,Protected,Low,17/6/18 4:48,17/6/18,4:48:00,0.2,18,0.14
Protection,Evelyn_downs,Timalees,Fox,Protected,Low,17/6/18 4:48,17/6/18,4:48:00,0.2,18,0.14
Protection,Evelyn_downs,Timalees,Fox,Protected,Low,17/6/18 5:02,17/6/18,5:02:24,0.21,18,0.15
Protection,Evelyn_downs,Timalees,Fox,Protected,Low,17/6/18 5:02,17/6/18,5:02:24,0.21,18,0.15
Protection,Evelyn_downs,Timalees,Fox,Protected,Low,17/6/18 5:02,17/6/18,5:02:24,0.21,18,0.15
Protection,Evelyn_downs,Timalees,Fox,Protected,Low,17/6/18 5:02,17/6/18,5:02:24,0.21,18,0.15
Protection,Evelyn_downs,Timalees,Fox,Protected,Low,17/6/18 5:02,17/6/18,5:02:24,0.21,18,0.15
Protection,Evelyn_downs,Timalees,Fox,Protected,Low,17/6/18 5:02,17/6/18,5:02:24,0.21,18,0.15
Protection,Evelyn_downs,Timalees,Fox,Protected,Low,17/6/18 5:02,17/6/18,5:02:24,0.21,18,0.15
Protection,Evelyn_downs,Timalees,Fox,Protected,Low,17/6/18 5:02,17/6/18,5:02:24,0.21,18,0.15
Protection,Evelyn_downs,Timalees,Fox,Protected,Low,17/6/18 5:02,17/6/18,5:02:24,0.21,18,0.15
Protection,Evelyn_downs,Timalees,Fox,Protected,Low,17/6/18 5:02,17/6/18,5:02:24,0.21,18,0.15
Protection,Evelyn_downs,Timalees,Fox,Protected,Low,17/6/18 5:16,17/6/18,5:16:48,0.22,18,0.15
Protection,Evelyn_downs,Timalees,Fox,Protected,Low,17/6/18 5:16,17/6/18,5:16:48,0.22,18,0.15
Protection,Evelyn_downs,Timalees,Fox,Protected,Low,17/6/18 5:16,17/6/18,5:16:48,0.22,18,0.15
Protection,Evelyn_downs,Timalees,Fox,Protected,Low,17/6/18 5:16,17/6/18,5:16:48,0.22,18,0.15
Protection,Evelyn_downs,Timalees,Fox,Protected,Low,17/6/18 5:16,17/6/18,5:16:48,0.22,18,0.15
Protection,Evelyn_downs,Timalees,Fox,Protected,Low,17/6/18 5:16,17/6/18,5:16:48,0.22,18,0.15
Protection,Evelyn_downs,Timalees,Fox,Protected,Low,17/6/18 5:16,17/6/18,5:16:48,0.22,18,0.15
Protection,Evelyn_downs,Timalees,Fox,Protected,Low,17/6/18 5:16,17/6/18,5:16:48,0.22,18,0.15
Protection,Evelyn_downs,Timalees,Fox,Protected,Low,17/6/18 5:16,17/6/18,5:16:48,0.22,18,0.15
Protection,Evelyn_downs,Timalees,Fox,Protected,Low,17/6/18 5:16,17/6/18,5:16:48,0.22,18,0.15
Protection,Evelyn_downs,Timalees,Fox,Protected,Low,17/6/18 5:16,17/6/18,5:16:48,0.22,18,0.15
Protection,Evelyn_downs,Timalees,Fox,Protected,Low,17/6/18 5:16,17/6/18,5:16:48,0.22,18,0.15
Protection,Evelyn_downs,Timalees,Fox,Protected,Low,17/6/18 5:16,17/6/18,5:16:48,0.22,18,0.15
Protection,Evelyn_downs,Timalees,Fox,Protected,Low,17/6/18 5:31,17/6/18,5:31:12,0.23,18,0.16
Protection,Evelyn_downs,Timalees,Fox,Protected,Low,17/6/18 5:31,17/6/18,5:31:12,0.23,18,0.16
Protection,Evelyn_downs,Timalees,Fox,Protected,Low,17/6/18 5:31,17/6/18,5:31:12,0.23,18,0.16
Protection,Evelyn_downs,Timalees,Fox,Protected,Low,17/6/18 5:31,17/6/18,5:31:12,0.23,18,0.16
Protection,Evelyn_downs,Timalees,Fox,Protected,Low,25/6/17 5:31,25/6/17,5:31:12,0.23,18,0.16
Protection,Evelyn_downs,Timalees,Dingo,Protected,Low,6/7/16 8:09,6/7/16,8:09:36,0.34,18,0.26
Protection,Evelyn_downs,Timalees,Dingo,Protected,Low,6/7/16 8:09,6/7/16,8:09:36,0.34,18,0.26
Protection,Evelyn_downs,Timalees,Dingo,Protected,Low,6/7/16 8:24,6/7/16,8:24:00,0.35,18,0.27
Protection,Evelyn_downs,Timalees,Dingo,Protected,Low,6/7/16 8:24,6/7/16,8:24:00,0.35,18,0.27
Protection,Evelyn_downs,Timalees,Dingo,Protected,Low,6/7/16 8:24,6/7/16,8:24:00,0.35,18,0.27
Protection,Evelyn_downs,Timalees,Dingo,Protected,Low,6/7/16 8:24,6/7/16,8:24:00,0.35,18,0.27
Protection,Evelyn_downs,Timalees,Dingo,Protected,Low,6/7/16 8:24,6/7/16,8:24:00,0.35,18,0.27
Protection,Evelyn_downs,Timalees,Dingo,Protected,Low,6/7/16 8:38,6/7/16,8:38:24,0.36,18,0.28
Protection,Evelyn_downs,Timalees,Dingo,Protected,Low,17/6/18 8:52,17/6/18,8:52:48,0.37,18,0.3
Protection,Evelyn_downs,Timalees,Dingo,Protected,Low,17/6/18 8:52,17/6/18,8:52:48,0.37,18,0.3
Protection,Evelyn_downs,Timalees,Dingo,Protected,Low,17/6/18 8:52,17/6/18,8:52:48,0.37,18,0.3
Protection,Evelyn_downs,Timalees,Dingo,Protected,Low,17/6/18 8:52,17/6/18,8:52:48,0.37,18,0.3
Protection,Evelyn_downs,Timalees,Dingo,Protected,Low,6/7/16 9:21,6/7/16,9:21:36,0.39,18,0.32
Protection,Evelyn_downs,Timalees,Dingo,Protected,Low,6/7/16 9:21,6/7/16,9:21:36,0.39,18,0.32
Protection,Evelyn_downs,Timalees,Dingo,Protected,Low,6/7/16 9:21,6/7/16,9:21:36,0.39,18,0.32
Protection,Evelyn_downs,Timalees,Dingo,Protected,Low,6/7/16 9:21,6/7/16,9:21:36,0.39,18,0.32
Protection,Evelyn_downs,Timalees,Dingo,Protected,Low,6/7/16 9:21,6/7/16,9:21:36,0.39,18,0.32
Protection,Evelyn_downs,Timalees,Dingo,Protected,Low,6/7/16 9:21,6/7/16,9:21:36,0.39,18,0.32
Protection,Evelyn_downs,Timalees,Dingo,Protected,Low,6/7/16 9:21,6/7/16,9:21:36,0.39,18,0.32
Protection,Evelyn_downs,Timalees,Dingo,Protected,Low,6/7/16 9:21,6/7/16,9:21:36,0.39,18,0.32
Protection,Evelyn_downs,Timalees,Dingo,Protected,Low,6/7/16 9:21,6/7/16,9:21:36,0.39,18,0.32
Protection,Evelyn_downs,Timalees,Dingo,Protected,Low,6/7/16 9:21,6/7/16,9:21:36,0.39,18,0.32
Protection,Evelyn_downs,Timalees,Dingo,Protected,Low,6/7/16 9:21,6/7/16,9:21:36,0.39,18,0.32
Protection,Evelyn_downs,Timalees,Dingo,Protected,Low,6/7/16 9:21,6/7/16,9:21:36,0.39,18,0.32
Protection,Evelyn_downs,Timalees,Dingo,Protected,Low,6/7/16 9:21,6/7/16,9:21:36,0.39,18,0.32
Protection,Evelyn_downs,Timalees,Dingo,Protected,Low,6/7/16 9:21,6/7/16,9:21:36,0.39,18,0.32
Protection,Evelyn_downs,Timalees,Dingo,Protected,Low,6/7/16 9:21,6/7/16,9:21:36,0.39,18,0.32
Protection,Evelyn_downs,Timalees,Dingo,Protected,Low,6/7/16 9:21,6/7/16,9:21:36,0.39,18,0.32
Protection,Evelyn_downs,Timalees,Dingo,Protected,Low,6/7/16 9:21,6/7/16,9:21:36,0.39,18,0.32
Protection,Evelyn_downs,Timalees,Dingo,Protected,Low,6/7/16 9:36,6/7/16,9:36:00,0.4,18,0.33
Protection,Evelyn_downs,Timalees,Dingo,Protected,Low,1/7/16 10:48,1/7/16,10:48:00,0.45,18,0.39
Protection,Evelyn_downs,Timalees,Dingo,Protected,Low,1/7/16 10:48,1/7/16,10:48:00,0.45,18,0.39
Protection,Evelyn_downs,Timalees,Dingo,Protected,Low,1/7/16 10:48,1/7/16,10:48:00,0.45,18,0.39
Protection,Evelyn_downs,Timalees,Dingo,Protected,Low,1/7/16 12:28,1/7/16,12:28:48,0.52,18,0.47
Protection,Evelyn_downs,Timalees,Dingo,Protected,Low,1/7/16 12:28,1/7/16,12:28:48,0.52,18,0.47
Protection,Evelyn_downs,Timalees,Dingo,Protected,Low,17/6/18 18:14,17/6/18,18:14:24,0.76,18,0.75
Protection,Evelyn_downs,Timalees,Dingo,Protected,Low,17/6/18 18:14,17/6/18,18:14:24,0.76,18,0.75
Protection,Evelyn_downs,Timalees,Dingo,Protected,Low,17/6/18 18:28,17/6/18,18:28:48,0.77,18,0.76
Protection,Evelyn_downs,Timalees,Dingo,Protected,Low,17/6/18 18:28,17/6/18,18:28:48,0.77,18,0.76
Protection,Evelyn_downs,Timalees,Dingo,Protected,Low,24/6/17 18:57,24/6/17,18:57:36,0.79,18,0.78
Protection,Evelyn_downs,Timalees,Dingo,Protected,Low,24/6/17 18:57,24/6/17,18:57:36,0.79,18,0.78
Protection,Evelyn_downs,Timalees,Dingo,Protected,Low,24/6/17 19:12,24/6/17,19:12:00,0.8,18,0.79
Protection,Evelyn_downs,Timalees,Dingo,Protected,Low,24/6/17 19:12,24/6/17,19:12:00,0.8,18,0.79
Protection,Evelyn_downs,Timalees,Dingo,Protected,Low,24/6/17 19:12,24/6/17,19:12:00,0.8,18,0.79
Protection,Evelyn_downs,Timalees,Dingo,Protected,Low,24/6/17 19:12,24/6/17,19:12:00,0.8,18,0.79
Protection,Evelyn_downs,Timalees,Dingo,Protected,Low,24/6/17 19:12,24/6/17,19:12:00,0.8,18,0.79
Protection,Evelyn_downs,Timalees,Dingo,Protected,Low,24/6/17 19:12,24/6/17,19:12:00,0.8,18,0.79
Protection,Evelyn_downs,Timalees,Dingo,Protected,Low,24/6/17 19:12,24/6/17,19:12:00,0.8,18,0.79
Protection,Evelyn_downs,Timalees,Dingo,Protected,Low,24/6/17 19:12,24/6/17,19:12:00,0.8,18,0.79
Protection,Evelyn_downs,Timalees,Dingo,Protected,Low,25/6/17 19:12,25/6/17,19:12:00,0.8,18,0.79
Protection,Evelyn_downs,Timalees,Dingo,Protected,Low,25/6/17 19:12,25/6/17,19:12:00,0.8,18,0.79
Protection,Evelyn_downs,Timalees,Dingo,Protected,Low,25/6/17 19:12,25/6/17,19:12:00,0.8,18,0.79
Protection,Evelyn_downs,Timalees,Dingo,Protected,Low,25/6/17 19:12,25/6/17,19:12:00,0.8,18,0.79
Protection,Evelyn_downs,Timalees,Dingo,Protected,Low,25/6/17 19:12,25/6/17,19:12:00,0.8,18,0.79
Protection,Evelyn_downs,Timalees,Dingo,Protected,Low,25/6/17 19:12,25/6/17,19:12:00,0.8,18,0.79
Protection,Evelyn_downs,Timalees,Dingo,Protected,Low,25/6/17 19:12,25/6/17,19:12:00,0.8,18,0.79
Protection,Evelyn_downs,Timalees,Dingo,Protected,Low,25/6/17 19:12,25/6/17,19:12:00,0.8,18,0.79
Protection,Evelyn_downs,Timalees,Dingo,Protected,Low,4/6/18 19:26,4/6/18,19:26:24,0.81,18,0.79
Protection,Evelyn_downs,Timalees,Dingo,Protected,Low,4/6/18 19:26,4/6/18,19:26:24,0.81,18,0.79
Protection,Evelyn_downs,Timalees,Dingo,Protected,Low,24/6/17 19:40,24/6/17,19:40:48,0.82,18,0.8
Protection,Evelyn_downs,Timalees,Dingo,Protected,Low,24/6/17 19:40,24/6/17,19:40:48,0.82,18,0.8
Protection,Evelyn_downs,Timalees,Dingo,Protected,Low,24/6/17 19:40,24/6/17,19:40:48,0.82,18,0.8
Protection,Evelyn_downs,Timalees,Dingo,Protected,Low,24/6/17 19:40,24/6/17,19:40:48,0.82,18,0.8
Protection,Evelyn_downs,Timalees,Dingo,Protected,Low,24/6/17 19:40,24/6/17,19:40:48,0.82,18,0.8
Protection,Evelyn_downs,Timalees,Dingo,Protected,Low,25/6/17 20:09,25/6/17,20:09:36,0.84,18,0.82
Protection,Evelyn_downs,Timalees,Dingo,Protected,Low,25/6/17 20:09,25/6/17,20:09:36,0.84,18,0.82
Protection,Evelyn_downs,Timalees,Dingo,Protected,Low,25/6/17 20:09,25/6/17,20:09:36,0.84,18,0.82
Protection,Evelyn_downs,Timalees,Dingo,Protected,Low,24/6/17 20:24,24/6/17,20:24:00,0.85,18,0.83
Protection,Evelyn_downs,Timalees,Dingo,Protected,Low,24/6/17 20:24,24/6/17,20:24:00,0.85,18,0.83
Protection,Evelyn_downs,Timalees,Dingo,Protected,Low,25/6/17 20:24,25/6/17,20:24:00,0.85,18,0.83
Protection,Evelyn_downs,Timalees,Dingo,Protected,Low,25/6/17 20:24,25/6/17,20:24:00,0.85,18,0.83
Protection,Evelyn_downs,Timalees,Dingo,Protected,Low,25/6/17 20:24,25/6/17,20:24:00,0.85,18,0.83
Protection,Evelyn_downs,Timalees,Dingo,Protected,Low,3/7/16 20:52,3/7/16,20:52:48,0.87,18,0.84
Protection,Evelyn_downs,Timalees,Dingo,Protected,Low,3/7/16 20:52,3/7/16,20:52:48,0.87,18,0.84
Protection,Evelyn_downs,Timalees,Dingo,Protected,Low,3/7/16 20:52,3/7/16,20:52:48,0.87,18,0.84
Protection,Evelyn_downs,Timalees,Dingo,Protected,Low,3/7/16 20:52,3/7/16,20:52:48,0.87,18,0.84
Protection,Evelyn_downs,Timalees,Dingo,Protected,Low,24/6/17 21:07,24/6/17,21:07:12,0.88,18,0.86
Protection,Evelyn_downs,Timalees,Dingo,Protected,Low,29/6/16 22:19,29/6/16,22:19:12,0.93,18,0.9
Protection,Evelyn_downs,Timalees,Dingo,Protected,Low,29/6/16 22:19,29/6/16,22:19:12,0.93,18,0.9
Protection,Evelyn_downs,Timalees,Dingo,Protected,Low,29/6/16 22:19,29/6/16,22:19:12,0.93,18,0.9
Protection,Evelyn_downs,Timalees,Dingo,Protected,Low,29/6/16 22:19,29/6/16,22:19:12,0.93,18,0.9
Protection,Evelyn_downs,Timalees,Dingo,Protected,Low,29/6/16 22:19,29/6/16,22:19:12,0.93,18,0.9
Protection,Evelyn_downs,Timalees,Dingo,Protected,Low,29/6/16 22:19,29/6/16,22:19:12,0.93,18,0.9
Protection,Evelyn_downs,Timalees,Dingo,Protected,Low,29/6/16 22:19,29/6/16,22:19:12,0.93,18,0.9
Protection,Evelyn_downs,Timalees,Dingo,Protected,Low,29/6/16 22:19,29/6/16,22:19:12,0.93,18,0.9
Protection,Evelyn_downs,Timalees,Dingo,Protected,Low,29/6/16 22:19,29/6/16,22:19:12,0.93,18,0.9
Protection,Evelyn_downs,Timalees,Dingo,Protected,Low,29/6/16 22:19,29/6/16,22:19:12,0.93,18,0.9
Protection,Evelyn_downs,Timalees,Dingo,Protected,Low,29/6/16 22:19,29/6/16,22:19:12,0.93,18,0.9
Protection,Evelyn_downs,Timalees,Dingo,Protected,Low,29/6/16 22:19,29/6/16,22:19:12,0.93,18,0.9
Protection,Evelyn_downs,Timalees,Fox,Protected,Low,18/6/18 23:31,18/6/18,23:31:12,0.98,18,0.94
Protection,Evelyn_downs,Timalees,Dingo,Protected,Low,4/7/16 0:28,4/7/16,0:28:48,0.02,18,0.97
Protection,Evelyn_downs,Timalees,Dingo,Protected,Low,4/7/16 0:28,4/7/16,0:28:48,0.02,18,0.97
Protection,Evelyn_downs,Timalees,Dingo,Protected,Low,4/7/16 0:28,4/7/16,0:28:48,0.02,18,0.97
Protection,Evelyn_downs,Timalees,Fox,Protected,Low,2/7/17 0:43,2/7/17,0:43:12,0.03,18,0.98
Protection,Evelyn_downs,Timalees,Fox,Protected,Low,2/7/17 0:43,2/7/17,0:43:12,0.03,18,0.98
Protection,Evelyn_downs,Timalees,Fox,Protected,Low,2/7/17 0:43,2/7/17,0:43:12,0.03,18,0.98
Protection,Evelyn_downs,Timalees,Fox,Protected,Low,2/7/17 0:43,2/7/17,0:43:12,0.03,18,0.98
Protection,Evelyn_downs,Timalees,Fox,Protected,Low,2/7/17 0:43,2/7/17,0:43:12,0.03,18,0.98
Protection,Evelyn_downs,Timalees,Fox,Protected,Low,2/7/17 0:43,2/7/17,0:43:12,0.03,18,0.98
Protection,Evelyn_downs,Timalees,Dingo,Protected,Low,11/6/18 0:43,11/6/18,0:43:12,0.03,18,0.99
Protection,Evelyn_downs,Timalees,Dingo,Protected,Low,11/6/18 0:43,11/6/18,0:43:12,0.03,18,0.99
Protection,Evelyn_downs,Timalees,Dingo,Protected,Low,11/6/18 0:43,11/6/18,0:43:12,0.03,18,0.99
Protection,Evelyn_downs,Timalees,Dingo,Protected,Low,11/6/18 0:43,11/6/18,0:43:12,0.03,18,0.99
Protection,Evelyn_downs,Timalees,Dingo,Protected,Low,11/6/18 0:43,11/6/18,0:43:12,0.03,18,0.99
Protection,Evelyn_downs,Timalees,Fox,Protected,Low,30/6/17 0:43,30/6/17,0:43:12,0.03,18,0.99
Protection,Evelyn_downs,Timalees,Fox,Protected,Low,30/6/17 0:43,30/6/17,0:43:12,0.03,18,0.99
Protection,Evelyn_downs,Timalees,Fox,Protected,Low,30/6/17 0:43,30/6/17,0:43:12,0.03,18,0.99
Protection,Evelyn_downs,Timalees,Fox,Protected,Low,30/6/17 0:43,30/6/17,0:43:12,0.03,18,0.99
Protection,Evelyn_downs,Timalees,Fox,Protected,Low,30/6/17 0:43,30/6/17,0:43:12,0.03,18,0.99
Protection,Evelyn_downs,Timalees,Fox,Protected,Low,30/6/17 0:43,30/6/17,0:43:12,0.03,18,0.99
Protection,Evelyn_downs,Timalees,Fox,Protected,Low,30/6/17 0:43,30/6/17,0:43:12,0.03,18,0.99
Protection,Evelyn_downs,Timalees,Fox,Protected,Low,30/6/17 0:57,30/6/17,0:57:36,0.04,18,1
Protection,Evelyn_downs,Timalees,Fox,Protected,Low,30/6/17 0:57,30/6/17,0:57:36,0.04,18,1
Protection,Evelyn_downs,Timalees,Fox,Protected,Low,30/6/17 0:57,30/6/17,0:57:36,0.04,18,1
Protection,Evelyn_downs,Timalees,Fox,Protected,Low,30/6/17 0:57,30/6/17,0:57:36,0.04,18,1
Protection,Evelyn_downs,Timalees,Fox,Protected,Low,30/6/17 0:57,30/6/17,0:57:36,0.04,18,1
Protection,Evelyn_downs,Timalees,Fox,Protected,Low,30/6/17 0:57,30/6/17,0:57:36,0.04,18,1
Protection,Evelyn_downs,Timalees,Fox,Protected,Low,30/6/17 0:57,30/6/17,0:57:36,0.04,18,1
Protection,Evelyn_downs,Timalees,Fox,Protected,Low,30/6/17 0:57,30/6/17,0:57:36,0.04,18,1
Protection,Mourachan,1000_Acre,Fox,Protected,High,7/10/20 1:26,7/10/20,1:26:24,0.06,398,0.07
Protection,Mourachan,1000_Acre,Dingo,Protected,High,24/11/19 5:16,24/11/19,5:16:48,0.22,398,0.25
Protection,Mourachan,1000_Acre,Dingo,Protected,High,31/12/19 5:45,31/12/19,5:45:36,0.24,398,0.27
Protection,Mourachan,1000_Acre,Dingo,Protected,High,4/12/19 6:14,4/12/19,6:14:24,0.26,398,0.29
Protection,Mourachan,1000_Acre,Dingo,Protected,High,10/11/20 6:14,10/11/20,6:14:24,0.26,398,0.29
Protection,Mourachan,1000_Acre,Dingo,Protected,High,28/11/19 6:43,28/11/19,6:43:12,0.28,398,0.31
Protection,Mourachan,1000_Acre,Dingo,Protected,High,21/11/19 9:21,21/11/19,9:21:36,0.39,398,0.4
Protection,Mourachan,1000_Acre,Dingo,Protected,High,21/11/19 9:21,21/11/19,9:21:36,0.39,398,0.4
Protection,Mourachan,1000_Acre,Dingo,Protected,High,21/11/19 9:21,21/11/19,9:21:36,0.39,398,0.4
Protection,Mourachan,1000_Acre,Dingo,Protected,High,21/11/19 9:21,21/11/19,9:21:36,0.39,398,0.4
Protection,Mourachan,1000_Acre,Dingo,Protected,High,21/11/19 9:21,21/11/19,9:21:36,0.39,398,0.4
Protection,Mourachan,1000_Acre,Dingo,Protected,High,20/11/19 11:45,20/11/19,11:45:36,0.49,398,0.49
Protection,Mourachan,1000_Acre,Dingo,Protected,High,20/11/19 11:45,20/11/19,11:45:36,0.49,398,0.49
Protection,Mourachan,1000_Acre,Dingo,Protected,High,20/11/19 11:45,20/11/19,11:45:36,0.49,398,0.49
Protection,Mourachan,1000_Acre,Dingo,Protected,High,20/11/19 11:45,20/11/19,11:45:36,0.49,398,0.49
Protection,Mourachan,1000_Acre,Dingo,Protected,High,20/11/19 11:45,20/11/19,11:45:36,0.49,398,0.49
Protection,Mourachan,1000_Acre,Dingo,Protected,High,20/11/19 11:45,20/11/19,11:45:36,0.49,398,0.49
Protection,Mourachan,1000_Acre,Dingo,Protected,High,20/10/20 16:33,20/10/20,16:33:36,0.69,398,0.68
Protection,Mourachan,1000_Acre,Dingo,Protected,High,29/11/19 17:31,29/11/19,17:31:12,0.73,398,0.7
Protection,Mourachan,1000_Acre,Dingo,Protected,High,10/1/20 18:28,10/1/20,18:28:48,0.77,398,0.72
Protection,Mourachan,1000_Acre,Dingo,Protected,High,10/1/20 18:28,10/1/20,18:28:48,0.77,398,0.72
Protection,Mourachan,1000_Acre,Dingo,Protected,High,5/1/20 19:12,5/1/20,19:12:00,0.8,398,0.75
Protection,Mourachan,1000_Acre,Dingo,Protected,High,5/1/20 19:12,5/1/20,19:12:00,0.8,398,0.75
Protection,Mourachan,1000_Acre,Dingo,Protected,High,26/8/20 18:00,26/8/20,18:00:00,0.75,398,0.76
Protection,Mourachan,1000_Acre,Dingo,Protected,High,26/8/20 18:00,26/8/20,18:00:00,0.75,398,0.76
Protection,Mourachan,1000_Acre,Dingo,Protected,High,21/11/19 22:19,21/11/19,22:19:12,0.93,398,0.92
Protection,Mourachan,1000_Acre,Fox,Protected,High,3/12/19 23:31,3/12/19,23:31:12,0.98,398,0.97
Protection,Mourachan,1000_Acre,Fox,Protected,High,3/12/19 23:31,3/12/19,23:31:12,0.98,398,0.97
Protection,Mourachan,1000_Acre,Fox,Protected,High,3/12/19 23:31,3/12/19,23:31:12,0.98,398,0.97
Protection,Mourachan,1000_Acre,Fox,Protected,High,3/12/19 23:31,3/12/19,23:31:12,0.98,398,0.97
Protection,Mourachan,Black_Swan,Dingo,Protected,High,25/1/20 5:02,25/1/20,5:02:24,0.21,393,0.22
Protection,Mourachan,Black_Swan,Dingo,Protected,High,25/1/20 5:02,25/1/20,5:02:24,0.21,393,0.22
Protection,Mourachan,Black_Swan,Dingo,Protected,High,3/1/20 5:02,3/1/20,5:02:24,0.21,393,0.22
Protection,Mourachan,Black_Swan,Dingo,Protected,High,3/1/20 5:02,3/1/20,5:02:24,0.21,393,0.22
Protection,Mourachan,Black_Swan,Dingo,Protected,High,5/12/19 7:26,5/12/19,7:26:24,0.31,393,0.33
Protection,Mourachan,Black_Swan,Dingo,Protected,High,2/1/20 10:33,2/1/20,10:33:36,0.44,393,0.43
Protection,Mourachan,Black_Swan,Dingo,Protected,High,2/12/19 12:28,2/12/19,12:28:48,0.52,393,0.51
Protection,Mourachan,Black_Swan,Dingo,Protected,High,28/11/19 12:28,28/11/19,12:28:48,0.52,393,0.52
Protection,Mourachan,Black_Swan,Dingo,Protected,High,28/11/19 12:57,28/11/19,12:57:36,0.54,393,0.54
Protection,Mourachan,Black_Swan,Dingo,Protected,High,29/11/19 13:55,29/11/19,13:55:12,0.58,393,0.57
Protection,Mourachan,Black_Swan,Dingo,Protected,High,18/12/19 18:57,18/12/19,18:57:36,0.79,393,0.74
Protection,Mourachan,Black_Swan,Dingo,Protected,High,31/12/19 18:57,31/12/19,18:57:36,0.79,393,0.74
Protection,Mourachan,Black_Swan,Dingo,Protected,High,31/12/19 18:57,31/12/19,18:57:36,0.79,393,0.74
Protection,Mourachan,Black_Swan,Dingo,Protected,High,31/12/19 18:57,31/12/19,18:57:36,0.79,393,0.74
Protection,Mourachan,Black_Swan,Dingo,Protected,High,31/12/19 18:57,31/12/19,18:57:36,0.79,393,0.74
Protection,Mourachan,Black_Swan,Fox,Protected,High,31/12/19 21:21,31/12/19,21:21:36,0.89,393,0.86
Protection,Mourachan,Black_Swan,Fox,Protected,High,31/12/19 21:21,31/12/19,21:21:36,0.89,393,0.86
Protection,Mourachan,Black_Swan,Fox,Protected,High,31/12/19 21:21,31/12/19,21:21:36,0.89,393,0.86
Protection,Mourachan,Bobs_Billy,Dingo,Protected,High,1/11/20 0:57,1/11/20,0:57:36,0.04,395,0.05
Protection,Mourachan,Bobs_Billy,Dingo,Protected,High,1/11/20 0:57,1/11/20,0:57:36,0.04,395,0.05
Protection,Mourachan,Bobs_Billy,Dingo,Protected,High,1/11/20 0:57,1/11/20,0:57:36,0.04,395,0.05
Protection,Mourachan,Bobs_Billy,Dingo,Protected,High,8/12/20 4:48,8/12/20,4:48:00,0.2,395,0.23
Protection,Mourachan,Bobs_Billy,Dingo,Protected,High,26/10/20 5:16,26/10/20,5:16:48,0.22,395,0.24
Protection,Mourachan,Bobs_Billy,Dingo,Protected,High,8/12/20 5:02,8/12/20,5:02:24,0.21,395,0.24
Protection,Mourachan,Bobs_Billy,Dingo,Protected,High,8/12/20 5:02,8/12/20,5:02:24,0.21,395,0.24
Protection,Mourachan,Bobs_Billy,Dingo,Protected,High,14/12/20 5:16,14/12/20,5:16:48,0.22,395,0.25
Protection,Mourachan,Bobs_Billy,Dingo,Protected,High,3/12/20 5:16,3/12/20,5:16:48,0.22,395,0.25
Protection,Mourachan,Bobs_Billy,Dingo,Protected,High,14/9/20 6:14,14/9/20,6:14:24,0.26,395,0.26
Protection,Mourachan,Bobs_Billy,Dingo,Protected,High,30/11/20 5:31,30/11/20,5:31:12,0.23,395,0.26
Protection,Mourachan,Bobs_Billy,Dingo,Protected,High,31/10/20 7:40,31/10/20,7:40:48,0.32,395,0.33
Protection,Mourachan,Bobs_Billy,Dingo,Protected,High,20/11/19 8:24,20/11/19,8:24:00,0.35,395,0.37
Protection,Mourachan,Bobs_Billy,Dingo,Protected,High,20/11/19 8:24,20/11/19,8:24:00,0.35,395,0.37
Protection,Mourachan,Bobs_Billy,Dingo,Protected,High,20/11/19 8:24,20/11/19,8:24:00,0.35,395,0.37
Protection,Mourachan,Bobs_Billy,Dingo,Protected,High,20/11/19 8:24,20/11/19,8:24:00,0.35,395,0.37
Protection,Mourachan,Bobs_Billy,Dingo,Protected,High,20/11/19 8:24,20/11/19,8:24:00,0.35,395,0.37
Protection,Mourachan,Bobs_Billy,Dingo,Protected,High,20/11/19 8:24,20/11/19,8:24:00,0.35,395,0.37
Protection,Mourachan,Bobs_Billy,Dingo,Protected,High,20/11/19 8:24,20/11/19,8:24:00,0.35,395,0.37
Protection,Mourachan,Bobs_Billy,Dingo,Protected,High,20/11/19 8:24,20/11/19,8:24:00,0.35,395,0.37
Protection,Mourachan,Bobs_Billy,Dingo,Protected,High,20/11/19 8:24,20/11/19,8:24:00,0.35,395,0.37
Protection,Mourachan,Bobs_Billy,Dingo,Protected,High,20/11/19 8:24,20/11/19,8:24:00,0.35,395,0.37
Protection,Mourachan,Bobs_Billy,Dingo,Protected,High,20/11/19 8:24,20/11/19,8:24:00,0.35,395,0.37
Protection,Mourachan,Bobs_Billy,Dingo,Protected,High,20/11/19 8:24,20/11/19,8:24:00,0.35,395,0.37
Protection,Mourachan,Bobs_Billy,Dingo,Protected,High,20/11/19 8:24,20/11/19,8:24:00,0.35,395,0.37
Protection,Mourachan,Bobs_Billy,Dingo,Protected,High,24/9/20 9:21,24/9/20,9:21:36,0.39,395,0.39
Protection,Mourachan,Bobs_Billy,Fox,Protected,High,24/11/19 9:21,24/11/19,9:21:36,0.39,105,0.4
Protection,Mourachan,Bobs_Billy,Fox,Protected,High,24/11/19 9:21,24/11/19,9:21:36,0.39,105,0.4
Protection,Mourachan,Bobs_Billy,Dingo,Protected,High,14/9/20 10:48,14/9/20,10:48:00,0.45,395,0.45
Protection,Mourachan,Bobs_Billy,Dingo,Protected,High,14/9/20 10:48,14/9/20,10:48:00,0.45,395,0.45
Protection,Mourachan,Bobs_Billy,Dingo,Protected,High,14/9/20 10:48,14/9/20,10:48:00,0.45,395,0.45
Protection,Mourachan,Bobs_Billy,Dingo,Protected,High,14/9/20 10:48,14/9/20,10:48:00,0.45,395,0.45
Protection,Mourachan,Bobs_Billy,Dingo,Protected,High,15/12/20 11:02,15/12/20,11:02:24,0.46,395,0.46
Protection,Mourachan,Bobs_Billy,Dingo,Protected,High,21/11/19 15:21,21/11/19,15:21:36,0.64,395,0.62
Protection,Mourachan,Bobs_Billy,Dingo,Protected,High,1/12/20 16:33,1/12/20,16:33:36,0.69,395,0.66
Protection,Mourachan,Bobs_Billy,Dingo,Protected,High,1/12/20 16:33,1/12/20,16:33:36,0.69,395,0.66
Protection,Mourachan,Bobs_Billy,Dingo,Protected,High,18/11/20 16:19,18/11/20,16:19:12,0.68,395,0.66
Protection,Mourachan,Bobs_Billy,Dingo,Protected,High,20/11/19 16:19,20/11/19,16:19:12,0.68,395,0.66
Protection,Mourachan,Bobs_Billy,Dingo,Protected,High,20/11/19 16:19,20/11/19,16:19:12,0.68,395,0.66
Protection,Mourachan,Bobs_Billy,Dingo,Protected,High,20/11/19 16:19,20/11/19,16:19:12,0.68,395,0.66
Protection,Mourachan,Bobs_Billy,Dingo,Protected,High,20/11/19 16:19,20/11/19,16:19:12,0.68,395,0.66
Protection,Mourachan,Bobs_Billy,Dingo,Protected,High,20/11/19 16:19,20/11/19,16:19:12,0.68,395,0.66
Protection,Mourachan,Bobs_Billy,Dingo,Protected,High,20/11/19 16:19,20/11/19,16:19:12,0.68,395,0.66
Protection,Mourachan,Bobs_Billy,Dingo,Protected,High,7/12/20 16:48,7/12/20,16:48:00,0.7,395,0.67
Protection,Mourachan,Bobs_Billy,Dingo,Protected,High,24/11/20 17:02,24/11/20,17:02:24,0.71,395,0.69
Protection,Mourachan,Bobs_Billy,Dingo,Protected,High,18/12/20 17:31,18/12/20,17:31:12,0.73,395,0.69
Protection,Mourachan,Bobs_Billy,Dingo,Protected,High,18/12/20 17:31,18/12/20,17:31:12,0.73,395,0.69
Protection,Mourachan,Bobs_Billy,Dingo,Protected,High,18/12/20 17:31,18/12/20,17:31:12,0.73,395,0.69
Protection,Mourachan,Bobs_Billy,Dingo,Protected,High,18/12/20 17:31,18/12/20,17:31:12,0.73,395,0.69
Protection,Mourachan,Bobs_Billy,Dingo,Protected,High,18/12/20 17:31,18/12/20,17:31:12,0.73,395,0.69
Protection,Mourachan,Bobs_Billy,Dingo,Protected,High,18/12/20 17:31,18/12/20,17:31:12,0.73,395,0.69
Protection,Mourachan,Bobs_Billy,Dingo,Protected,High,18/12/20 17:31,18/12/20,17:31:12,0.73,395,0.69
Protection,Mourachan,Bobs_Billy,Dingo,Protected,High,2/12/20 18:14,2/12/20,18:14:24,0.76,395,0.72
Protection,Mourachan,Bobs_Billy,Dingo,Protected,High,2/12/20 18:14,2/12/20,18:14:24,0.76,395,0.72
Protection,Mourachan,Bobs_Billy,Dingo,Protected,High,2/12/20 18:14,2/12/20,18:14:24,0.76,395,0.72
Protection,Mourachan,Bobs_Billy,Dingo,Protected,High,2/12/20 18:14,2/12/20,18:14:24,0.76,395,0.72
Protection,Mourachan,Bobs_Billy,Dingo,Protected,High,2/12/20 18:57,2/12/20,18:57:36,0.79,395,0.74
Protection,Mourachan,Bobs_Billy,Dingo,Protected,High,2/12/20 18:57,2/12/20,18:57:36,0.79,395,0.74
Protection,Mourachan,Bobs_Billy,Dingo,Protected,High,2/12/20 19:26,2/12/20,19:26:24,0.81,395,0.76
Protection,Mourachan,Bobs_Billy,Dingo,Protected,High,2/12/20 19:26,2/12/20,19:26:24,0.81,395,0.76
Protection,Mourachan,Bobs_Billy,Fox,Protected,High,4/10/20 19:26,4/10/20,19:26:24,0.81,105,0.8
Protection,Mourachan,Bobs_Billy,Fox,Protected,High,4/10/20 19:26,4/10/20,19:26:24,0.81,105,0.8
Protection,Mourachan,Bobs_Billy,Dingo,Protected,High,24/10/20 19:40,24/10/20,19:40:48,0.82,395,0.81
Protection,Mourachan,Bobs_Billy,Dingo,Protected,High,24/10/20 19:40,24/10/20,19:40:48,0.82,395,0.81
Protection,Mourachan,Bobs_Billy,Fox,Protected,High,21/11/19 20:24,21/11/19,20:24:00,0.85,105,0.83
Protection,Mourachan,Bobs_Billy,Fox,Protected,High,21/11/19 20:24,21/11/19,20:24:00,0.85,105,0.83
Protection,Mourachan,Bobs_Billy,Fox,Protected,High,21/11/19 20:24,21/11/19,20:24:00,0.85,105,0.83
Protection,Mourachan,Bobs_Billy,Fox,Protected,High,21/11/19 20:24,21/11/19,20:24:00,0.85,105,0.83
Protection,Mourachan,Bobs_Billy,Fox,Protected,High,21/11/19 20:24,21/11/19,20:24:00,0.85,105,0.83
Protection,Mourachan,Bobs_Billy,Fox,Protected,High,21/11/19 20:24,21/11/19,20:24:00,0.85,105,0.83
Protection,Mourachan,Bobs_Billy,Fox,Protected,High,21/11/19 20:24,21/11/19,20:24:00,0.85,105,0.83
Protection,Mourachan,Bobs_Billy,Fox,Protected,High,21/11/19 20:24,21/11/19,20:24:00,0.85,105,0.83
Protection,Mourachan,Bobs_Billy,Fox,Protected,High,21/11/19 20:24,21/11/19,20:24:00,0.85,105,0.83
Protection,Mourachan,Bobs_Billy,Fox,Protected,High,23/11/19 21:07,23/11/19,21:07:12,0.88,105,0.86
Protection,Mourachan,Bobs_Billy,Fox,Protected,High,23/11/19 21:07,23/11/19,21:07:12,0.88,105,0.86
Protection,Mourachan,Bonza,Dingo,Protected,High,9/11/20 2:52,9/11/20,2:52:48,0.12,391,0.14
Protection,Mourachan,Bonza,Dingo,Protected,High,9/11/20 2:52,9/11/20,2:52:48,0.12,391,0.14
Protection,Mourachan,Bonza,Dingo,Protected,High,9/11/20 2:52,9/11/20,2:52:48,0.12,391,0.14
Protection,Mourachan,Bonza,Dingo,Protected,High,9/11/20 2:52,9/11/20,2:52:48,0.12,391,0.14
Protection,Mourachan,Bonza,Dingo,Protected,High,9/11/20 2:52,9/11/20,2:52:48,0.12,391,0.14
Protection,Mourachan,Bonza,Dingo,Protected,High,9/11/20 2:52,9/11/20,2:52:48,0.12,391,0.14
Protection,Mourachan,Bonza,Dingo,Protected,High,9/11/20 2:52,9/11/20,2:52:48,0.12,391,0.14
Protection,Mourachan,Bonza,Dingo,Protected,High,9/11/20 2:52,9/11/20,2:52:48,0.12,391,0.14
Protection,Mourachan,Bonza,Dingo,Protected,High,9/11/20 2:52,9/11/20,2:52:48,0.12,391,0.14
Protection,Mourachan,Bonza,Dingo,Protected,High,9/11/20 2:52,9/11/20,2:52:48,0.12,391,0.14
Protection,Mourachan,Bonza,Dingo,Protected,High,9/11/20 2:52,9/11/20,2:52:48,0.12,391,0.14
Protection,Mourachan,Bonza,Dingo,Protected,High,9/12/20 4:19,9/12/20,4:19:12,0.18,391,0.21
Protection,Mourachan,Bonza,Dingo,Protected,High,28/11/20 5:02,28/11/20,5:02:24,0.21,391,0.24
Protection,Mourachan,Bonza,Dingo,Protected,High,6/12/20 5:31,6/12/20,5:31:12,0.23,391,0.26
Protection,Mourachan,Bonza,Dingo,Protected,High,6/12/20 5:31,6/12/20,5:31:12,0.23,391,0.26
Protection,Mourachan,Bonza,Dingo,Protected,High,14/9/20 6:43,14/9/20,6:43:12,0.28,391,0.28
Protection,Mourachan,Bonza,Dingo,Protected,High,14/12/20 6:14,14/12/20,6:14:24,0.26,391,0.29
Protection,Mourachan,Bonza,Dingo,Protected,High,14/12/20 6:14,14/12/20,6:14:24,0.26,391,0.29
Protection,Mourachan,Bonza,Dingo,Protected,High,14/12/20 6:14,14/12/20,6:14:24,0.26,391,0.29
Protection,Mourachan,Bonza,Dingo,Protected,High,14/12/20 6:14,14/12/20,6:14:24,0.26,391,0.29
Protection,Mourachan,Bonza,Dingo,Protected,High,14/12/20 6:14,14/12/20,6:14:24,0.26,391,0.29
Protection,Mourachan,Bonza,Dingo,Protected,High,14/12/20 6:14,14/12/20,6:14:24,0.26,391,0.29
Protection,Mourachan,Bonza,Dingo,Protected,High,14/12/20 6:14,14/12/20,6:14:24,0.26,391,0.29
Protection,Mourachan,Bonza,Dingo,Protected,High,14/12/20 6:14,14/12/20,6:14:24,0.26,391,0.29
Protection,Mourachan,Bonza,Dingo,Protected,High,14/12/20 6:14,14/12/20,6:14:24,0.26,391,0.29
Protection,Mourachan,Bonza,Dingo,Protected,High,14/12/20 6:14,14/12/20,6:14:24,0.26,391,0.29
Protection,Mourachan,Bonza,Dingo,Protected,High,14/12/20 6:14,14/12/20,6:14:24,0.26,391,0.29
Protection,Mourachan,Bonza,Dingo,Protected,High,14/12/20 6:14,14/12/20,6:14:24,0.26,391,0.29
Protection,Mourachan,Bonza,Dingo,Protected,High,14/12/20 6:14,14/12/20,6:14:24,0.26,391,0.29
Protection,Mourachan,Bonza,Dingo,Protected,High,14/12/20 6:14,14/12/20,6:14:24,0.26,391,0.29
Protection,Mourachan,Bonza,Dingo,Protected,High,14/12/20 6:14,14/12/20,6:14:24,0.26,391,0.29
Protection,Mourachan,Bonza,Dingo,Protected,High,14/12/20 6:28,14/12/20,6:28:48,0.27,391,0.3
Protection,Mourachan,Bonza,Dingo,Protected,High,14/12/20 6:28,14/12/20,6:28:48,0.27,391,0.3
Protection,Mourachan,Bonza,Dingo,Protected,High,14/12/20 6:28,14/12/20,6:28:48,0.27,391,0.3
Protection,Mourachan,Bonza,Dingo,Protected,High,14/12/20 6:28,14/12/20,6:28:48,0.27,391,0.3
Protection,Mourachan,Bonza,Dingo,Protected,High,14/12/20 6:28,14/12/20,6:28:48,0.27,391,0.3
Protection,Mourachan,Bonza,Dingo,Protected,High,14/12/20 6:43,14/12/20,6:43:12,0.28,391,0.3
Protection,Mourachan,Bonza,Dingo,Protected,High,14/12/20 6:57,14/12/20,6:57:36,0.29,391,0.31
Protection,Mourachan,Bonza,Dingo,Protected,High,14/12/20 6:57,14/12/20,6:57:36,0.29,391,0.31
Protection,Mourachan,Bonza,Dingo,Protected,High,6/12/20 8:38,6/12/20,8:38:24,0.36,391,0.37
Protection,Mourachan,Bonza,Dingo,Protected,High,6/12/20 8:52,6/12/20,8:52:48,0.37,391,0.38
Protection,Mourachan,Bonza,Dingo,Protected,High,2/12/20 9:21,2/12/20,9:21:36,0.39,391,0.4
Protection,Mourachan,Bonza,Dingo,Protected,High,18/11/20 9:36,18/11/20,9:36:00,0.4,391,0.41
Protection,Mourachan,Bonza,Dingo,Protected,High,18/11/20 9:36,18/11/20,9:36:00,0.4,391,0.41
Protection,Mourachan,Bonza,Dingo,Protected,High,2/12/20 10:33,2/12/20,10:33:36,0.44,391,0.44
Protection,Mourachan,Bonza,Dingo,Protected,High,2/12/20 10:33,2/12/20,10:33:36,0.44,391,0.44
Protection,Mourachan,Bonza,Dingo,Protected,High,27/11/20 11:16,27/11/20,11:16:48,0.47,391,0.47
Protection,Mourachan,Bonza,Dingo,Protected,High,27/11/20 11:16,27/11/20,11:16:48,0.47,391,0.47
Protection,Mourachan,Bonza,Dingo,Protected,High,27/11/20 11:16,27/11/20,11:16:48,0.47,391,0.47
Protection,Mourachan,Bonza,Dingo,Protected,High,2/12/20 11:31,2/12/20,11:31:12,0.48,391,0.48
Protection,Mourachan,Bonza,Dingo,Protected,High,6/12/20 11:45,6/12/20,11:45:36,0.49,391,0.48
Protection,Mourachan,Bonza,Dingo,Protected,High,2/12/20 11:45,2/12/20,11:45:36,0.49,391,0.48
Protection,Mourachan,Bonza,Dingo,Protected,High,2/12/20 11:45,2/12/20,11:45:36,0.49,391,0.48
Protection,Mourachan,Bonza,Dingo,Protected,High,6/12/20 12:00,6/12/20,12:00:00,0.5,391,0.49
Protection,Mourachan,Bonza,Dingo,Protected,High,6/12/20 12:14,6/12/20,12:14:24,0.51,391,0.5
Protection,Mourachan,Bonza,Dingo,Protected,High,6/12/20 12:14,6/12/20,12:14:24,0.51,391,0.5
Protection,Mourachan,Bonza,Dingo,Protected,High,6/12/20 12:14,6/12/20,12:14:24,0.51,391,0.5
Protection,Mourachan,Bonza,Dingo,Protected,High,6/12/20 12:14,6/12/20,12:14:24,0.51,391,0.5
Protection,Mourachan,Bonza,Dingo,Protected,High,6/12/20 12:14,6/12/20,12:14:24,0.51,391,0.5
Protection,Mourachan,Bonza,Dingo,Protected,High,6/12/20 12:14,6/12/20,12:14:24,0.51,391,0.5
Protection,Mourachan,Bonza,Dingo,Protected,High,6/12/20 12:28,6/12/20,12:28:48,0.52,391,0.51
Protection,Mourachan,Bonza,Dingo,Protected,High,6/12/20 12:28,6/12/20,12:28:48,0.52,391,0.51
Protection,Mourachan,Bonza,Dingo,Protected,High,6/12/20 12:28,6/12/20,12:28:48,0.52,391,0.51
Protection,Mourachan,Bonza,Dingo,Protected,High,6/12/20 12:28,6/12/20,12:28:48,0.52,391,0.51
Protection,Mourachan,Bonza,Dingo,Protected,High,6/12/20 12:28,6/12/20,12:28:48,0.52,391,0.51
Protection,Mourachan,Bonza,Dingo,Protected,High,6/12/20 12:43,6/12/20,12:43:12,0.53,391,0.52
Protection,Mourachan,Bonza,Dingo,Protected,High,6/12/20 12:43,6/12/20,12:43:12,0.53,391,0.52
Protection,Mourachan,Bonza,Dingo,Protected,High,6/12/20 12:57,6/12/20,12:57:36,0.54,391,0.53
Protection,Mourachan,Bonza,Dingo,Protected,High,6/12/20 12:57,6/12/20,12:57:36,0.54,391,0.53
Protection,Mourachan,Bonza,Dingo,Protected,High,27/11/20 12:57,27/11/20,12:57:36,0.54,391,0.54
Protection,Mourachan,Bonza,Dingo,Protected,High,27/11/20 12:57,27/11/20,12:57:36,0.54,391,0.54
Protection,Mourachan,Bonza,Dingo,Protected,High,27/11/20 12:57,27/11/20,12:57:36,0.54,391,0.54
Protection,Mourachan,Bonza,Dingo,Protected,High,27/11/20 12:57,27/11/20,12:57:36,0.54,391,0.54
Protection,Mourachan,Bonza,Dingo,Protected,High,13/12/20 14:09,13/12/20,14:09:36,0.59,391,0.57
Protection,Mourachan,Bonza,Dingo,Protected,High,13/12/20 14:09,13/12/20,14:09:36,0.59,391,0.57
Protection,Mourachan,Bonza,Dingo,Protected,High,13/12/20 14:38,13/12/20,14:38:24,0.61,391,0.59
Protection,Mourachan,Bonza,Dingo,Protected,High,13/12/20 14:38,13/12/20,14:38:24,0.61,391,0.59
Protection,Mourachan,Bonza,Dingo,Protected,High,13/12/20 14:38,13/12/20,14:38:24,0.61,391,0.59
Protection,Mourachan,Bonza,Dingo,Protected,High,13/12/20 14:38,13/12/20,14:38:24,0.61,391,0.59
Protection,Mourachan,Bonza,Dingo,Protected,High,13/12/20 14:38,13/12/20,14:38:24,0.61,391,0.59
Protection,Mourachan,Bonza,Dingo,Protected,High,13/12/20 14:38,13/12/20,14:38:24,0.61,391,0.59
Protection,Mourachan,Bonza,Dingo,Protected,High,13/12/20 14:38,13/12/20,14:38:24,0.61,391,0.59
Protection,Mourachan,Bonza,Dingo,Protected,High,13/12/20 14:38,13/12/20,14:38:24,0.61,391,0.59
Protection,Mourachan,Bonza,Dingo,Protected,High,13/12/20 14:38,13/12/20,14:38:24,0.61,391,0.59
Protection,Mourachan,Bonza,Dingo,Protected,High,13/12/20 14:38,13/12/20,14:38:24,0.61,391,0.59
Protection,Mourachan,Bonza,Dingo,Protected,High,13/12/20 14:38,13/12/20,14:38:24,0.61,391,0.59
Protection,Mourachan,Bonza,Dingo,Protected,High,13/12/20 14:38,13/12/20,14:38:24,0.61,391,0.59
Protection,Mourachan,Bonza,Dingo,Protected,High,13/12/20 14:38,13/12/20,14:38:24,0.61,391,0.59
Protection,Mourachan,Bonza,Dingo,Protected,High,13/12/20 14:38,13/12/20,14:38:24,0.61,391,0.59
Protection,Mourachan,Bonza,Dingo,Protected,High,13/12/20 14:38,13/12/20,14:38:24,0.61,391,0.59
Protection,Mourachan,Bonza,Dingo,Protected,High,13/12/20 14:38,13/12/20,14:38:24,0.61,391,0.59
Protection,Mourachan,Bonza,Dingo,Protected,High,13/12/20 14:38,13/12/20,14:38:24,0.61,391,0.59
Protection,Mourachan,Bonza,Dingo,Protected,High,13/12/20 14:38,13/12/20,14:38:24,0.61,391,0.59
Protection,Mourachan,Bonza,Dingo,Protected,High,13/12/20 14:38,13/12/20,14:38:24,0.61,391,0.59
Protection,Mourachan,Bonza,Dingo,Protected,High,13/12/20 14:52,13/12/20,14:52:48,0.62,391,0.6
Protection,Mourachan,Bonza,Dingo,Protected,High,13/12/20 14:52,13/12/20,14:52:48,0.62,391,0.6
Protection,Mourachan,Bonza,Dingo,Protected,High,13/12/20 14:52,13/12/20,14:52:48,0.62,391,0.6
Protection,Mourachan,Bonza,Dingo,Protected,High,13/12/20 14:52,13/12/20,14:52:48,0.62,391,0.6
Protection,Mourachan,Bonza,Dingo,Protected,High,13/12/20 14:52,13/12/20,14:52:48,0.62,391,0.6
Protection,Mourachan,Bonza,Dingo,Protected,High,13/12/20 14:52,13/12/20,14:52:48,0.62,391,0.6
Protection,Mourachan,Bonza,Dingo,Protected,High,13/12/20 14:52,13/12/20,14:52:48,0.62,391,0.6
Protection,Mourachan,Bonza,Dingo,Protected,High,13/12/20 14:52,13/12/20,14:52:48,0.62,391,0.6
Protection,Mourachan,Bonza,Dingo,Protected,High,10/11/20 14:52,10/11/20,14:52:48,0.62,391,0.61
Protection,Mourachan,Bonza,Dingo,Protected,High,13/12/20 15:21,13/12/20,15:21:36,0.64,391,0.61
Protection,Mourachan,Bonza,Dingo,Protected,High,13/12/20 15:21,13/12/20,15:21:36,0.64,391,0.61
Protection,Mourachan,Bonza,Dingo,Protected,High,13/12/20 15:21,13/12/20,15:21:36,0.64,391,0.61
Protection,Mourachan,Bonza,Dingo,Protected,High,13/12/20 15:21,13/12/20,15:21:36,0.64,391,0.61
Protection,Mourachan,Bonza,Dingo,Protected,High,13/12/20 15:21,13/12/20,15:21:36,0.64,391,0.61
Protection,Mourachan,Bonza,Dingo,Protected,High,13/12/20 15:21,13/12/20,15:21:36,0.64,391,0.61
Protection,Mourachan,Bonza,Dingo,Protected,High,10/11/20 15:07,10/11/20,15:07:12,0.63,391,0.62
Protection,Mourachan,Bonza,Dingo,Protected,High,10/11/20 15:07,10/11/20,15:07:12,0.63,391,0.62
Protection,Mourachan,Bonza,Dingo,Protected,High,10/11/20 15:07,10/11/20,15:07:12,0.63,391,0.62
Protection,Mourachan,Bonza,Dingo,Protected,High,13/12/20 15:36,13/12/20,15:36:00,0.65,391,0.62
Protection,Mourachan,Bonza,Dingo,Protected,High,6/12/20 16:48,6/12/20,16:48:00,0.7,391,0.67
Protection,Mourachan,Bonza,Dingo,Protected,High,6/12/20 16:48,6/12/20,16:48:00,0.7,391,0.67
Protection,Mourachan,Bonza,Dingo,Protected,High,25/11/20 17:02,25/11/20,17:02:24,0.71,391,0.69
Protection,Mourachan,Bonza,Dingo,Protected,High,22/11/20 17:16,22/11/20,17:16:48,0.72,391,0.7
Protection,Mourachan,Bonza,Dingo,Protected,High,22/11/20 17:16,22/11/20,17:16:48,0.72,391,0.7
Protection,Mourachan,Bonza,Dingo,Protected,High,22/11/20 18:43,22/11/20,18:43:12,0.78,391,0.75
Protection,Mourachan,Bonza,Dingo,Protected,High,22/11/20 18:43,22/11/20,18:43:12,0.78,391,0.75
Protection,Mourachan,Bonza,Dingo,Protected,High,22/11/20 18:43,22/11/20,18:43:12,0.78,391,0.75
Protection,Mourachan,Brigalow,Fox,Protected,High,13/6/20 1:55,13/6/20,1:55:12,0.08,398,0.07
Protection,Mourachan,Brigalow,Dingo,Protected,High,19/1/20 1:55,19/1/20,1:55:12,0.08,398,0.07
Protection,Mourachan,Brigalow,Dingo,Protected,High,19/1/20 1:55,19/1/20,1:55:12,0.08,398,0.07
Protection,Mourachan,Brigalow,Dingo,Protected,High,19/1/20 1:55,19/1/20,1:55:12,0.08,398,0.07
Protection,Mourachan,Brigalow,Dingo,Protected,High,19/1/20 1:55,19/1/20,1:55:12,0.08,398,0.07
Protection,Mourachan,Brigalow,Dingo,Protected,High,19/1/20 1:55,19/1/20,1:55:12,0.08,398,0.07
Protection,Mourachan,Brigalow,Fox,Protected,High,10/6/20 2:52,10/6/20,2:52:48,0.12,398,0.1
Protection,Mourachan,Brigalow,Dingo,Protected,High,12/5/20 3:07,12/5/20,3:07:12,0.13,398,0.12
Protection,Mourachan,Brigalow,Dingo,Protected,High,12/5/20 3:07,12/5/20,3:07:12,0.13,398,0.12
Protection,Mourachan,Brigalow,Dingo,Protected,High,12/5/20 3:07,12/5/20,3:07:12,0.13,398,0.12
Protection,Mourachan,Brigalow,Dingo,Protected,High,13/1/20 3:21,13/1/20,3:21:36,0.14,398,0.14
Protection,Mourachan,Brigalow,Fox,Protected,High,15/5/20 3:50,15/5/20,3:50:24,0.16,398,0.14
Protection,Mourachan,Brigalow,Fox,Protected,High,13/1/20 3:36,13/1/20,3:36:00,0.15,398,0.15
Protection,Mourachan,Brigalow,Fox,Protected,High,26/12/19 3:36,26/12/19,3:36:00,0.15,398,0.17
Protection,Mourachan,Brigalow,Fox,Protected,High,31/12/19 3:50,31/12/19,3:50:24,0.16,398,0.18
Protection,Mourachan,Brigalow,Fox,Protected,High,31/12/19 3:50,31/12/19,3:50:24,0.16,398,0.18
Protection,Mourachan,Brigalow,Fox,Protected,High,13/12/19 4:04,13/12/19,4:04:48,0.17,398,0.19
Protection,Mourachan,Brigalow,Dingo,Protected,High,6/1/20 5:02,6/1/20,5:02:24,0.21,398,0.22
Protection,Mourachan,Brigalow,Dingo,Protected,High,6/1/20 5:02,6/1/20,5:02:24,0.21,398,0.22
Protection,Mourachan,Brigalow,Dingo,Protected,High,6/1/20 5:02,6/1/20,5:02:24,0.21,398,0.22
Protection,Mourachan,Brigalow,Fox,Protected,High,23/11/19 4:48,23/11/19,4:48:00,0.2,398,0.23
Protection,Mourachan,Brigalow,Dingo,Protected,High,11/5/20 6:28,11/5/20,6:28:48,0.27,398,0.24
Protection,Mourachan,Brigalow,Dingo,Protected,High,11/5/20 6:28,11/5/20,6:28:48,0.27,398,0.24
Protection,Mourachan,Brigalow,Dingo,Protected,High,5/1/20 5:31,5/1/20,5:31:12,0.23,398,0.25
Protection,Mourachan,Brigalow,Dingo,Protected,High,11/5/20 6:43,11/5/20,6:43:12,0.28,398,0.25
Protection,Mourachan,Brigalow,Dingo,Protected,High,11/5/20 6:43,11/5/20,6:43:12,0.28,398,0.25
Protection,Mourachan,Brigalow,Dingo,Protected,High,10/12/19 5:16,10/12/19,5:16:48,0.22,398,0.25
Protection,Mourachan,Brigalow,Dingo,Protected,High,10/12/19 5:16,10/12/19,5:16:48,0.22,398,0.25
Protection,Mourachan,Brigalow,Dingo,Protected,High,10/12/19 5:16,10/12/19,5:16:48,0.22,398,0.25
Protection,Mourachan,Brigalow,Dingo,Protected,High,10/12/19 5:16,10/12/19,5:16:48,0.22,398,0.25
Protection,Mourachan,Brigalow,Dingo,Protected,High,20/11/18 5:16,20/11/18,5:16:48,0.22,398,0.25
Protection,Mourachan,Brigalow,Dingo,Protected,High,20/11/18 5:16,20/11/18,5:16:48,0.22,398,0.25
Protection,Mourachan,Brigalow,Dingo,Protected,High,20/11/18 5:16,20/11/18,5:16:48,0.22,398,0.25
Protection,Mourachan,Brigalow,Dingo,Protected,High,20/11/18 5:16,20/11/18,5:16:48,0.22,398,0.25
Protection,Mourachan,Brigalow,Dingo,Protected,High,20/11/18 5:16,20/11/18,5:16:48,0.22,398,0.25
Protection,Mourachan,Brigalow,Dingo,Protected,High,20/11/18 5:16,20/11/18,5:16:48,0.22,398,0.25
Protection,Mourachan,Brigalow,Dingo,Protected,High,20/11/18 5:16,20/11/18,5:16:48,0.22,398,0.25
Protection,Mourachan,Brigalow,Dingo,Protected,High,20/11/18 5:16,20/11/18,5:16:48,0.22,398,0.25
Protection,Mourachan,Brigalow,Dingo,Protected,High,20/11/18 5:16,20/11/18,5:16:48,0.22,398,0.25
Protection,Mourachan,Brigalow,Dingo,Protected,High,20/11/18 5:16,20/11/18,5:16:48,0.22,398,0.25
Protection,Mourachan,Brigalow,Dingo,Protected,High,20/11/18 5:16,20/11/18,5:16:48,0.22,398,0.25
Protection,Mourachan,Brigalow,Dingo,Protected,High,20/11/18 5:16,20/11/18,5:16:48,0.22,398,0.25
Protection,Mourachan,Brigalow,Dingo,Protected,High,20/11/19 5:16,20/11/19,5:16:48,0.22,398,0.25
Protection,Mourachan,Brigalow,Dingo,Protected,High,20/11/19 5:16,20/11/19,5:16:48,0.22,398,0.25
Protection,Mourachan,Brigalow,Dingo,Protected,High,20/11/19 5:16,20/11/19,5:16:48,0.22,398,0.25
Protection,Mourachan,Brigalow,Dingo,Protected,High,20/11/19 5:16,20/11/19,5:16:48,0.22,398,0.25
Protection,Mourachan,Brigalow,Dingo,Protected,High,20/11/19 5:16,20/11/19,5:16:48,0.22,398,0.25
Protection,Mourachan,Brigalow,Dingo,Protected,High,20/11/19 5:16,20/11/19,5:16:48,0.22,398,0.25
Protection,Mourachan,Brigalow,Dingo,Protected,High,20/11/19 5:16,20/11/19,5:16:48,0.22,398,0.25
Protection,Mourachan,Brigalow,Dingo,Protected,High,20/11/19 5:16,20/11/19,5:16:48,0.22,398,0.25
Protection,Mourachan,Brigalow,Dingo,Protected,High,20/11/19 5:16,20/11/19,5:16:48,0.22,398,0.25
Protection,Mourachan,Brigalow,Dingo,Protected,High,20/11/19 5:16,20/11/19,5:16:48,0.22,398,0.25
Protection,Mourachan,Brigalow,Dingo,Protected,High,20/11/19 5:16,20/11/19,5:16:48,0.22,398,0.25
Protection,Mourachan,Brigalow,Dingo,Protected,High,19/1/20 5:45,19/1/20,5:45:36,0.24,398,0.26
Protection,Mourachan,Brigalow,Dingo,Protected,High,19/1/20 5:45,19/1/20,5:45:36,0.24,398,0.26
Protection,Mourachan,Brigalow,Dingo,Protected,High,23/11/18 5:31,23/11/18,5:31:12,0.23,398,0.26
Protection,Mourachan,Brigalow,Dingo,Protected,High,23/11/18 5:31,23/11/18,5:31:12,0.23,398,0.26
Protection,Mourachan,Brigalow,Dingo,Protected,High,23/11/18 5:31,23/11/18,5:31:12,0.23,398,0.26
Protection,Mourachan,Brigalow,Dingo,Protected,High,23/11/18 5:31,23/11/18,5:31:12,0.23,398,0.26
Protection,Mourachan,Brigalow,Dingo,Protected,High,23/11/18 5:31,23/11/18,5:31:12,0.23,398,0.26
Protection,Mourachan,Brigalow,Dingo,Protected,High,23/11/18 5:31,23/11/18,5:31:12,0.23,398,0.26
Protection,Mourachan,Brigalow,Dingo,Protected,High,23/11/19 5:31,23/11/19,5:31:12,0.23,398,0.26
Protection,Mourachan,Brigalow,Dingo,Protected,High,23/11/19 5:31,23/11/19,5:31:12,0.23,398,0.26
Protection,Mourachan,Brigalow,Dingo,Protected,High,23/11/19 5:31,23/11/19,5:31:12,0.23,398,0.26
Protection,Mourachan,Brigalow,Dingo,Protected,High,23/11/19 5:31,23/11/19,5:31:12,0.23,398,0.26
Protection,Mourachan,Brigalow,Dingo,Protected,High,23/11/19 5:31,23/11/19,5:31:12,0.23,398,0.26
Protection,Mourachan,Brigalow,Dingo,Protected,High,23/11/19 5:31,23/11/19,5:31:12,0.23,398,0.26
Protection,Mourachan,Brigalow,Dingo,Protected,High,23/11/19 5:31,23/11/19,5:31:12,0.23,398,0.26
Protection,Mourachan,Brigalow,Dingo,Protected,High,23/11/19 5:31,23/11/19,5:31:12,0.23,398,0.26
Protection,Mourachan,Brigalow,Dingo,Protected,High,23/11/19 5:31,23/11/19,5:31:12,0.23,398,0.26
Protection,Mourachan,Brigalow,Dingo,Protected,High,23/11/19 5:31,23/11/19,5:31:12,0.23,398,0.26
Protection,Mourachan,Brigalow,Dingo,Protected,High,23/11/19 5:31,23/11/19,5:31:12,0.23,398,0.26
Protection,Mourachan,Brigalow,Dingo,Protected,High,23/11/19 5:31,23/11/19,5:31:12,0.23,398,0.26
Protection,Mourachan,Brigalow,Dingo,Protected,High,23/11/19 5:31,23/11/19,5:31:12,0.23,398,0.26
Protection,Mourachan,Brigalow,Dingo,Protected,High,23/11/19 5:31,23/11/19,5:31:12,0.23,398,0.26
Protection,Mourachan,Brigalow,Dingo,Protected,High,23/11/19 5:31,23/11/19,5:31:12,0.23,398,0.26
Protection,Mourachan,Brigalow,Dingo,Protected,High,23/11/19 5:31,23/11/19,5:31:12,0.23,398,0.26
Protection,Mourachan,Brigalow,Dingo,Protected,High,23/11/19 5:31,23/11/19,5:31:12,0.23,398,0.26
Protection,Mourachan,Brigalow,Dingo,Protected,High,23/11/19 5:31,23/11/19,5:31:12,0.23,398,0.26
Protection,Mourachan,Brigalow,Dingo,Protected,High,23/11/19 5:31,23/11/19,5:31:12,0.23,398,0.26
Protection,Mourachan,Brigalow,Dingo,Protected,High,23/11/19 5:31,23/11/19,5:31:12,0.23,398,0.26
Protection,Mourachan,Brigalow,Dingo,Protected,High,23/11/19 5:31,23/11/19,5:31:12,0.23,398,0.26
Protection,Mourachan,Brigalow,Dingo,Protected,High,23/11/19 5:31,23/11/19,5:31:12,0.23,398,0.26
Protection,Mourachan,Brigalow,Dingo,Protected,High,5/1/20 6:43,5/1/20,6:43:12,0.28,398,0.29
Protection,Mourachan,Brigalow,Dingo,Protected,High,5/1/20 6:43,5/1/20,6:43:12,0.28,398,0.29
Protection,Mourachan,Brigalow,Dingo,Protected,High,5/1/20 6:43,5/1/20,6:43:12,0.28,398,0.29
Protection,Mourachan,Brigalow,Dingo,Protected,High,11/1/20 6:43,11/1/20,6:43:12,0.28,398,0.29
Protection,Mourachan,Brigalow,Dingo,Protected,High,11/1/20 6:43,11/1/20,6:43:12,0.28,398,0.29
Protection,Mourachan,Brigalow,Dingo,Protected,High,11/1/20 6:43,11/1/20,6:43:12,0.28,398,0.29
Protection,Mourachan,Brigalow,Dingo,Protected,High,5/1/20 6:57,5/1/20,6:57:36,0.29,398,0.3
Protection,Mourachan,Brigalow,Dingo,Protected,High,5/1/20 6:57,5/1/20,6:57:36,0.29,398,0.3
Protection,Mourachan,Brigalow,Dingo,Protected,High,5/1/20 6:57,5/1/20,6:57:36,0.29,398,0.3
Protection,Mourachan,Brigalow,Dingo,Protected,High,12/5/20 7:55,12/5/20,7:55:12,0.33,398,0.31
Protection,Mourachan,Brigalow,Dingo,Protected,High,5/1/20 7:26,5/1/20,7:26:24,0.31,398,0.32
Protection,Mourachan,Brigalow,Dingo,Protected,High,6/3/20 8:09,6/3/20,8:09:36,0.34,398,0.33
Protection,Mourachan,Brigalow,Dingo,Protected,High,5/1/20 7:55,5/1/20,7:55:12,0.33,398,0.34
Protection,Mourachan,Brigalow,Dingo,Protected,High,5/1/20 7:55,5/1/20,7:55:12,0.33,398,0.34
Protection,Mourachan,Brigalow,Dingo,Protected,High,5/1/20 7:55,5/1/20,7:55:12,0.33,398,0.34
Protection,Mourachan,Brigalow,Dingo,Protected,High,5/1/20 7:55,5/1/20,7:55:12,0.33,398,0.34
Protection,Mourachan,Brigalow,Dingo,Protected,High,5/1/20 7:55,5/1/20,7:55:12,0.33,398,0.34
Protection,Mourachan,Brigalow,Dingo,Protected,High,5/1/20 7:55,5/1/20,7:55:12,0.33,398,0.34
Protection,Mourachan,Brigalow,Dingo,Protected,High,5/1/20 7:55,5/1/20,7:55:12,0.33,398,0.34
Protection,Mourachan,Brigalow,Dingo,Protected,High,5/1/20 7:55,5/1/20,7:55:12,0.33,398,0.34
Protection,Mourachan,Brigalow,Dingo,Protected,High,5/1/20 7:55,5/1/20,7:55:12,0.33,398,0.34
Protection,Mourachan,Brigalow,Dingo,Protected,High,5/1/20 7:55,5/1/20,7:55:12,0.33,398,0.34
Protection,Mourachan,Brigalow,Dingo,Protected,High,5/1/20 7:55,5/1/20,7:55:12,0.33,398,0.34
Protection,Mourachan,Brigalow,Dingo,Protected,High,5/1/20 7:55,5/1/20,7:55:12,0.33,398,0.34
Protection,Mourachan,Brigalow,Dingo,Protected,High,5/1/20 7:55,5/1/20,7:55:12,0.33,398,0.34
Protection,Mourachan,Brigalow,Dingo,Protected,High,5/1/20 7:55,5/1/20,7:55:12,0.33,398,0.34
Protection,Mourachan,Brigalow,Dingo,Protected,High,5/1/20 7:55,5/1/20,7:55:12,0.33,398,0.34
Protection,Mourachan,Brigalow,Dingo,Protected,High,5/1/20 7:55,5/1/20,7:55:12,0.33,398,0.34
Protection,Mourachan,Brigalow,Dingo,Protected,High,5/1/20 7:55,5/1/20,7:55:12,0.33,398,0.34
Protection,Mourachan,Brigalow,Dingo,Protected,High,5/1/20 7:55,5/1/20,7:55:12,0.33,398,0.34
Protection,Mourachan,Brigalow,Dingo,Protected,High,5/1/20 7:55,5/1/20,7:55:12,0.33,398,0.34
Protection,Mourachan,Brigalow,Dingo,Protected,High,5/1/20 7:55,5/1/20,7:55:12,0.33,398,0.34
Protection,Mourachan,Brigalow,Dingo,Protected,High,5/1/20 7:55,5/1/20,7:55:12,0.33,398,0.34
Protection,Mourachan,Brigalow,Dingo,Protected,High,5/1/20 7:55,5/1/20,7:55:12,0.33,398,0.34
Protection,Mourachan,Brigalow,Dingo,Protected,High,5/1/20 7:55,5/1/20,7:55:12,0.33,398,0.34
Protection,Mourachan,Brigalow,Dingo,Protected,High,5/1/20 7:55,5/1/20,7:55:12,0.33,398,0.34
Protection,Mourachan,Brigalow,Dingo,Protected,High,5/1/20 7:55,5/1/20,7:55:12,0.33,398,0.34
Protection,Mourachan,Brigalow,Dingo,Protected,High,5/1/20 7:55,5/1/20,7:55:12,0.33,398,0.34
Protection,Mourachan,Brigalow,Dingo,Protected,High,5/1/20 7:55,5/1/20,7:55:12,0.33,398,0.34
Protection,Mourachan,Brigalow,Dingo,Protected,High,17/3/20 8:24,17/3/20,8:24:00,0.35,398,0.34
Protection,Mourachan,Brigalow,Dingo,Protected,High,17/3/20 8:24,17/3/20,8:24:00,0.35,398,0.34
Protection,Mourachan,Brigalow,Dingo,Protected,High,17/3/20 8:24,17/3/20,8:24:00,0.35,398,0.34
Protection,Mourachan,Brigalow,Dingo,Protected,High,15/3/20 8:24,15/3/20,8:24:00,0.35,398,0.34
Protection,Mourachan,Brigalow,Dingo,Protected,High,23/11/18 7:40,23/11/18,7:40:48,0.32,398,0.34
Protection,Mourachan,Brigalow,Dingo,Protected,High,23/11/18 7:40,23/11/18,7:40:48,0.32,398,0.34
Protection,Mourachan,Brigalow,Dingo,Protected,High,23/11/18 7:40,23/11/18,7:40:48,0.32,398,0.34
Protection,Mourachan,Brigalow,Dingo,Protected,High,23/11/18 7:40,23/11/18,7:40:48,0.32,398,0.34
Protection,Mourachan,Brigalow,Dingo,Protected,High,23/11/18 7:40,23/11/18,7:40:48,0.32,398,0.34
Protection,Mourachan,Brigalow,Dingo,Protected,High,23/11/18 7:40,23/11/18,7:40:48,0.32,398,0.34
Protection,Mourachan,Brigalow,Dingo,Protected,High,23/11/18 7:40,23/11/18,7:40:48,0.32,398,0.34
Protection,Mourachan,Brigalow,Dingo,Protected,High,23/11/18 7:40,23/11/18,7:40:48,0.32,398,0.34
Protection,Mourachan,Brigalow,Dingo,Protected,High,23/11/18 7:40,23/11/18,7:40:48,0.32,398,0.34
Protection,Mourachan,Brigalow,Dingo,Protected,High,23/11/18 7:40,23/11/18,7:40:48,0.32,398,0.34
Protection,Mourachan,Brigalow,Dingo,Protected,High,23/11/18 7:40,23/11/18,7:40:48,0.32,398,0.34
Protection,Mourachan,Brigalow,Dingo,Protected,High,23/11/18 7:40,23/11/18,7:40:48,0.32,398,0.34
Protection,Mourachan,Brigalow,Dingo,Protected,High,23/11/18 7:40,23/11/18,7:40:48,0.32,398,0.34
Protection,Mourachan,Brigalow,Dingo,Protected,High,23/11/18 7:40,23/11/18,7:40:48,0.32,398,0.34
Protection,Mourachan,Brigalow,Dingo,Protected,High,23/11/18 7:40,23/11/18,7:40:48,0.32,398,0.34
Protection,Mourachan,Brigalow,Dingo,Protected,High,23/11/18 7:40,23/11/18,7:40:48,0.32,398,0.34
Protection,Mourachan,Brigalow,Dingo,Protected,High,23/11/18 7:40,23/11/18,7:40:48,0.32,398,0.34
Protection,Mourachan,Brigalow,Dingo,Protected,High,23/11/18 7:40,23/11/18,7:40:48,0.32,398,0.34
Protection,Mourachan,Brigalow,Dingo,Protected,High,23/11/18 7:40,23/11/18,7:40:48,0.32,398,0.34
Protection,Mourachan,Brigalow,Dingo,Protected,High,23/11/18 7:40,23/11/18,7:40:48,0.32,398,0.34
Protection,Mourachan,Brigalow,Dingo,Protected,High,23/11/19 7:40,23/11/19,7:40:48,0.32,398,0.34
Protection,Mourachan,Brigalow,Dingo,Protected,High,23/11/19 7:40,23/11/19,7:40:48,0.32,398,0.34
Protection,Mourachan,Brigalow,Dingo,Protected,High,23/11/19 7:40,23/11/19,7:40:48,0.32,398,0.34
Protection,Mourachan,Brigalow,Dingo,Protected,High,23/11/19 7:40,23/11/19,7:40:48,0.32,398,0.34
Protection,Mourachan,Brigalow,Dingo,Protected,High,23/11/19 7:40,23/11/19,7:40:48,0.32,398,0.34
Protection,Mourachan,Brigalow,Dingo,Protected,High,23/11/19 7:40,23/11/19,7:40:48,0.32,398,0.34
Protection,Mourachan,Brigalow,Dingo,Protected,High,23/11/19 7:40,23/11/19,7:40:48,0.32,398,0.34
Protection,Mourachan,Brigalow,Dingo,Protected,High,23/11/19 7:40,23/11/19,7:40:48,0.32,398,0.34
Protection,Mourachan,Brigalow,Dingo,Protected,High,23/11/19 7:40,23/11/19,7:40:48,0.32,398,0.34
Protection,Mourachan,Brigalow,Dingo,Protected,High,23/11/19 7:40,23/11/19,7:40:48,0.32,398,0.34
Protection,Mourachan,Brigalow,Dingo,Protected,High,23/11/19 7:40,23/11/19,7:40:48,0.32,398,0.34
Protection,Mourachan,Brigalow,Dingo,Protected,High,5/1/20 8:09,5/1/20,8:09:36,0.34,398,0.34
Protection,Mourachan,Brigalow,Dingo,Protected,High,5/1/20 8:09,5/1/20,8:09:36,0.34,398,0.34
Protection,Mourachan,Brigalow,Dingo,Protected,High,5/1/20 8:09,5/1/20,8:09:36,0.34,398,0.34
Protection,Mourachan,Brigalow,Dingo,Protected,High,5/1/20 8:09,5/1/20,8:09:36,0.34,398,0.34
Protection,Mourachan,Brigalow,Dingo,Protected,High,5/1/20 8:09,5/1/20,8:09:36,0.34,398,0.34
Protection,Mourachan,Brigalow,Dingo,Protected,High,5/1/20 8:09,5/1/20,8:09:36,0.34,398,0.34
Protection,Mourachan,Brigalow,Dingo,Protected,High,5/1/20 8:09,5/1/20,8:09:36,0.34,398,0.34
Protection,Mourachan,Brigalow,Dingo,Protected,High,5/1/20 8:09,5/1/20,8:09:36,0.34,398,0.34
Protection,Mourachan,Brigalow,Dingo,Protected,High,5/1/20 8:09,5/1/20,8:09:36,0.34,398,0.34
Protection,Mourachan,Brigalow,Dingo,Protected,High,5/1/20 8:09,5/1/20,8:09:36,0.34,398,0.34
Protection,Mourachan,Brigalow,Dingo,Protected,High,5/1/20 8:09,5/1/20,8:09:36,0.34,398,0.34
Protection,Mourachan,Brigalow,Dingo,Protected,High,5/1/20 8:09,5/1/20,8:09:36,0.34,398,0.34
Protection,Mourachan,Brigalow,Dingo,Protected,High,9/2/20 8:24,9/2/20,8:24:00,0.35,398,0.34
Protection,Mourachan,Brigalow,Dingo,Protected,High,5/1/20 8:24,5/1/20,8:24:00,0.35,398,0.35
Protection,Mourachan,Brigalow,Dingo,Protected,High,17/4/20 9:36,17/4/20,9:36:00,0.4,398,0.39
Protection,Mourachan,Brigalow,Dingo,Protected,High,17/2/20 12:00,17/2/20,12:00:00,0.5,398,0.48
Protection,Mourachan,Brigalow,Dingo,Protected,High,17/2/20 12:00,17/2/20,12:00:00,0.5,398,0.48
Protection,Mourachan,Brigalow,Dingo,Protected,High,17/2/20 12:00,17/2/20,12:00:00,0.5,398,0.48
Protection,Mourachan,Brigalow,Dingo,Protected,High,17/2/20 12:00,17/2/20,12:00:00,0.5,398,0.48
Protection,Mourachan,Brigalow,Dingo,Protected,High,17/2/20 12:00,17/2/20,12:00:00,0.5,398,0.48
Protection,Mourachan,Brigalow,Dingo,Protected,High,17/2/20 12:00,17/2/20,12:00:00,0.5,398,0.48
Protection,Mourachan,Brigalow,Dingo,Protected,High,17/2/20 12:00,17/2/20,12:00:00,0.5,398,0.48
Protection,Mourachan,Brigalow,Dingo,Protected,High,17/2/20 12:00,17/2/20,12:00:00,0.5,398,0.48
Protection,Mourachan,Brigalow,Dingo,Protected,High,17/2/20 12:00,17/2/20,12:00:00,0.5,398,0.48
Protection,Mourachan,Brigalow,Dingo,Protected,High,17/2/20 12:00,17/2/20,12:00:00,0.5,398,0.48
Protection,Mourachan,Brigalow,Dingo,Protected,High,17/2/20 12:00,17/2/20,12:00:00,0.5,398,0.48
Protection,Mourachan,Brigalow,Dingo,Protected,High,17/2/20 12:00,17/2/20,12:00:00,0.5,398,0.48
Protection,Mourachan,Brigalow,Dingo,Protected,High,17/2/20 12:00,17/2/20,12:00:00,0.5,398,0.48
Protection,Mourachan,Brigalow,Dingo,Protected,High,17/2/20 12:00,17/2/20,12:00:00,0.5,398,0.48
Protection,Mourachan,Brigalow,Dingo,Protected,High,17/2/20 12:00,17/2/20,12:00:00,0.5,398,0.48
Protection,Mourachan,Brigalow,Dingo,Protected,High,17/2/20 12:00,17/2/20,12:00:00,0.5,398,0.48
Protection,Mourachan,Brigalow,Dingo,Protected,High,17/2/20 12:00,17/2/20,12:00:00,0.5,398,0.48
Protection,Mourachan,Brigalow,Dingo,Protected,High,17/2/20 12:14,17/2/20,12:14:24,0.51,398,0.49
Protection,Mourachan,Brigalow,Dingo,Protected,High,17/2/20 12:14,17/2/20,12:14:24,0.51,398,0.49
Protection,Mourachan,Brigalow,Dingo,Protected,High,17/2/20 12:14,17/2/20,12:14:24,0.51,398,0.49
Protection,Mourachan,Brigalow,Dingo,Protected,High,17/2/20 12:14,17/2/20,12:14:24,0.51,398,0.49
Protection,Mourachan,Brigalow,Dingo,Protected,High,17/2/20 12:14,17/2/20,12:14:24,0.51,398,0.49
Protection,Mourachan,Brigalow,Dingo,Protected,High,17/2/20 12:14,17/2/20,12:14:24,0.51,398,0.49
Protection,Mourachan,Brigalow,Dingo,Protected,High,17/2/20 12:14,17/2/20,12:14:24,0.51,398,0.49
Protection,Mourachan,Brigalow,Dingo,Protected,High,17/2/20 12:14,17/2/20,12:14:24,0.51,398,0.49
Protection,Mourachan,Brigalow,Dingo,Protected,High,17/2/20 12:14,17/2/20,12:14:24,0.51,398,0.49
Protection,Mourachan,Brigalow,Dingo,Protected,High,17/2/20 12:14,17/2/20,12:14:24,0.51,398,0.49
Protection,Mourachan,Brigalow,Dingo,Protected,High,17/2/20 12:14,17/2/20,12:14:24,0.51,398,0.49
Protection,Mourachan,Brigalow,Dingo,Protected,High,17/2/20 12:14,17/2/20,12:14:24,0.51,398,0.49
Protection,Mourachan,Brigalow,Dingo,Protected,High,17/2/20 12:14,17/2/20,12:14:24,0.51,398,0.49
Protection,Mourachan,Brigalow,Dingo,Protected,High,17/2/20 12:14,17/2/20,12:14:24,0.51,398,0.49
Protection,Mourachan,Brigalow,Dingo,Protected,High,17/2/20 12:14,17/2/20,12:14:24,0.51,398,0.49
Protection,Mourachan,Brigalow,Dingo,Protected,High,17/2/20 12:14,17/2/20,12:14:24,0.51,398,0.49
Protection,Mourachan,Brigalow,Dingo,Protected,High,17/2/20 12:14,17/2/20,12:14:24,0.51,398,0.49
Protection,Mourachan,Brigalow,Dingo,Protected,High,17/2/20 12:14,17/2/20,12:14:24,0.51,398,0.49
Protection,Mourachan,Brigalow,Dingo,Protected,High,17/2/20 12:28,17/2/20,12:28:48,0.52,398,0.5
Protection,Mourachan,Brigalow,Dingo,Protected,High,5/1/20 12:28,5/1/20,12:28:48,0.52,398,0.5
Protection,Mourachan,Brigalow,Dingo,Protected,High,5/1/20 12:28,5/1/20,12:28:48,0.52,398,0.5
Protection,Mourachan,Brigalow,Dingo,Protected,High,5/1/20 12:28,5/1/20,12:28:48,0.52,398,0.5
Protection,Mourachan,Brigalow,Dingo,Protected,High,5/1/20 12:28,5/1/20,12:28:48,0.52,398,0.5
Protection,Mourachan,Brigalow,Dingo,Protected,High,5/1/20 12:28,5/1/20,12:28:48,0.52,398,0.5
Protection,Mourachan,Brigalow,Dingo,Protected,High,5/1/20 12:28,5/1/20,12:28:48,0.52,398,0.5
Protection,Mourachan,Brigalow,Dingo,Protected,High,5/1/20 12:28,5/1/20,12:28:48,0.52,398,0.5
Protection,Mourachan,Brigalow,Dingo,Protected,High,5/1/20 12:28,5/1/20,12:28:48,0.52,398,0.5
Protection,Mourachan,Brigalow,Dingo,Protected,High,5/1/20 12:28,5/1/20,12:28:48,0.52,398,0.5
Protection,Mourachan,Brigalow,Dingo,Protected,High,5/1/20 12:28,5/1/20,12:28:48,0.52,398,0.5
Protection,Mourachan,Brigalow,Dingo,Protected,High,5/1/20 12:28,5/1/20,12:28:48,0.52,398,0.5
Protection,Mourachan,Brigalow,Dingo,Protected,High,5/1/20 13:12,5/1/20,13:12:00,0.55,398,0.53
Protection,Mourachan,Brigalow,Dingo,Protected,High,5/1/20 13:12,5/1/20,13:12:00,0.55,398,0.53
Protection,Mourachan,Brigalow,Dingo,Protected,High,5/1/20 13:12,5/1/20,13:12:00,0.55,398,0.53
Protection,Mourachan,Brigalow,Dingo,Protected,High,5/1/20 13:12,5/1/20,13:12:00,0.55,398,0.53
Protection,Mourachan,Brigalow,Dingo,Protected,High,5/1/20 13:12,5/1/20,13:12:00,0.55,398,0.53
Protection,Mourachan,Brigalow,Dingo,Protected,High,5/1/20 13:12,5/1/20,13:12:00,0.55,398,0.53
Protection,Mourachan,Brigalow,Dingo,Protected,High,5/1/20 13:12,5/1/20,13:12:00,0.55,398,0.53
Protection,Mourachan,Brigalow,Dingo,Protected,High,5/1/20 13:12,5/1/20,13:12:00,0.55,398,0.53
Protection,Mourachan,Brigalow,Dingo,Protected,High,5/1/20 13:26,5/1/20,13:26:24,0.56,398,0.54
Protection,Mourachan,Brigalow,Dingo,Protected,High,5/1/20 13:26,5/1/20,13:26:24,0.56,398,0.54
Protection,Mourachan,Brigalow,Dingo,Protected,High,5/1/20 13:26,5/1/20,13:26:24,0.56,398,0.54
Protection,Mourachan,Brigalow,Dingo,Protected,High,5/1/20 13:26,5/1/20,13:26:24,0.56,398,0.54
Protection,Mourachan,Brigalow,Dingo,Protected,High,5/1/20 13:26,5/1/20,13:26:24,0.56,398,0.54
Protection,Mourachan,Brigalow,Dingo,Protected,High,5/1/20 13:26,5/1/20,13:26:24,0.56,398,0.54
Protection,Mourachan,Brigalow,Dingo,Protected,High,5/1/20 13:26,5/1/20,13:26:24,0.56,398,0.54
Protection,Mourachan,Brigalow,Dingo,Protected,High,5/1/20 13:26,5/1/20,13:26:24,0.56,398,0.54
Protection,Mourachan,Brigalow,Dingo,Protected,High,5/1/20 13:26,5/1/20,13:26:24,0.56,398,0.54
Protection,Mourachan,Brigalow,Dingo,Protected,High,5/1/20 13:26,5/1/20,13:26:24,0.56,398,0.54
Protection,Mourachan,Brigalow,Dingo,Protected,High,5/1/20 13:26,5/1/20,13:26:24,0.56,398,0.54
Protection,Mourachan,Brigalow,Dingo,Protected,High,5/1/20 13:26,5/1/20,13:26:24,0.56,398,0.54
Protection,Mourachan,Brigalow,Dingo,Protected,High,5/1/20 13:26,5/1/20,13:26:24,0.56,398,0.54
Protection,Mourachan,Brigalow,Dingo,Protected,High,5/1/20 13:26,5/1/20,13:26:24,0.56,398,0.54
Protection,Mourachan,Brigalow,Dingo,Protected,High,5/1/20 13:26,5/1/20,13:26:24,0.56,398,0.54
Protection,Mourachan,Brigalow,Dingo,Protected,High,5/1/20 13:26,5/1/20,13:26:24,0.56,398,0.54
Protection,Mourachan,Brigalow,Dingo,Protected,High,5/1/20 13:26,5/1/20,13:26:24,0.56,398,0.54
Protection,Mourachan,Brigalow,Dingo,Protected,High,5/1/20 13:26,5/1/20,13:26:24,0.56,398,0.54
Protection,Mourachan,Brigalow,Dingo,Protected,High,17/4/20 14:24,17/4/20,14:24:00,0.6,398,0.6
Protection,Mourachan,Brigalow,Dingo,Protected,High,10/12/19 15:21,10/12/19,15:21:36,0.64,398,0.61
Protection,Mourachan,Brigalow,Dingo,Protected,High,10/12/19 15:21,10/12/19,15:21:36,0.64,398,0.61
Protection,Mourachan,Brigalow,Dingo,Protected,High,10/12/19 15:21,10/12/19,15:21:36,0.64,398,0.61
Protection,Mourachan,Brigalow,Dingo,Protected,High,17/2/20 15:36,17/2/20,15:36:00,0.65,398,0.62
Protection,Mourachan,Brigalow,Dingo,Protected,High,17/2/20 15:36,17/2/20,15:36:00,0.65,398,0.62
Protection,Mourachan,Brigalow,Dingo,Protected,High,17/2/20 15:36,17/2/20,15:36:00,0.65,398,0.62
Protection,Mourachan,Brigalow,Dingo,Protected,High,14/2/20 16:33,14/2/20,16:33:36,0.69,398,0.66
Protection,Mourachan,Brigalow,Dingo,Protected,High,18/1/20 16:48,18/1/20,16:48:00,0.7,398,0.66
Protection,Mourachan,Brigalow,Dingo,Protected,High,18/1/20 16:48,18/1/20,16:48:00,0.7,398,0.66
Protection,Mourachan,Brigalow,Dingo,Protected,High,18/1/20 16:48,18/1/20,16:48:00,0.7,398,0.66
Protection,Mourachan,Brigalow,Dingo,Protected,High,18/1/20 16:48,18/1/20,16:48:00,0.7,398,0.66
Protection,Mourachan,Brigalow,Dingo,Protected,High,18/1/20 16:48,18/1/20,16:48:00,0.7,398,0.66
Protection,Mourachan,Brigalow,Dingo,Protected,High,18/1/20 16:48,18/1/20,16:48:00,0.7,398,0.66
Protection,Mourachan,Brigalow,Dingo,Protected,High,18/1/20 16:48,18/1/20,16:48:00,0.7,398,0.66
Protection,Mourachan,Brigalow,Dingo,Protected,High,5/1/20 17:31,5/1/20,17:31:12,0.73,398,0.69
Protection,Mourachan,Brigalow,Dingo,Protected,High,5/1/20 17:31,5/1/20,17:31:12,0.73,398,0.69
Protection,Mourachan,Brigalow,Dingo,Protected,High,5/1/20 17:31,5/1/20,17:31:12,0.73,398,0.69
Protection,Mourachan,Brigalow,Dingo,Protected,High,7/2/20 18:28,7/2/20,18:28:48,0.77,398,0.73
Protection,Mourachan,Brigalow,Dingo,Protected,High,7/2/20 18:28,7/2/20,18:28:48,0.77,398,0.73
Protection,Mourachan,Brigalow,Dingo,Protected,High,12/5/20 17:16,12/5/20,17:16:48,0.72,398,0.75
Protection,Mourachan,Brigalow,Dingo,Protected,High,22/3/20 19:40,22/3/20,19:40:48,0.82,398,0.81
Protection,Mourachan,Brigalow,Dingo,Protected,High,18/1/20 21:36,18/1/20,21:36:00,0.9,398,0.87
Protection,Mourachan,Brigalow,Fox,Protected,High,30/12/19 21:36,30/12/19,21:36:00,0.9,398,0.87
Protection,Mourachan,Brigalow,Dingo,Protected,High,7/5/20 22:33,7/5/20,22:33:36,0.94,398,0.95
Protection,Mourachan,Brigalow,Dingo,Protected,High,10/4/20 23:16,10/4/20,23:16:48,0.97,398,0.97
Protection,Mourachan,Brigalow,Dingo,Protected,High,10/4/20 23:16,10/4/20,23:16:48,0.97,398,0.97
Protection,Mourachan,Brigalow,Fox,Protected,High,14/8/20 0:00,14/8/20,0:00:00,0,398,0.99
Protection,Mourachan,Brigalow,Fox,Protected,High,13/8/20 0:00,13/8/20,0:00:00,1,398,0.99
Protection,Mourachan,Brigalow,Fox,Protected,High,21/8/20 0:00,21/8/20,0:00:00,0,398,0.99
Protection,Mourachan,Dead_Cow,Dingo,Protected,High,3/1/20 4:33,3/1/20,4:33:36,0.19,398,0.2
Protection,Mourachan,Dead_Cow,Dingo,Protected,High,3/1/20 4:33,3/1/20,4:33:36,0.19,398,0.2
Protection,Mourachan,Dead_Cow,Dingo,Protected,High,3/1/20 4:33,3/1/20,4:33:36,0.19,398,0.2
Protection,Mourachan,Dead_Cow,Dingo,Protected,High,3/1/20 4:33,3/1/20,4:33:36,0.19,398,0.2
Protection,Mourachan,Dead_Cow,Dingo,Protected,High,3/1/20 4:33,3/1/20,4:33:36,0.19,398,0.2
Protection,Mourachan,Dead_Cow,Dingo,Protected,High,3/1/20 4:33,3/1/20,4:33:36,0.19,398,0.2
Protection,Mourachan,Dead_Cow,Dingo,Protected,High,3/1/20 4:48,3/1/20,4:48:00,0.2,398,0.21
Protection,Mourachan,Dead_Cow,Dingo,Protected,High,3/1/20 4:48,3/1/20,4:48:00,0.2,398,0.21
Protection,Mourachan,Dead_Cow,Dingo,Protected,High,3/1/20 4:48,3/1/20,4:48:00,0.2,398,0.21
Protection,Mourachan,Dead_Cow,Dingo,Protected,High,3/1/20 4:48,3/1/20,4:48:00,0.2,398,0.21
Protection,Mourachan,Dead_Cow,Dingo,Protected,High,3/1/20 4:48,3/1/20,4:48:00,0.2,398,0.21
Protection,Mourachan,Dead_Cow,Dingo,Protected,High,3/1/20 4:48,3/1/20,4:48:00,0.2,398,0.21
Protection,Mourachan,Dead_Cow,Dingo,Protected,High,3/1/20 4:48,3/1/20,4:48:00,0.2,398,0.21
Protection,Mourachan,Dead_Cow,Dingo,Protected,High,3/1/20 4:48,3/1/20,4:48:00,0.2,398,0.21
Protection,Mourachan,Dead_Cow,Dingo,Protected,High,6/1/20 5:16,6/1/20,5:16:48,0.22,398,0.24
Protection,Mourachan,Dead_Cow,Dingo,Protected,High,6/1/20 5:16,6/1/20,5:16:48,0.22,398,0.24
Protection,Mourachan,Dead_Cow,Dingo,Protected,High,8/1/20 5:16,8/1/20,5:16:48,0.22,398,0.24
Protection,Mourachan,Dead_Cow,Dingo,Protected,High,8/1/20 5:16,8/1/20,5:16:48,0.22,398,0.24
Protection,Mourachan,Dead_Cow,Dingo,Protected,High,8/1/20 5:16,8/1/20,5:16:48,0.22,398,0.24
Protection,Mourachan,Dead_Cow,Dingo,Protected,High,8/1/20 5:16,8/1/20,5:16:48,0.22,398,0.24
Protection,Mourachan,Dead_Cow,Dingo,Protected,High,8/1/20 5:16,8/1/20,5:16:48,0.22,398,0.24
Protection,Mourachan,Dead_Cow,Dingo,Protected,High,8/1/20 5:16,8/1/20,5:16:48,0.22,398,0.24
Protection,Mourachan,Dead_Cow,Dingo,Protected,High,8/1/20 5:16,8/1/20,5:16:48,0.22,398,0.24
Protection,Mourachan,Dead_Cow,Dingo,Protected,High,8/1/20 5:16,8/1/20,5:16:48,0.22,398,0.24
Protection,Mourachan,Dead_Cow,Dingo,Protected,High,8/1/20 5:16,8/1/20,5:16:48,0.22,398,0.24
Protection,Mourachan,Dead_Cow,Dingo,Protected,High,8/1/20 5:16,8/1/20,5:16:48,0.22,398,0.24
Protection,Mourachan,Dead_Cow,Dingo,Protected,High,8/1/20 5:16,8/1/20,5:16:48,0.22,398,0.24
Protection,Mourachan,Dead_Cow,Dingo,Protected,High,8/1/20 5:16,8/1/20,5:16:48,0.22,398,0.24
Protection,Mourachan,Dead_Cow,Dingo,Protected,High,8/1/20 5:16,8/1/20,5:16:48,0.22,398,0.24
Protection,Mourachan,Dead_Cow,Dingo,Protected,High,8/1/20 5:16,8/1/20,5:16:48,0.22,398,0.24
Protection,Mourachan,Dead_Cow,Dingo,Protected,High,8/1/20 5:16,8/1/20,5:16:48,0.22,398,0.24
Protection,Mourachan,Dead_Cow,Dingo,Protected,High,8/1/20 5:16,8/1/20,5:16:48,0.22,398,0.24
Protection,Mourachan,Dead_Cow,Dingo,Protected,High,8/1/20 5:16,8/1/20,5:16:48,0.22,398,0.24
Protection,Mourachan,Dead_Cow,Dingo,Protected,High,8/1/20 5:16,8/1/20,5:16:48,0.22,398,0.24
Protection,Mourachan,Dead_Cow,Dingo,Protected,High,8/1/20 5:16,8/1/20,5:16:48,0.22,398,0.24
Protection,Mourachan,Dead_Cow,Dingo,Protected,High,8/1/20 5:16,8/1/20,5:16:48,0.22,398,0.24
Protection,Mourachan,Dead_Cow,Dingo,Protected,High,8/1/20 5:16,8/1/20,5:16:48,0.22,398,0.24
Protection,Mourachan,Dead_Cow,Dingo,Protected,High,8/1/20 5:16,8/1/20,5:16:48,0.22,398,0.24
Protection,Mourachan,Dead_Cow,Dingo,Protected,High,8/1/20 5:16,8/1/20,5:16:48,0.22,398,0.24
Protection,Mourachan,Dead_Cow,Dingo,Protected,High,8/1/20 5:16,8/1/20,5:16:48,0.22,398,0.24
Protection,Mourachan,Dead_Cow,Dingo,Protected,High,8/1/20 5:16,8/1/20,5:16:48,0.22,398,0.24
Protection,Mourachan,Dead_Cow,Dingo,Protected,High,8/1/20 5:16,8/1/20,5:16:48,0.22,398,0.24
Protection,Mourachan,Dead_Cow,Dingo,Protected,High,8/1/20 5:16,8/1/20,5:16:48,0.22,398,0.24
Protection,Mourachan,Dead_Cow,Dingo,Protected,High,8/1/20 5:16,8/1/20,5:16:48,0.22,398,0.24
Protection,Mourachan,Dead_Cow,Dingo,Protected,High,8/1/20 5:16,8/1/20,5:16:48,0.22,398,0.24
Protection,Mourachan,Dead_Cow,Dingo,Protected,High,19/6/20 7:26,19/6/20,7:26:24,0.31,398,0.28
Protection,Mourachan,Dead_Cow,Dingo,Protected,High,19/6/20 7:26,19/6/20,7:26:24,0.31,398,0.28
Protection,Mourachan,Dead_Cow,Dingo,Protected,High,19/6/20 7:26,19/6/20,7:26:24,0.31,398,0.28
Protection,Mourachan,Dead_Cow,Dingo,Protected,High,19/6/20 7:26,19/6/20,7:26:24,0.31,398,0.28
Protection,Mourachan,Dead_Cow,Dingo,Protected,High,19/6/20 7:26,19/6/20,7:26:24,0.31,398,0.28
Protection,Mourachan,Dead_Cow,Dingo,Protected,High,19/6/20 7:26,19/6/20,7:26:24,0.31,398,0.28
Protection,Mourachan,Dead_Cow,Dingo,Protected,High,19/6/20 7:26,19/6/20,7:26:24,0.31,398,0.28
Protection,Mourachan,Dead_Cow,Dingo,Protected,High,19/6/20 7:26,19/6/20,7:26:24,0.31,398,0.28
Protection,Mourachan,Dead_Cow,Dingo,Protected,High,19/6/20 7:26,19/6/20,7:26:24,0.31,398,0.28
Protection,Mourachan,Dead_Cow,Dingo,Protected,High,19/6/20 7:26,19/6/20,7:26:24,0.31,398,0.28
Protection,Mourachan,Dead_Cow,Dingo,Protected,High,9/1/20 6:28,9/1/20,6:28:48,0.27,398,0.28
Protection,Mourachan,Dead_Cow,Dingo,Protected,High,9/1/20 6:28,9/1/20,6:28:48,0.27,398,0.28
Protection,Mourachan,Dead_Cow,Dingo,Protected,High,9/1/20 6:28,9/1/20,6:28:48,0.27,398,0.28
Protection,Mourachan,Dead_Cow,Dingo,Protected,High,9/1/20 6:28,9/1/20,6:28:48,0.27,398,0.28
Protection,Mourachan,Dead_Cow,Dingo,Protected,High,9/1/20 6:28,9/1/20,6:28:48,0.27,398,0.28
Protection,Mourachan,Dead_Cow,Dingo,Protected,High,9/1/20 6:28,9/1/20,6:28:48,0.27,398,0.28
Protection,Mourachan,Dead_Cow,Dingo,Protected,High,9/1/20 6:28,9/1/20,6:28:48,0.27,398,0.28
Protection,Mourachan,Dead_Cow,Dingo,Protected,High,9/1/20 6:28,9/1/20,6:28:48,0.27,398,0.28
Protection,Mourachan,Dead_Cow,Dingo,Protected,High,9/1/20 6:28,9/1/20,6:28:48,0.27,398,0.28
Protection,Mourachan,Dead_Cow,Dingo,Protected,High,9/1/20 6:28,9/1/20,6:28:48,0.27,398,0.28
Protection,Mourachan,Dead_Cow,Dingo,Protected,High,9/1/20 6:28,9/1/20,6:28:48,0.27,398,0.28
Protection,Mourachan,Dead_Cow,Dingo,Protected,High,9/1/20 6:28,9/1/20,6:28:48,0.27,398,0.28
Protection,Mourachan,Dead_Cow,Dingo,Protected,High,9/1/20 6:28,9/1/20,6:28:48,0.27,398,0.28
Protection,Mourachan,Dead_Cow,Dingo,Protected,High,9/1/20 6:28,9/1/20,6:28:48,0.27,398,0.28
Protection,Mourachan,Dead_Cow,Dingo,Protected,High,17/1/20 7:55,17/1/20,7:55:12,0.33,398,0.34
Protection,Mourachan,Dead_Cow,Dingo,Protected,High,17/1/20 7:55,17/1/20,7:55:12,0.33,398,0.34
Protection,Mourachan,Dead_Cow,Dingo,Protected,High,7/1/20 9:07,7/1/20,9:07:12,0.38,398,0.38
Protection,Mourachan,Dead_Cow,Dingo,Protected,High,7/1/20 9:07,7/1/20,9:07:12,0.38,398,0.38
Protection,Mourachan,Dead_Cow,Dingo,Protected,High,7/1/20 9:07,7/1/20,9:07:12,0.38,398,0.38
Protection,Mourachan,Dead_Cow,Dingo,Protected,High,7/1/20 9:07,7/1/20,9:07:12,0.38,398,0.38
Protection,Mourachan,Dead_Cow,Dingo,Protected,High,7/1/20 9:07,7/1/20,9:07:12,0.38,398,0.38
Protection,Mourachan,Dead_Cow,Dingo,Protected,High,7/1/20 9:07,7/1/20,9:07:12,0.38,398,0.38
Protection,Mourachan,Dead_Cow,Dingo,Protected,High,7/1/20 9:36,7/1/20,9:36:00,0.4,398,0.4
Protection,Mourachan,Dead_Cow,Dingo,Protected,High,7/1/20 9:36,7/1/20,9:36:00,0.4,398,0.4
Protection,Mourachan,Dead_Cow,Dingo,Protected,High,7/1/20 9:36,7/1/20,9:36:00,0.4,398,0.4
Protection,Mourachan,Dead_Cow,Dingo,Protected,High,7/1/20 9:36,7/1/20,9:36:00,0.4,398,0.4
Protection,Mourachan,Dead_Cow,Dingo,Protected,High,7/1/20 9:36,7/1/20,9:36:00,0.4,398,0.4
Protection,Mourachan,Dead_Cow,Dingo,Protected,High,7/1/20 9:36,7/1/20,9:36:00,0.4,398,0.4
Protection,Mourachan,Dead_Cow,Dingo,Protected,High,28/4/20 12:00,28/4/20,12:00:00,0.5,398,0.5
Protection,Mourachan,Dead_Cow,Dingo,Protected,High,28/4/20 12:28,28/4/20,12:28:48,0.52,398,0.52
Protection,Mourachan,Dead_Cow,Dingo,Protected,High,28/4/20 12:28,28/4/20,12:28:48,0.52,398,0.52
Protection,Mourachan,Dead_Cow,Dingo,Protected,High,28/4/20 12:28,28/4/20,12:28:48,0.52,398,0.52
Protection,Mourachan,Dead_Cow,Dingo,Protected,High,28/4/20 14:09,28/4/20,14:09:36,0.59,398,0.59
Protection,Mourachan,Dead_Cow,Dingo,Protected,High,28/4/20 14:09,28/4/20,14:09:36,0.59,398,0.59
Protection,Mourachan,Dead_Cow,Dingo,Protected,High,3/1/20 18:00,3/1/20,18:00:00,0.75,398,0.71
Protection,Mourachan,Dead_Cow,Dingo,Protected,High,3/1/20 18:00,3/1/20,18:00:00,0.75,398,0.71
Protection,Mourachan,Dead_Cow,Dingo,Protected,High,30/3/20 18:28,30/3/20,18:28:48,0.77,398,0.76
Protection,Mourachan,Dead_Cow,Dingo,Protected,High,30/3/20 18:28,30/3/20,18:28:48,0.77,398,0.76
Protection,Mourachan,Dead_Cow,Dingo,Protected,High,12/1/20 19:26,12/1/20,19:26:24,0.81,398,0.76
Protection,Mourachan,Dead_Cow,Dingo,Protected,High,12/1/20 19:26,12/1/20,19:26:24,0.81,398,0.76
Protection,Mourachan,Dead_Cow,Fox,Protected,High,16/12/19 23:02,16/12/19,23:02:24,0.96,398,0.94
Protection,Mourachan,Dead_Cow,Fox,Protected,High,16/12/19 23:02,16/12/19,23:02:24,0.96,398,0.94
Protection,Mourachan,Dead_Cow,Fox,Protected,High,16/12/19 23:02,16/12/19,23:02:24,0.96,398,0.94
Protection,Mourachan,Dead_Cow,Fox,Protected,High,16/12/19 23:02,16/12/19,23:02:24,0.96,398,0.94
Protection,Mourachan,Death,Dingo,Protected,High,31/8/20 0:14,31/8/20,0:14:24,0.01,394,0
Protection,Mourachan,Death,Dingo,Protected,High,8/6/20 0:43,8/6/20,0:43:12,0.03,394,0.02
Protection,Mourachan,Death,Dingo,Protected,High,8/6/20 0:43,8/6/20,0:43:12,0.03,394,0.02
Protection,Mourachan,Death,Dingo,Protected,High,24/12/19 0:43,24/12/19,0:43:12,0.03,394,0.03
Protection,Mourachan,Death,Dingo,Protected,High,14/12/19 0:43,14/12/19,0:43:12,0.03,394,0.03
Protection,Mourachan,Death,Dingo,Protected,High,14/12/19 0:43,14/12/19,0:43:12,0.03,394,0.03
Protection,Mourachan,Death,Dingo,Protected,High,14/12/19 0:43,14/12/19,0:43:12,0.03,394,0.03
Protection,Mourachan,Death,Fox,Protected,High,23/3/20 1:40,23/3/20,1:40:48,0.07,394,0.06
Protection,Mourachan,Death,Dingo,Protected,High,4/1/20 1:55,4/1/20,1:55:12,0.08,394,0.07
Protection,Mourachan,Death,Dingo,Protected,High,14/8/20 2:09,14/8/20,2:09:36,0.09,394,0.08
Protection,Mourachan,Death,Dingo,Protected,High,2/9/20 1:55,2/9/20,1:55:12,0.08,394,0.08
Protection,Mourachan,Death,Dingo,Protected,High,4/7/20 2:24,4/7/20,2:24:00,0.1,394,0.08
Protection,Mourachan,Death,Dingo,Protected,High,4/7/20 2:24,4/7/20,2:24:00,0.1,394,0.08
Protection,Mourachan,Death,Dingo,Protected,High,4/7/20 2:24,4/7/20,2:24:00,0.1,394,0.08
Protection,Mourachan,Death,Fox,Protected,High,16/1/20 2:09,16/1/20,2:09:36,0.09,394,0.09
Protection,Mourachan,Death,Dingo,Protected,High,2/9/20 2:09,2/9/20,2:09:36,0.09,394,0.09
Protection,Mourachan,Death,Dingo,Protected,High,17/12/19 2:38,17/12/19,2:38:24,0.11,394,0.12
Protection,Mourachan,Death,Dingo,Protected,High,29/5/20 3:21,29/5/20,3:21:36,0.14,394,0.13
Protection,Mourachan,Death,Dingo,Protected,High,14/8/20 3:50,14/8/20,3:50:24,0.16,394,0.14
Protection,Mourachan,Death,Fox,Protected,High,23/5/20 3:50,23/5/20,3:50:24,0.16,394,0.14
Protection,Mourachan,Death,Fox,Protected,High,6/12/19 3:21,6/12/19,3:21:36,0.14,394,0.16
Protection,Mourachan,Death,Dingo,Protected,High,28/5/20 4:19,28/5/20,4:19:12,0.18,394,0.16
Protection,Mourachan,Death,Dingo,Protected,High,28/11/19 3:21,28/11/19,3:21:36,0.14,394,0.16
Protection,Mourachan,Death,Dingo,Protected,High,28/11/19 3:21,28/11/19,3:21:36,0.14,394,0.16
Protection,Mourachan,Death,Dingo,Protected,High,12/1/20 3:50,12/1/20,3:50:24,0.16,394,0.17
Protection,Mourachan,Death,Fox,Protected,High,8/4/20 4:19,8/4/20,4:19:12,0.18,394,0.17
Protection,Mourachan,Death,Dingo,Protected,High,24/8/20 4:33,24/8/20,4:33:36,0.19,394,0.17
Protection,Mourachan,Death,Dingo,Protected,High,24/8/20 4:33,24/8/20,4:33:36,0.19,394,0.17
Protection,Mourachan,Death,Dingo,Protected,High,4/6/20 4:48,4/6/20,4:48:00,0.2,394,0.17
Protection,Mourachan,Death,Dingo,Protected,High,4/6/20 4:48,4/6/20,4:48:00,0.2,394,0.17
Protection,Mourachan,Death,Dingo,Protected,High,4/6/20 4:48,4/6/20,4:48:00,0.2,394,0.17
Protection,Mourachan,Death,Dingo,Protected,High,4/6/20 4:48,4/6/20,4:48:00,0.2,394,0.17
Protection,Mourachan,Death,Dingo,Protected,High,4/6/20 4:48,4/6/20,4:48:00,0.2,394,0.17
Protection,Mourachan,Death,Fox,Protected,High,23/6/20 4:48,23/6/20,4:48:00,0.2,394,0.17
Protection,Mourachan,Death,Dingo,Protected,High,14/8/20 4:48,14/8/20,4:48:00,0.2,394,0.18
Protection,Mourachan,Death,Dingo,Protected,High,17/12/19 3:50,17/12/19,3:50:24,0.16,394,0.18
Protection,Mourachan,Death,Fox,Protected,High,13/4/20 4:48,13/4/20,4:48:00,0.2,394,0.19
Protection,Mourachan,Death,Dingo,Protected,High,1/1/20 4:19,1/1/20,4:19:12,0.18,394,0.19
Protection,Mourachan,Death,Fox,Protected,High,6/7/20 5:16,6/7/20,5:16:48,0.22,394,0.19
Protection,Mourachan,Death,Dingo,Protected,High,29/8/20 5:02,29/8/20,5:02:24,0.21,394,0.19
Protection,Mourachan,Death,Dingo,Protected,High,2/6/20 5:16,2/6/20,5:16:48,0.22,394,0.19
Protection,Mourachan,Death,Dingo,Protected,High,7/8/20 5:16,7/8/20,5:16:48,0.22,394,0.2
Protection,Mourachan,Death,Dingo,Protected,High,4/1/20 4:48,4/1/20,4:48:00,0.2,394,0.21
Protection,Mourachan,Death,Dingo,Protected,High,17/12/19 4:33,17/12/19,4:33:36,0.19,394,0.22
Protection,Mourachan,Death,Dingo,Protected,High,23/8/20 5:45,23/8/20,5:45:36,0.24,394,0.22
Protection,Mourachan,Death,Dingo,Protected,High,16/12/19 4:48,16/12/19,4:48:00,0.2,394,0.23
Protection,Mourachan,Death,Dingo,Protected,High,18/12/19 5:02,18/12/19,5:02:24,0.21,394,0.24
Protection,Mourachan,Death,Dingo,Protected,High,25/12/19 5:16,25/12/19,5:16:48,0.22,394,0.25
Protection,Mourachan,Death,Dingo,Protected,High,27/11/19 5:16,27/11/19,5:16:48,0.22,394,0.25
Protection,Mourachan,Death,Dingo,Protected,High,27/11/19 5:16,27/11/19,5:16:48,0.22,394,0.25
Protection,Mourachan,Death,Dingo,Protected,High,27/11/19 5:16,27/11/19,5:16:48,0.22,394,0.25
Protection,Mourachan,Death,Dingo,Protected,High,9/1/20 5:45,9/1/20,5:45:36,0.24,394,0.26
Protection,Mourachan,Death,Dingo,Protected,High,5/9/20 6:14,5/9/20,6:14:24,0.26,394,0.26
Protection,Mourachan,Death,Dingo,Protected,High,24/12/19 5:31,24/12/19,5:31:12,0.23,394,0.26
Protection,Mourachan,Death,Dingo,Protected,High,19/12/19 5:31,19/12/19,5:31:12,0.23,394,0.26
Protection,Mourachan,Death,Dingo,Protected,High,29/4/20 6:43,29/4/20,6:43:12,0.28,394,0.26
Protection,Mourachan,Death,Dingo,Protected,High,26/6/20 7:12,26/6/20,7:12:00,0.3,394,0.26
Protection,Mourachan,Death,Dingo,Protected,High,5/9/20 6:28,5/9/20,6:28:48,0.27,394,0.27
Protection,Mourachan,Death,Dingo,Protected,High,8/12/19 5:45,8/12/19,5:45:36,0.24,394,0.27
Protection,Mourachan,Death,Dingo,Protected,High,1/12/19 5:45,1/12/19,5:45:36,0.24,394,0.27
Protection,Mourachan,Death,Dingo,Protected,High,19/12/19 5:45,19/12/19,5:45:36,0.24,394,0.27
Protection,Mourachan,Death,Dingo,Protected,High,15/1/20 6:14,15/1/20,6:14:24,0.26,394,0.27
Protection,Mourachan,Death,Dingo,Protected,High,26/6/20 7:26,26/6/20,7:26:24,0.31,394,0.28
Protection,Mourachan,Death,Dingo,Protected,High,18/8/20 7:12,18/8/20,7:12:00,0.3,394,0.28
Protection,Mourachan,Death,Dingo,Protected,High,30/12/19 6:00,30/12/19,6:00:00,0.25,394,0.28
Protection,Mourachan,Death,Dingo,Protected,High,30/12/19 6:00,30/12/19,6:00:00,0.25,394,0.28
Protection,Mourachan,Death,Dingo,Protected,High,27/12/19 6:00,27/12/19,6:00:00,0.25,394,0.28
Protection,Mourachan,Death,Dingo,Protected,High,15/1/20 6:28,15/1/20,6:28:48,0.27,394,0.28
Protection,Mourachan,Death,Dingo,Protected,High,15/1/20 6:28,15/1/20,6:28:48,0.27,394,0.28
Protection,Mourachan,Death,Dingo,Protected,High,15/1/20 6:28,15/1/20,6:28:48,0.27,394,0.28
Protection,Mourachan,Death,Dingo,Protected,High,24/12/19 6:14,24/12/19,6:14:24,0.26,394,0.29
Protection,Mourachan,Death,Dingo,Protected,High,27/12/19 6:14,27/12/19,6:14:24,0.26,394,0.29
Protection,Mourachan,Death,Dingo,Protected,High,27/12/19 6:14,27/12/19,6:14:24,0.26,394,0.29
Protection,Mourachan,Death,Dingo,Protected,High,29/8/20 7:26,29/8/20,7:26:24,0.31,394,0.29
Protection,Mourachan,Death,Dingo,Protected,High,21/1/20 6:43,21/1/20,6:43:12,0.28,394,0.29
Protection,Mourachan,Death,Dingo,Protected,High,14/1/20 6:43,14/1/20,6:43:12,0.28,394,0.29
Protection,Mourachan,Death,Dingo,Protected,High,14/1/20 6:43,14/1/20,6:43:12,0.28,394,0.29
Protection,Mourachan,Death,Dingo,Protected,High,14/1/20 6:43,14/1/20,6:43:12,0.28,394,0.29
Protection,Mourachan,Death,Dingo,Protected,High,21/4/20 7:26,21/4/20,7:26:24,0.31,394,0.29
Protection,Mourachan,Death,Dingo,Protected,High,26/4/20 7:26,26/4/20,7:26:24,0.31,394,0.29
Protection,Mourachan,Death,Dingo,Protected,High,29/12/19 6:28,29/12/19,6:28:48,0.27,394,0.3
Protection,Mourachan,Death,Dingo,Protected,High,11/12/19 6:28,11/12/19,6:28:48,0.27,394,0.3
Protection,Mourachan,Death,Dingo,Protected,High,13/1/20 6:57,13/1/20,6:57:36,0.29,394,0.3
Protection,Mourachan,Death,Dingo,Protected,High,29/12/19 6:43,29/12/19,6:43:12,0.28,394,0.3
Protection,Mourachan,Death,Dingo,Protected,High,29/4/20 7:40,29/4/20,7:40:48,0.32,394,0.31
Protection,Mourachan,Death,Dingo,Protected,High,21/1/20 7:12,21/1/20,7:12:00,0.3,394,0.31
Protection,Mourachan,Death,Dingo,Protected,High,29/12/19 6:57,29/12/19,6:57:36,0.29,394,0.31
Protection,Mourachan,Death,Dingo,Protected,High,18/12/19 6:57,18/12/19,6:57:36,0.29,394,0.31
Protection,Mourachan,Death,Dingo,Protected,High,19/2/20 7:40,19/2/20,7:40:48,0.32,394,0.32
Protection,Mourachan,Death,Dingo,Protected,High,20/1/20 7:26,20/1/20,7:26:24,0.31,394,0.32
Protection,Mourachan,Death,Dingo,Protected,High,19/8/20 8:09,19/8/20,8:09:36,0.34,394,0.32
Protection,Mourachan,Death,Dingo,Protected,High,29/7/20 8:24,29/7/20,8:24:00,0.35,394,0.32
Protection,Mourachan,Death,Dingo,Protected,High,20/12/19 7:12,20/12/19,7:12:00,0.3,394,0.32
Protection,Mourachan,Death,Dingo,Protected,High,20/12/19 7:12,20/12/19,7:12:00,0.3,394,0.32
Protection,Mourachan,Death,Dingo,Protected,High,18/2/20 7:55,18/2/20,7:55:12,0.33,394,0.33
Protection,Mourachan,Death,Dingo,Protected,High,17/1/20 7:40,17/1/20,7:40:48,0.32,394,0.33
Protection,Mourachan,Death,Dingo,Protected,High,10/1/20 7:40,10/1/20,7:40:48,0.32,394,0.33
Protection,Mourachan,Death,Dingo,Protected,High,10/1/20 7:40,10/1/20,7:40:48,0.32,394,0.33
Protection,Mourachan,Death,Dingo,Protected,High,10/1/20 7:40,10/1/20,7:40:48,0.32,394,0.33
Protection,Mourachan,Death,Dingo,Protected,High,20/1/20 7:40,20/1/20,7:40:48,0.32,394,0.33
Protection,Mourachan,Death,Dingo,Protected,High,20/1/20 7:40,20/1/20,7:40:48,0.32,394,0.33
Protection,Mourachan,Death,Dingo,Protected,High,26/12/19 7:26,26/12/19,7:26:24,0.31,394,0.33
Protection,Mourachan,Death,Dingo,Protected,High,13/1/20 7:55,13/1/20,7:55:12,0.33,394,0.34
Protection,Mourachan,Death,Dingo,Protected,High,9/1/20 7:55,9/1/20,7:55:12,0.33,394,0.34
Protection,Mourachan,Death,Dingo,Protected,High,27/12/19 7:40,27/12/19,7:40:48,0.32,394,0.34
Protection,Mourachan,Death,Dingo,Protected,High,27/12/19 7:40,27/12/19,7:40:48,0.32,394,0.34
Protection,Mourachan,Death,Dingo,Protected,High,14/1/20 8:09,14/1/20,8:09:36,0.34,394,0.34
Protection,Mourachan,Death,Dingo,Protected,High,14/1/20 8:09,14/1/20,8:09:36,0.34,394,0.34
Protection,Mourachan,Death,Dingo,Protected,High,14/1/20 8:09,14/1/20,8:09:36,0.34,394,0.34
Protection,Mourachan,Death,Dingo,Protected,High,3/9/20 8:24,3/9/20,8:24:00,0.35,394,0.35
Protection,Mourachan,Death,Dingo,Protected,High,5/9/20 8:24,5/9/20,8:24:00,0.35,394,0.35
Protection,Mourachan,Death,Dingo,Protected,High,4/9/20 8:24,4/9/20,8:24:00,0.35,394,0.35
Protection,Mourachan,Death,Dingo,Protected,High,27/11/19 7:55,27/11/19,7:55:12,0.33,394,0.35
Protection,Mourachan,Death,Dingo,Protected,High,4/1/20 8:24,4/1/20,8:24:00,0.35,394,0.35
Protection,Mourachan,Death,Dingo,Protected,High,4/1/20 8:24,4/1/20,8:24:00,0.35,394,0.35
Protection,Mourachan,Death,Dingo,Protected,High,4/1/20 8:24,4/1/20,8:24:00,0.35,394,0.35
Protection,Mourachan,Death,Dingo,Protected,High,4/1/20 8:24,4/1/20,8:24:00,0.35,394,0.35
Protection,Mourachan,Death,Dingo,Protected,High,4/1/20 8:24,4/1/20,8:24:00,0.35,394,0.35
Protection,Mourachan,Death,Dingo,Protected,High,4/1/20 8:24,4/1/20,8:24:00,0.35,394,0.35
Protection,Mourachan,Death,Dingo,Protected,High,4/1/20 8:24,4/1/20,8:24:00,0.35,394,0.35
Protection,Mourachan,Death,Dingo,Protected,High,19/7/20 9:07,19/7/20,9:07:12,0.38,394,0.35
Protection,Mourachan,Death,Dingo,Protected,High,26/12/19 8:09,26/12/19,8:09:36,0.34,394,0.36
Protection,Mourachan,Death,Dingo,Protected,High,30/12/19 8:09,30/12/19,8:09:36,0.34,394,0.36
Protection,Mourachan,Death,Dingo,Protected,High,30/12/19 8:09,30/12/19,8:09:36,0.34,394,0.36
Protection,Mourachan,Death,Dingo,Protected,High,22/11/19 8:09,22/11/19,8:09:36,0.34,394,0.36
Protection,Mourachan,Death,Dingo,Protected,High,22/11/19 8:09,22/11/19,8:09:36,0.34,394,0.36
Protection,Mourachan,Death,Dingo,Protected,High,27/11/19 8:09,27/11/19,8:09:36,0.34,394,0.36
Protection,Mourachan,Death,Dingo,Protected,High,27/11/19 8:09,27/11/19,8:09:36,0.34,394,0.36
Protection,Mourachan,Death,Dingo,Protected,High,27/11/19 8:09,27/11/19,8:09:36,0.34,394,0.36
Protection,Mourachan,Death,Dingo,Protected,High,27/11/19 8:09,27/11/19,8:09:36,0.34,394,0.36
Protection,Mourachan,Death,Dingo,Protected,High,27/11/19 8:09,27/11/19,8:09:36,0.34,394,0.36
Protection,Mourachan,Death,Dingo,Protected,High,27/11/19 8:09,27/11/19,8:09:36,0.34,394,0.36
Protection,Mourachan,Death,Dingo,Protected,High,27/11/19 8:09,27/11/19,8:09:36,0.34,394,0.36
Protection,Mourachan,Death,Dingo,Protected,High,27/11/19 8:09,27/11/19,8:09:36,0.34,394,0.36
Protection,Mourachan,Death,Dingo,Protected,High,27/11/19 8:09,27/11/19,8:09:36,0.34,394,0.36
Protection,Mourachan,Death,Dingo,Protected,High,27/11/19 8:09,27/11/19,8:09:36,0.34,394,0.36
Protection,Mourachan,Death,Dingo,Protected,High,27/11/19 8:09,27/11/19,8:09:36,0.34,394,0.36
Protection,Mourachan,Death,Dingo,Protected,High,27/11/19 8:09,27/11/19,8:09:36,0.34,394,0.36
Protection,Mourachan,Death,Dingo,Protected,High,27/11/19 8:09,27/11/19,8:09:36,0.34,394,0.36
Protection,Mourachan,Death,Dingo,Protected,High,27/11/19 8:09,27/11/19,8:09:36,0.34,394,0.36
Protection,Mourachan,Death,Dingo,Protected,High,27/11/19 8:09,27/11/19,8:09:36,0.34,394,0.36
Protection,Mourachan,Death,Dingo,Protected,High,27/11/19 8:09,27/11/19,8:09:36,0.34,394,0.36
Protection,Mourachan,Death,Dingo,Protected,High,27/11/19 8:09,27/11/19,8:09:36,0.34,394,0.36
Protection,Mourachan,Death,Dingo,Protected,High,27/11/19 8:09,27/11/19,8:09:36,0.34,394,0.36
Protection,Mourachan,Death,Dingo,Protected,High,16/1/20 8:38,16/1/20,8:38:24,0.36,394,0.36
Protection,Mourachan,Death,Dingo,Protected,High,29/8/20 9:07,29/8/20,9:07:12,0.38,394,0.36
Protection,Mourachan,Death,Dingo,Protected,High,18/12/19 8:38,18/12/19,8:38:24,0.36,394,0.37
Protection,Mourachan,Death,Dingo,Protected,High,21/3/20 9:21,21/3/20,9:21:36,0.39,394,0.38
Protection,Mourachan,Death,Dingo,Protected,High,18/12/19 8:52,18/12/19,8:52:48,0.37,394,0.38
Protection,Mourachan,Death,Dingo,Protected,High,4/1/20 9:21,4/1/20,9:21:36,0.39,394,0.39
Protection,Mourachan,Death,Dingo,Protected,High,3/7/20 9:50,3/7/20,9:50:24,0.41,394,0.39
Protection,Mourachan,Death,Dingo,Protected,High,17/12/19 9:07,17/12/19,9:07:12,0.38,394,0.39
Protection,Mourachan,Death,Dingo,Protected,High,17/12/19 9:07,17/12/19,9:07:12,0.38,394,0.39
Protection,Mourachan,Death,Dingo,Protected,High,17/12/19 9:07,17/12/19,9:07:12,0.38,394,0.39
Protection,Mourachan,Death,Dingo,Protected,High,10/1/20 9:36,10/1/20,9:36:00,0.4,394,0.4
Protection,Mourachan,Death,Dingo,Protected,High,10/1/20 9:36,10/1/20,9:36:00,0.4,394,0.4
Protection,Mourachan,Death,Dingo,Protected,High,10/1/20 9:36,10/1/20,9:36:00,0.4,394,0.4
Protection,Mourachan,Death,Dingo,Protected,High,10/1/20 9:36,10/1/20,9:36:00,0.4,394,0.4
Protection,Mourachan,Death,Dingo,Protected,High,10/1/20 9:36,10/1/20,9:36:00,0.4,394,0.4
Protection,Mourachan,Death,Dingo,Protected,High,3/1/20 9:36,3/1/20,9:36:00,0.4,394,0.4
Protection,Mourachan,Death,Dingo,Protected,High,9/1/20 9:50,9/1/20,9:50:24,0.41,394,0.41
Protection,Mourachan,Death,Dingo,Protected,High,9/1/20 9:50,9/1/20,9:50:24,0.41,394,0.41
Protection,Mourachan,Death,Dingo,Protected,High,10/1/20 9:50,10/1/20,9:50:24,0.41,394,0.41
Protection,Mourachan,Death,Dingo,Protected,High,10/1/20 9:50,10/1/20,9:50:24,0.41,394,0.41
Protection,Mourachan,Death,Dingo,Protected,High,14/1/20 9:50,14/1/20,9:50:24,0.41,394,0.41
Protection,Mourachan,Death,Dingo,Protected,High,12/1/20 9:50,12/1/20,9:50:24,0.41,394,0.41
Protection,Mourachan,Death,Dingo,Protected,High,29/8/20 10:04,29/8/20,10:04:48,0.42,394,0.41
Protection,Mourachan,Death,Dingo,Protected,High,28/7/20 10:19,28/7/20,10:19:12,0.43,394,0.41
Protection,Mourachan,Death,Dingo,Protected,High,10/1/20 10:04,10/1/20,10:04:48,0.42,394,0.42
Protection,Mourachan,Death,Dingo,Protected,High,11/1/20 10:04,11/1/20,10:04:48,0.42,394,0.42
Protection,Mourachan,Death,Dingo,Protected,High,3/1/20 10:04,3/1/20,10:04:48,0.42,394,0.42
Protection,Mourachan,Death,Dingo,Protected,High,25/12/19 9:50,25/12/19,9:50:24,0.41,394,0.42
Protection,Mourachan,Death,Dingo,Protected,High,31/12/19 9:50,31/12/19,9:50:24,0.41,394,0.42
Protection,Mourachan,Death,Dingo,Protected,High,14/1/20 10:19,14/1/20,10:19:12,0.43,394,0.42
Protection,Mourachan,Death,Dingo,Protected,High,6/1/20 10:19,6/1/20,10:19:12,0.43,394,0.42
Protection,Mourachan,Death,Dingo,Protected,High,24/12/19 10:04,24/12/19,10:04:48,0.42,394,0.42
Protection,Mourachan,Death,Dingo,Protected,High,29/12/19 10:04,29/12/19,10:04:48,0.42,394,0.42
Protection,Mourachan,Death,Dingo,Protected,High,22/12/19 10:04,22/12/19,10:04:48,0.42,394,0.42
Protection,Mourachan,Death,Dingo,Protected,High,22/12/19 10:04,22/12/19,10:04:48,0.42,394,0.42
Protection,Mourachan,Death,Dingo,Protected,High,4/9/20 10:19,4/9/20,10:19:12,0.43,394,0.43
Protection,Mourachan,Death,Dingo,Protected,High,5/1/20 10:33,5/1/20,10:33:36,0.44,394,0.43
Protection,Mourachan,Death,Dingo,Protected,High,10/1/20 10:48,10/1/20,10:48:00,0.45,394,0.44
Protection,Mourachan,Death,Dingo,Protected,High,5/1/20 11:02,5/1/20,11:02:24,0.46,394,0.45
Protection,Mourachan,Death,Dingo,Protected,High,5/1/20 11:02,5/1/20,11:02:24,0.46,394,0.45
Protection,Mourachan,Death,Dingo,Protected,High,13/1/20 11:02,13/1/20,11:02:24,0.46,394,0.45
Protection,Mourachan,Death,Dingo,Protected,High,13/1/20 11:02,13/1/20,11:02:24,0.46,394,0.45
Protection,Mourachan,Death,Dingo,Protected,High,4/1/20 11:02,4/1/20,11:02:24,0.46,394,0.45
Protection,Mourachan,Death,Dingo,Protected,High,19/12/19 10:48,19/12/19,10:48:00,0.45,394,0.45
Protection,Mourachan,Death,Dingo,Protected,High,9/1/20 11:16,9/1/20,11:16:48,0.47,394,0.46
Protection,Mourachan,Death,Dingo,Protected,High,11/1/20 11:16,11/1/20,11:16:48,0.47,394,0.46
Protection,Mourachan,Death,Dingo,Protected,High,8/8/20 11:16,8/8/20,11:16:48,0.47,394,0.46
Protection,Mourachan,Death,Dingo,Protected,High,8/8/20 11:16,8/8/20,11:16:48,0.47,394,0.46
Protection,Mourachan,Death,Dingo,Protected,High,22/12/19 11:16,22/12/19,11:16:48,0.47,394,0.47
Protection,Mourachan,Death,Dingo,Protected,High,22/12/19 11:16,22/12/19,11:16:48,0.47,394,0.47
Protection,Mourachan,Death,Dingo,Protected,High,22/12/19 11:31,22/12/19,11:31:12,0.48,394,0.48
Protection,Mourachan,Death,Dingo,Protected,High,5/1/20 11:45,5/1/20,11:45:36,0.49,394,0.48
Protection,Mourachan,Death,Dingo,Protected,High,5/1/20 11:45,5/1/20,11:45:36,0.49,394,0.48
Protection,Mourachan,Death,Dingo,Protected,High,5/1/20 11:45,5/1/20,11:45:36,0.49,394,0.48
Protection,Mourachan,Death,Dingo,Protected,High,4/1/20 11:45,4/1/20,11:45:36,0.49,394,0.48
Protection,Mourachan,Death,Dingo,Protected,High,30/12/19 11:45,30/12/19,11:45:36,0.49,394,0.49
Protection,Mourachan,Death,Dingo,Protected,High,26/12/19 11:45,26/12/19,11:45:36,0.49,394,0.49
Protection,Mourachan,Death,Dingo,Protected,High,26/12/19 11:45,26/12/19,11:45:36,0.49,394,0.49
Protection,Mourachan,Death,Dingo,Protected,High,26/12/19 11:45,26/12/19,11:45:36,0.49,394,0.49
Protection,Mourachan,Death,Dingo,Protected,High,26/12/19 11:45,26/12/19,11:45:36,0.49,394,0.49
Protection,Mourachan,Death,Dingo,Protected,High,26/12/19 11:45,26/12/19,11:45:36,0.49,394,0.49
Protection,Mourachan,Death,Dingo,Protected,High,10/1/20 12:00,10/1/20,12:00:00,0.5,394,0.49
Protection,Mourachan,Death,Dingo,Protected,High,14/8/20 12:00,14/8/20,12:00:00,0.5,394,0.49
Protection,Mourachan,Death,Dingo,Protected,High,29/12/19 12:00,29/12/19,12:00:00,0.5,394,0.49
Protection,Mourachan,Death,Dingo,Protected,High,29/12/19 12:00,29/12/19,12:00:00,0.5,394,0.49
Protection,Mourachan,Death,Dingo,Protected,High,29/12/19 12:00,29/12/19,12:00:00,0.5,394,0.49
Protection,Mourachan,Death,Dingo,Protected,High,29/12/19 12:00,29/12/19,12:00:00,0.5,394,0.49
Protection,Mourachan,Death,Dingo,Protected,High,29/12/19 12:00,29/12/19,12:00:00,0.5,394,0.49
Protection,Mourachan,Death,Dingo,Protected,High,29/12/19 12:00,29/12/19,12:00:00,0.5,394,0.49
Protection,Mourachan,Death,Dingo,Protected,High,6/1/20 12:14,6/1/20,12:14:24,0.51,394,0.49
Protection,Mourachan,Death,Dingo,Protected,High,24/12/19 12:14,24/12/19,12:14:24,0.51,394,0.5
Protection,Mourachan,Death,Dingo,Protected,High,25/12/19 12:14,25/12/19,12:14:24,0.51,394,0.5
Protection,Mourachan,Death,Dingo,Protected,High,25/12/19 12:14,25/12/19,12:14:24,0.51,394,0.5
Protection,Mourachan,Death,Dingo,Protected,High,25/12/19 12:14,25/12/19,12:14:24,0.51,394,0.5
Protection,Mourachan,Death,Dingo,Protected,High,25/12/19 12:14,25/12/19,12:14:24,0.51,394,0.5
Protection,Mourachan,Death,Dingo,Protected,High,25/12/19 12:14,25/12/19,12:14:24,0.51,394,0.5
Protection,Mourachan,Death,Dingo,Protected,High,25/12/19 12:14,25/12/19,12:14:24,0.51,394,0.5
Protection,Mourachan,Death,Dingo,Protected,High,25/12/19 12:14,25/12/19,12:14:24,0.51,394,0.5
Protection,Mourachan,Death,Dingo,Protected,High,25/12/19 12:14,25/12/19,12:14:24,0.51,394,0.5
Protection,Mourachan,Death,Dingo,Protected,High,25/12/19 12:14,25/12/19,12:14:24,0.51,394,0.5
Protection,Mourachan,Death,Dingo,Protected,High,25/12/19 12:14,25/12/19,12:14:24,0.51,394,0.5
Protection,Mourachan,Death,Dingo,Protected,High,25/12/19 12:14,25/12/19,12:14:24,0.51,394,0.5
Protection,Mourachan,Death,Dingo,Protected,High,25/12/19 12:14,25/12/19,12:14:24,0.51,394,0.5
Protection,Mourachan,Death,Dingo,Protected,High,25/12/19 12:14,25/12/19,12:14:24,0.51,394,0.5
Protection,Mourachan,Death,Dingo,Protected,High,25/12/19 12:14,25/12/19,12:14:24,0.51,394,0.5
Protection,Mourachan,Death,Dingo,Protected,High,25/12/19 12:14,25/12/19,12:14:24,0.51,394,0.5
Protection,Mourachan,Death,Dingo,Protected,High,21/12/19 12:14,21/12/19,12:14:24,0.51,394,0.5
Protection,Mourachan,Death,Dingo,Protected,High,22/12/19 12:14,22/12/19,12:14:24,0.51,394,0.5
Protection,Mourachan,Death,Dingo,Protected,High,5/1/20 12:28,5/1/20,12:28:48,0.52,394,0.5
Protection,Mourachan,Death,Dingo,Protected,High,7/1/20 12:28,7/1/20,12:28:48,0.52,394,0.5
Protection,Mourachan,Death,Dingo,Protected,High,24/12/19 12:28,24/12/19,12:28:48,0.52,394,0.51
Protection,Mourachan,Death,Dingo,Protected,High,29/12/19 12:28,29/12/19,12:28:48,0.52,394,0.51
Protection,Mourachan,Death,Dingo,Protected,High,22/12/19 12:28,22/12/19,12:28:48,0.52,394,0.51
Protection,Mourachan,Death,Dingo,Protected,High,22/12/19 12:28,22/12/19,12:28:48,0.52,394,0.51
Protection,Mourachan,Death,Dingo,Protected,High,9/1/20 12:43,9/1/20,12:43:12,0.53,394,0.51
Protection,Mourachan,Death,Dingo,Protected,High,9/1/20 12:43,9/1/20,12:43:12,0.53,394,0.51
Protection,Mourachan,Death,Dingo,Protected,High,7/1/20 12:43,7/1/20,12:43:12,0.53,394,0.51
Protection,Mourachan,Death,Dingo,Protected,High,6/1/20 12:57,6/1/20,12:57:36,0.54,394,0.52
Protection,Mourachan,Death,Dingo,Protected,High,6/1/20 12:57,6/1/20,12:57:36,0.54,394,0.52
Protection,Mourachan,Death,Dingo,Protected,High,6/1/20 12:57,6/1/20,12:57:36,0.54,394,0.52
Protection,Mourachan,Death,Dingo,Protected,High,6/8/20 12:43,6/8/20,12:43:12,0.53,394,0.52
Protection,Mourachan,Death,Dingo,Protected,High,8/12/19 12:57,8/12/19,12:57:36,0.54,394,0.53
Protection,Mourachan,Death,Dingo,Protected,High,8/12/19 12:57,8/12/19,12:57:36,0.54,394,0.53
Protection,Mourachan,Death,Dingo,Protected,High,11/1/20 13:12,11/1/20,13:12:00,0.55,394,0.53
Protection,Mourachan,Death,Dingo,Protected,High,4/1/20 13:12,4/1/20,13:12:00,0.55,394,0.53
Protection,Mourachan,Death,Dingo,Protected,High,25/12/19 13:26,25/12/19,13:26:24,0.56,394,0.55
Protection,Mourachan,Death,Dingo,Protected,High,9/1/20 13:40,9/1/20,13:40:48,0.57,394,0.55
Protection,Mourachan,Death,Dingo,Protected,High,9/1/20 13:40,9/1/20,13:40:48,0.57,394,0.55
Protection,Mourachan,Death,Dingo,Protected,High,9/1/20 13:40,9/1/20,13:40:48,0.57,394,0.55
Protection,Mourachan,Death,Dingo,Protected,High,24/12/19 13:40,24/12/19,13:40:48,0.57,394,0.55
Protection,Mourachan,Death,Dingo,Protected,High,24/12/19 13:40,24/12/19,13:40:48,0.57,394,0.55
Protection,Mourachan,Death,Dingo,Protected,High,25/12/19 13:40,25/12/19,13:40:48,0.57,394,0.55
Protection,Mourachan,Death,Dingo,Protected,High,9/1/20 13:55,9/1/20,13:55:12,0.58,394,0.56
Protection,Mourachan,Death,Dingo,Protected,High,3/1/20 13:55,3/1/20,13:55:12,0.58,394,0.56
Protection,Mourachan,Death,Dingo,Protected,High,29/8/20 13:26,29/8/20,13:26:24,0.56,394,0.56
Protection,Mourachan,Death,Dingo,Protected,High,26/12/19 13:55,26/12/19,13:55:12,0.58,394,0.56
Protection,Mourachan,Death,Dingo,Protected,High,19/12/19 13:55,19/12/19,13:55:12,0.58,394,0.56
Protection,Mourachan,Death,Dingo,Protected,High,19/12/19 13:55,19/12/19,13:55:12,0.58,394,0.56
Protection,Mourachan,Death,Dingo,Protected,High,23/11/19 13:40,23/11/19,13:40:48,0.57,394,0.56
Protection,Mourachan,Death,Dingo,Protected,High,23/11/19 13:40,23/11/19,13:40:48,0.57,394,0.56
Protection,Mourachan,Death,Dingo,Protected,High,23/11/19 13:40,23/11/19,13:40:48,0.57,394,0.56
Protection,Mourachan,Death,Dingo,Protected,High,23/11/19 13:40,23/11/19,13:40:48,0.57,394,0.56
Protection,Mourachan,Death,Dingo,Protected,High,7/1/20 14:09,7/1/20,14:09:36,0.59,394,0.56
Protection,Mourachan,Death,Dingo,Protected,High,24/8/20 13:40,24/8/20,13:40:48,0.57,394,0.57
Protection,Mourachan,Death,Dingo,Protected,High,24/12/19 14:09,24/12/19,14:09:36,0.59,394,0.57
Protection,Mourachan,Death,Dingo,Protected,High,25/12/19 14:09,25/12/19,14:09:36,0.59,394,0.57
Protection,Mourachan,Death,Dingo,Protected,High,29/12/19 14:09,29/12/19,14:09:36,0.59,394,0.57
Protection,Mourachan,Death,Dingo,Protected,High,30/12/19 14:09,30/12/19,14:09:36,0.59,394,0.57
Protection,Mourachan,Death,Dingo,Protected,High,26/12/19 14:09,26/12/19,14:09:36,0.59,394,0.57
Protection,Mourachan,Death,Dingo,Protected,High,26/12/19 14:09,26/12/19,14:09:36,0.59,394,0.57
Protection,Mourachan,Death,Dingo,Protected,High,23/11/19 13:55,23/11/19,13:55:12,0.58,394,0.57
Protection,Mourachan,Death,Dingo,Protected,High,23/11/19 13:55,23/11/19,13:55:12,0.58,394,0.57
Protection,Mourachan,Death,Dingo,Protected,High,3/1/20 14:24,3/1/20,14:24:00,0.6,394,0.57
Protection,Mourachan,Death,Dingo,Protected,High,3/1/20 14:24,3/1/20,14:24:00,0.6,394,0.57
Protection,Mourachan,Death,Dingo,Protected,High,3/1/20 14:24,3/1/20,14:24:00,0.6,394,0.57
Protection,Mourachan,Death,Dingo,Protected,High,12/1/20 14:24,12/1/20,14:24:00,0.6,394,0.57
Protection,Mourachan,Death,Dingo,Protected,High,12/1/20 14:24,12/1/20,14:24:00,0.6,394,0.57
Protection,Mourachan,Death,Dingo,Protected,High,8/12/19 14:24,8/12/19,14:24:00,0.6,394,0.58
Protection,Mourachan,Death,Dingo,Protected,High,5/12/19 14:24,5/12/19,14:24:00,0.6,394,0.58
Protection,Mourachan,Death,Dingo,Protected,High,18/12/19 14:24,18/12/19,14:24:00,0.6,394,0.58
Protection,Mourachan,Death,Dingo,Protected,High,18/12/19 14:24,18/12/19,14:24:00,0.6,394,0.58
Protection,Mourachan,Death,Dingo,Protected,High,31/7/20 13:55,31/7/20,13:55:12,0.58,394,0.58
Protection,Mourachan,Death,Dingo,Protected,High,28/12/19 14:38,28/12/19,14:38:24,0.61,394,0.59
Protection,Mourachan,Death,Dingo,Protected,High,20/12/19 14:38,20/12/19,14:38:24,0.61,394,0.59
Protection,Mourachan,Death,Dingo,Protected,High,25/12/19 14:38,25/12/19,14:38:24,0.61,394,0.59
Protection,Mourachan,Death,Dingo,Protected,High,25/12/19 14:38,25/12/19,14:38:24,0.61,394,0.59
Protection,Mourachan,Death,Dingo,Protected,High,29/12/19 14:38,29/12/19,14:38:24,0.61,394,0.59
Protection,Mourachan,Death,Dingo,Protected,High,26/12/19 14:38,26/12/19,14:38:24,0.61,394,0.59
Protection,Mourachan,Death,Dingo,Protected,High,19/12/19 14:38,19/12/19,14:38:24,0.61,394,0.59
Protection,Mourachan,Death,Dingo,Protected,High,19/12/19 14:38,19/12/19,14:38:24,0.61,394,0.59
Protection,Mourachan,Death,Dingo,Protected,High,29/8/20 14:09,29/8/20,14:09:36,0.59,394,0.59
Protection,Mourachan,Death,Dingo,Protected,High,29/8/20 14:09,29/8/20,14:09:36,0.59,394,0.59
Protection,Mourachan,Death,Dingo,Protected,High,29/8/20 14:09,29/8/20,14:09:36,0.59,394,0.59
Protection,Mourachan,Death,Dingo,Protected,High,29/8/20 14:09,29/8/20,14:09:36,0.59,394,0.59
Protection,Mourachan,Death,Dingo,Protected,High,29/8/20 14:09,29/8/20,14:09:36,0.59,394,0.59
Protection,Mourachan,Death,Dingo,Protected,High,2/1/20 14:52,2/1/20,14:52:48,0.62,394,0.59
Protection,Mourachan,Death,Dingo,Protected,High,4/1/20 14:52,4/1/20,14:52:48,0.62,394,0.59
Protection,Mourachan,Death,Dingo,Protected,High,4/1/20 14:52,4/1/20,14:52:48,0.62,394,0.59
Protection,Mourachan,Death,Dingo,Protected,High,12/1/20 14:52,12/1/20,14:52:48,0.62,394,0.59
Protection,Mourachan,Death,Dingo,Protected,High,12/1/20 14:52,12/1/20,14:52:48,0.62,394,0.59
Protection,Mourachan,Death,Dingo,Protected,High,24/12/19 14:52,24/12/19,14:52:48,0.62,394,0.6
Protection,Mourachan,Death,Dingo,Protected,High,24/12/19 14:52,24/12/19,14:52:48,0.62,394,0.6
Protection,Mourachan,Death,Dingo,Protected,High,24/12/19 14:52,24/12/19,14:52:48,0.62,394,0.6
Protection,Mourachan,Death,Dingo,Protected,High,24/12/19 14:52,24/12/19,14:52:48,0.62,394,0.6
Protection,Mourachan,Death,Dingo,Protected,High,24/11/19 14:38,24/11/19,14:38:24,0.61,394,0.6
Protection,Mourachan,Death,Dingo,Protected,High,24/11/19 14:38,24/11/19,14:38:24,0.61,394,0.6
Protection,Mourachan,Death,Dingo,Protected,High,24/11/19 14:38,24/11/19,14:38:24,0.61,394,0.6
Protection,Mourachan,Death,Dingo,Protected,High,24/11/19 14:38,24/11/19,14:38:24,0.61,394,0.6
Protection,Mourachan,Death,Dingo,Protected,High,4/1/20 15:07,4/1/20,15:07:12,0.63,394,0.6
Protection,Mourachan,Death,Dingo,Protected,High,24/12/19 15:07,24/12/19,15:07:12,0.63,394,0.61
Protection,Mourachan,Death,Dingo,Protected,High,25/12/19 15:07,25/12/19,15:07:12,0.63,394,0.61
Protection,Mourachan,Death,Dingo,Protected,High,25/12/19 15:07,25/12/19,15:07:12,0.63,394,0.61
Protection,Mourachan,Death,Dingo,Protected,High,25/12/19 15:07,25/12/19,15:07:12,0.63,394,0.61
Protection,Mourachan,Death,Dingo,Protected,High,25/12/19 15:07,25/12/19,15:07:12,0.63,394,0.61
Protection,Mourachan,Death,Dingo,Protected,High,25/12/19 15:07,25/12/19,15:07:12,0.63,394,0.61
Protection,Mourachan,Death,Dingo,Protected,High,25/12/19 15:07,25/12/19,15:07:12,0.63,394,0.61
Protection,Mourachan,Death,Dingo,Protected,High,26/12/19 15:07,26/12/19,15:07:12,0.63,394,0.61
Protection,Mourachan,Death,Dingo,Protected,High,2/9/20 14:38,2/9/20,14:38:24,0.61,394,0.61
Protection,Mourachan,Death,Dingo,Protected,High,17/12/19 15:21,17/12/19,15:21:36,0.64,394,0.61
Protection,Mourachan,Death,Dingo,Protected,High,4/1/20 15:36,4/1/20,15:36:00,0.65,394,0.62
Protection,Mourachan,Death,Dingo,Protected,High,4/1/20 15:36,4/1/20,15:36:00,0.65,394,0.62
Protection,Mourachan,Death,Dingo,Protected,High,9/1/20 15:36,9/1/20,15:36:00,0.65,394,0.62
Protection,Mourachan,Death,Dingo,Protected,High,10/1/20 15:36,10/1/20,15:36:00,0.65,394,0.62
Protection,Mourachan,Death,Dingo,Protected,High,12/1/20 15:36,12/1/20,15:36:00,0.65,394,0.62
Protection,Mourachan,Death,Dingo,Protected,High,24/12/19 15:36,24/12/19,15:36:00,0.65,394,0.62
Protection,Mourachan,Death,Dingo,Protected,High,24/12/19 15:36,24/12/19,15:36:00,0.65,394,0.62
Protection,Mourachan,Death,Dingo,Protected,High,20/12/19 15:36,20/12/19,15:36:00,0.65,394,0.62
Protection,Mourachan,Death,Dingo,Protected,High,26/12/19 15:36,26/12/19,15:36:00,0.65,394,0.62
Protection,Mourachan,Death,Dingo,Protected,High,19/1/20 15:50,19/1/20,15:50:24,0.66,394,0.63
Protection,Mourachan,Death,Dingo,Protected,High,28/12/19 15:50,28/12/19,15:50:24,0.66,394,0.63
Protection,Mourachan,Death,Dingo,Protected,High,2/1/20 16:04,2/1/20,16:04:48,0.67,394,0.64
Protection,Mourachan,Death,Dingo,Protected,High,2/1/20 16:04,2/1/20,16:04:48,0.67,394,0.64
Protection,Mourachan,Death,Dingo,Protected,High,2/1/20 16:04,2/1/20,16:04:48,0.67,394,0.64
Protection,Mourachan,Death,Dingo,Protected,High,5/1/20 16:04,5/1/20,16:04:48,0.67,394,0.64
Protection,Mourachan,Death,Dingo,Protected,High,13/1/20 16:04,13/1/20,16:04:48,0.67,394,0.64
Protection,Mourachan,Death,Dingo,Protected,High,25/12/19 16:04,25/12/19,16:04:48,0.67,394,0.64
Protection,Mourachan,Death,Dingo,Protected,High,25/12/19 16:04,25/12/19,16:04:48,0.67,394,0.64
Protection,Mourachan,Death,Dingo,Protected,High,30/12/19 16:04,30/12/19,16:04:48,0.67,394,0.64
Protection,Mourachan,Death,Dingo,Protected,High,30/12/19 16:04,30/12/19,16:04:48,0.67,394,0.64
Protection,Mourachan,Death,Dingo,Protected,High,18/12/19 16:04,18/12/19,16:04:48,0.67,394,0.64
Protection,Mourachan,Death,Dingo,Protected,High,25/8/20 15:21,25/8/20,15:21:36,0.64,394,0.64
Protection,Mourachan,Death,Dingo,Protected,High,25/8/20 15:21,25/8/20,15:21:36,0.64,394,0.64
Protection,Mourachan,Death,Dingo,Protected,High,1/1/20 16:19,1/1/20,16:19:12,0.68,394,0.64
Protection,Mourachan,Death,Dingo,Protected,High,1/1/20 16:19,1/1/20,16:19:12,0.68,394,0.64
Protection,Mourachan,Death,Dingo,Protected,High,5/1/20 16:19,5/1/20,16:19:12,0.68,394,0.64
Protection,Mourachan,Death,Dingo,Protected,High,1/9/20 15:36,1/9/20,15:36:00,0.65,394,0.65
Protection,Mourachan,Death,Dingo,Protected,High,20/12/19 16:19,20/12/19,16:19:12,0.68,394,0.65
Protection,Mourachan,Death,Dingo,Protected,High,23/12/19 16:19,23/12/19,16:19:12,0.68,394,0.65
Protection,Mourachan,Death,Dingo,Protected,High,23/12/19 16:19,23/12/19,16:19:12,0.68,394,0.65
Protection,Mourachan,Death,Dingo,Protected,High,1/1/20 16:33,1/1/20,16:33:36,0.69,394,0.65
Protection,Mourachan,Death,Dingo,Protected,High,9/1/20 16:33,9/1/20,16:33:36,0.69,394,0.65
Protection,Mourachan,Death,Dingo,Protected,High,9/1/20 16:33,9/1/20,16:33:36,0.69,394,0.65
Protection,Mourachan,Death,Dingo,Protected,High,14/8/20 15:36,14/8/20,15:36:00,0.65,394,0.65
Protection,Mourachan,Death,Dingo,Protected,High,20/12/19 16:33,20/12/19,16:33:36,0.69,394,0.66
Protection,Mourachan,Death,Dingo,Protected,High,20/12/19 16:33,20/12/19,16:33:36,0.69,394,0.66
Protection,Mourachan,Death,Dingo,Protected,High,20/12/19 16:33,20/12/19,16:33:36,0.69,394,0.66
Protection,Mourachan,Death,Dingo,Protected,High,20/12/19 16:33,20/12/19,16:33:36,0.69,394,0.66
Protection,Mourachan,Death,Dingo,Protected,High,20/12/19 16:33,20/12/19,16:33:36,0.69,394,0.66
Protection,Mourachan,Death,Dingo,Protected,High,18/12/19 16:33,18/12/19,16:33:36,0.69,394,0.66
Protection,Mourachan,Death,Dingo,Protected,High,22/12/19 16:33,22/12/19,16:33:36,0.69,394,0.66
Protection,Mourachan,Death,Dingo,Protected,High,7/1/20 16:48,7/1/20,16:48:00,0.7,394,0.66
Protection,Mourachan,Death,Dingo,Protected,High,7/1/20 16:48,7/1/20,16:48:00,0.7,394,0.66
Protection,Mourachan,Death,Dingo,Protected,High,19/1/20 16:48,19/1/20,16:48:00,0.7,394,0.66
Protection,Mourachan,Death,Dingo,Protected,High,19/12/19 16:48,19/12/19,16:48:00,0.7,394,0.67
Protection,Mourachan,Death,Dingo,Protected,High,19/12/19 16:48,19/12/19,16:48:00,0.7,394,0.67
Protection,Mourachan,Death,Dingo,Protected,High,29/5/20 15:36,29/5/20,15:36:00,0.65,394,0.67
Protection,Mourachan,Death,Dingo,Protected,High,29/5/20 15:36,29/5/20,15:36:00,0.65,394,0.67
Protection,Mourachan,Death,Dingo,Protected,High,26/6/20 15:36,26/6/20,15:36:00,0.65,394,0.67
Protection,Mourachan,Death,Dingo,Protected,High,26/6/20 15:36,26/6/20,15:36:00,0.65,394,0.67
Protection,Mourachan,Death,Dingo,Protected,High,12/1/20 17:02,12/1/20,17:02:24,0.71,394,0.67
Protection,Mourachan,Death,Dingo,Protected,High,2/1/20 17:02,2/1/20,17:02:24,0.71,394,0.67
Protection,Mourachan,Death,Dingo,Protected,High,15/1/20 17:02,15/1/20,17:02:24,0.71,394,0.67
Protection,Mourachan,Death,Dingo,Protected,High,1/1/20 17:02,1/1/20,17:02:24,0.71,394,0.67
Protection,Mourachan,Death,Dingo,Protected,High,1/1/20 17:02,1/1/20,17:02:24,0.71,394,0.67
Protection,Mourachan,Death,Dingo,Protected,High,5/1/20 17:02,5/1/20,17:02:24,0.71,394,0.67
Protection,Mourachan,Death,Dingo,Protected,High,5/1/20 17:02,5/1/20,17:02:24,0.71,394,0.67
Protection,Mourachan,Death,Dingo,Protected,High,13/1/20 17:02,13/1/20,17:02:24,0.71,394,0.67
Protection,Mourachan,Death,Dingo,Protected,High,30/12/19 17:02,30/12/19,17:02:24,0.71,394,0.67
Protection,Mourachan,Death,Dingo,Protected,High,26/12/19 17:02,26/12/19,17:02:24,0.71,394,0.67
Protection,Mourachan,Death,Dingo,Protected,High,13/4/20 16:04,13/4/20,16:04:48,0.67,394,0.68
Protection,Mourachan,Death,Dingo,Protected,High,26/12/19 17:16,26/12/19,17:16:48,0.72,394,0.68
Protection,Mourachan,Death,Dingo,Protected,High,26/12/19 17:16,26/12/19,17:16:48,0.72,394,0.68
Protection,Mourachan,Death,Dingo,Protected,High,30/12/19 17:16,30/12/19,17:16:48,0.72,394,0.68
Protection,Mourachan,Death,Dingo,Protected,High,30/12/19 17:16,30/12/19,17:16:48,0.72,394,0.68
Protection,Mourachan,Death,Dingo,Protected,High,4/1/20 17:31,4/1/20,17:31:12,0.73,394,0.69
Protection,Mourachan,Death,Dingo,Protected,High,20/5/20 16:04,20/5/20,16:04:48,0.67,394,0.69
Protection,Mourachan,Death,Dingo,Protected,High,20/5/20 16:04,20/5/20,16:04:48,0.67,394,0.69
Protection,Mourachan,Death,Dingo,Protected,High,20/5/20 16:04,20/5/20,16:04:48,0.67,394,0.69
Protection,Mourachan,Death,Dingo,Protected,High,24/12/19 17:31,24/12/19,17:31:12,0.73,394,0.69
Protection,Mourachan,Death,Dingo,Protected,High,30/12/19 17:31,30/12/19,17:31:12,0.73,394,0.69
Protection,Mourachan,Death,Dingo,Protected,High,30/12/19 17:31,30/12/19,17:31:12,0.73,394,0.69
Protection,Mourachan,Death,Dingo,Protected,High,4/1/20 17:45,4/1/20,17:45:36,0.74,394,0.7
Protection,Mourachan,Death,Dingo,Protected,High,1/1/20 17:45,1/1/20,17:45:36,0.74,394,0.7
Protection,Mourachan,Death,Dingo,Protected,High,7/2/20 17:31,7/2/20,17:31:12,0.73,394,0.7
Protection,Mourachan,Death,Dingo,Protected,High,17/12/19 17:45,17/12/19,17:45:36,0.74,394,0.7
Protection,Mourachan,Death,Dingo,Protected,High,17/12/19 17:45,17/12/19,17:45:36,0.74,394,0.7
Protection,Mourachan,Death,Dingo,Protected,High,17/12/19 17:45,17/12/19,17:45:36,0.74,394,0.7
Protection,Mourachan,Death,Dingo,Protected,High,17/12/19 17:45,17/12/19,17:45:36,0.74,394,0.7
Protection,Mourachan,Death,Dingo,Protected,High,17/12/19 17:45,17/12/19,17:45:36,0.74,394,0.7
Protection,Mourachan,Death,Dingo,Protected,High,25/12/19 17:45,25/12/19,17:45:36,0.74,394,0.7
Protection,Mourachan,Death,Dingo,Protected,High,9/12/19 17:45,9/12/19,17:45:36,0.74,394,0.7
Protection,Mourachan,Death,Dingo,Protected,High,9/12/19 17:45,9/12/19,17:45:36,0.74,394,0.7
Protection,Mourachan,Death,Dingo,Protected,High,9/12/19 17:45,9/12/19,17:45:36,0.74,394,0.7
Protection,Mourachan,Death,Dingo,Protected,High,9/12/19 17:45,9/12/19,17:45:36,0.74,394,0.7
Protection,Mourachan,Death,Dingo,Protected,High,6/12/19 17:45,6/12/19,17:45:36,0.74,394,0.7
Protection,Mourachan,Death,Dingo,Protected,High,18/6/20 16:19,18/6/20,16:19:12,0.68,394,0.7
Protection,Mourachan,Death,Dingo,Protected,High,8/1/20 18:00,8/1/20,18:00:00,0.75,394,0.71
Protection,Mourachan,Death,Dingo,Protected,High,1/1/20 18:00,1/1/20,18:00:00,0.75,394,0.71
Protection,Mourachan,Death,Dingo,Protected,High,5/1/20 18:00,5/1/20,18:00:00,0.75,394,0.71
Protection,Mourachan,Death,Dingo,Protected,High,5/1/20 18:00,5/1/20,18:00:00,0.75,394,0.71
Protection,Mourachan,Death,Dingo,Protected,High,28/4/20 16:48,28/4/20,16:48:00,0.7,394,0.71
Protection,Mourachan,Death,Dingo,Protected,High,12/12/19 18:00,12/12/19,18:00:00,0.75,394,0.71
Protection,Mourachan,Death,Dingo,Protected,High,29/12/19 18:00,29/12/19,18:00:00,0.75,394,0.71
Protection,Mourachan,Death,Dingo,Protected,High,29/12/19 18:00,29/12/19,18:00:00,0.75,394,0.71
Protection,Mourachan,Death,Dingo,Protected,High,17/12/19 18:00,17/12/19,18:00:00,0.75,394,0.71
Protection,Mourachan,Death,Dingo,Protected,High,19/5/20 16:33,19/5/20,16:33:36,0.69,394,0.71
Protection,Mourachan,Death,Dingo,Protected,High,12/1/20 18:14,12/1/20,18:14:24,0.76,394,0.71
Protection,Mourachan,Death,Dingo,Protected,High,3/1/20 18:14,3/1/20,18:14:24,0.76,394,0.71
Protection,Mourachan,Death,Dingo,Protected,High,2/1/20 18:14,2/1/20,18:14:24,0.76,394,0.71
Protection,Mourachan,Death,Dingo,Protected,High,2/1/20 18:14,2/1/20,18:14:24,0.76,394,0.71
Protection,Mourachan,Death,Dingo,Protected,High,13/1/20 18:14,13/1/20,18:14:24,0.76,394,0.71
Protection,Mourachan,Death,Dingo,Protected,High,29/12/19 18:14,29/12/19,18:14:24,0.76,394,0.72
Protection,Mourachan,Death,Dingo,Protected,High,21/12/19 18:14,21/12/19,18:14:24,0.76,394,0.72
Protection,Mourachan,Death,Dingo,Protected,High,23/12/19 18:14,23/12/19,18:14:24,0.76,394,0.72
Protection,Mourachan,Death,Dingo,Protected,High,23/12/19 18:14,23/12/19,18:14:24,0.76,394,0.72
Protection,Mourachan,Death,Dingo,Protected,High,23/12/19 18:14,23/12/19,18:14:24,0.76,394,0.72
Protection,Mourachan,Death,Dingo,Protected,High,26/7/20 16:48,26/7/20,16:48:00,0.7,394,0.72
Protection,Mourachan,Death,Dingo,Protected,High,29/4/20 17:02,29/4/20,17:02:24,0.71,394,0.72
Protection,Mourachan,Death,Dingo,Protected,High,4/1/20 18:28,4/1/20,18:28:48,0.77,394,0.72
Protection,Mourachan,Death,Dingo,Protected,High,4/1/20 18:28,4/1/20,18:28:48,0.77,394,0.72
Protection,Mourachan,Death,Dingo,Protected,High,4/1/20 18:28,4/1/20,18:28:48,0.77,394,0.72
Protection,Mourachan,Death,Dingo,Protected,High,4/1/20 18:28,4/1/20,18:28:48,0.77,394,0.72
Protection,Mourachan,Death,Dingo,Protected,High,3/1/20 18:28,3/1/20,18:28:48,0.77,394,0.72
Protection,Mourachan,Death,Dingo,Protected,High,3/1/20 18:28,3/1/20,18:28:48,0.77,394,0.72
Protection,Mourachan,Death,Dingo,Protected,High,1/1/20 18:28,1/1/20,18:28:48,0.77,394,0.72
Protection,Mourachan,Death,Dingo,Protected,High,9/1/20 18:28,9/1/20,18:28:48,0.77,394,0.72
Protection,Mourachan,Death,Dingo,Protected,High,9/1/20 18:28,9/1/20,18:28:48,0.77,394,0.72
Protection,Mourachan,Death,Dingo,Protected,High,29/12/19 18:28,29/12/19,18:28:48,0.77,394,0.73
Protection,Mourachan,Death,Dingo,Protected,High,18/12/19 18:28,18/12/19,18:28:48,0.77,394,0.73
Protection,Mourachan,Death,Dingo,Protected,High,11/12/19 18:28,11/12/19,18:28:48,0.77,394,0.73
Protection,Mourachan,Death,Dingo,Protected,High,23/12/19 18:28,23/12/19,18:28:48,0.77,394,0.73
Protection,Mourachan,Death,Dingo,Protected,High,13/1/20 18:43,13/1/20,18:43:12,0.78,394,0.73
Protection,Mourachan,Death,Dingo,Protected,High,13/1/20 18:43,13/1/20,18:43:12,0.78,394,0.73
Protection,Mourachan,Death,Dingo,Protected,High,30/12/19 18:43,30/12/19,18:43:12,0.78,394,0.73
Protection,Mourachan,Death,Dingo,Protected,High,30/12/19 18:43,30/12/19,18:43:12,0.78,394,0.73
Protection,Mourachan,Death,Dingo,Protected,High,30/12/19 18:43,30/12/19,18:43:12,0.78,394,0.73
Protection,Mourachan,Death,Dingo,Protected,High,26/12/19 18:43,26/12/19,18:43:12,0.78,394,0.73
Protection,Mourachan,Death,Dingo,Protected,High,29/8/20 17:31,29/8/20,17:31:12,0.73,394,0.74
Protection,Mourachan,Death,Dingo,Protected,High,29/8/20 17:31,29/8/20,17:31:12,0.73,394,0.74
Protection,Mourachan,Death,Dingo,Protected,High,19/1/20 18:57,19/1/20,18:57:36,0.79,394,0.74
Protection,Mourachan,Death,Dingo,Protected,High,14/1/20 18:57,14/1/20,18:57:36,0.79,394,0.74
Protection,Mourachan,Death,Dingo,Protected,High,14/1/20 18:57,14/1/20,18:57:36,0.79,394,0.74
Protection,Mourachan,Death,Dingo,Protected,High,14/1/20 18:57,14/1/20,18:57:36,0.79,394,0.74
Protection,Mourachan,Death,Dingo,Protected,High,13/1/20 18:57,13/1/20,18:57:36,0.79,394,0.74
Protection,Mourachan,Death,Dingo,Protected,High,13/1/20 18:57,13/1/20,18:57:36,0.79,394,0.74
Protection,Mourachan,Death,Dingo,Protected,High,21/12/19 18:57,21/12/19,18:57:36,0.79,394,0.74
Protection,Mourachan,Death,Dingo,Protected,High,2/1/20 19:12,2/1/20,19:12:00,0.8,394,0.75
Protection,Mourachan,Death,Dingo,Protected,High,6/1/20 19:12,6/1/20,19:12:00,0.8,394,0.75
Protection,Mourachan,Death,Dingo,Protected,High,5/1/20 19:12,5/1/20,19:12:00,0.8,394,0.75
Protection,Mourachan,Death,Dingo,Protected,High,29/4/20 17:45,29/4/20,17:45:36,0.74,394,0.75
Protection,Mourachan,Death,Dingo,Protected,High,27/12/19 19:12,27/12/19,19:12:00,0.8,394,0.75
Protection,Mourachan,Death,Dingo,Protected,High,11/12/19 19:12,11/12/19,19:12:00,0.8,394,0.75
Protection,Mourachan,Death,Dingo,Protected,High,2/8/20 18:00,2/8/20,18:00:00,0.75,394,0.76
Protection,Mourachan,Death,Dingo,Protected,High,6/1/20 19:26,6/1/20,19:26:24,0.81,394,0.76
Protection,Mourachan,Death,Dingo,Protected,High,9/1/20 19:26,9/1/20,19:26:24,0.81,394,0.76
Protection,Mourachan,Death,Dingo,Protected,High,16/2/20 19:12,16/2/20,19:12:00,0.8,394,0.76
Protection,Mourachan,Death,Dingo,Protected,High,22/12/19 19:26,22/12/19,19:26:24,0.81,394,0.76
Protection,Mourachan,Death,Dingo,Protected,High,19/12/19 19:26,19/12/19,19:26:24,0.81,394,0.77
Protection,Mourachan,Death,Fox,Protected,High,19/5/20 18:00,19/5/20,18:00:00,0.75,394,0.77
Protection,Mourachan,Death,Fox,Protected,High,19/5/20 18:00,19/5/20,18:00:00,0.75,394,0.77
Protection,Mourachan,Death,Fox,Protected,High,25/5/20 18:00,25/5/20,18:00:00,0.75,394,0.77
Protection,Mourachan,Death,Dingo,Protected,High,28/4/20 18:28,28/4/20,18:28:48,0.77,394,0.78
Protection,Mourachan,Death,Dingo,Protected,High,19/7/20 18:28,19/7/20,18:28:48,0.77,394,0.79
Protection,Mourachan,Death,Fox,Protected,High,20/5/20 18:28,20/5/20,18:28:48,0.77,394,0.79
Protection,Mourachan,Death,Dingo,Protected,High,27/4/20 18:57,27/4/20,18:57:36,0.79,394,0.8
Protection,Mourachan,Death,Dingo,Protected,High,27/4/20 18:57,27/4/20,18:57:36,0.79,394,0.8
Protection,Mourachan,Death,Dingo,Protected,High,27/4/20 19:12,27/4/20,19:12:00,0.8,394,0.81
Protection,Mourachan,Death,Dingo,Protected,High,27/4/20 19:12,27/4/20,19:12:00,0.8,394,0.81
Protection,Mourachan,Death,Dingo,Protected,High,27/4/20 19:12,27/4/20,19:12:00,0.8,394,0.81
Protection,Mourachan,Death,Dingo,Protected,High,27/4/20 19:12,27/4/20,19:12:00,0.8,394,0.81
Protection,Mourachan,Death,Dingo,Protected,High,27/4/20 19:12,27/4/20,19:12:00,0.8,394,0.81
Protection,Mourachan,Death,Dingo,Protected,High,27/4/20 19:12,27/4/20,19:12:00,0.8,394,0.81
Protection,Mourachan,Death,Dingo,Protected,High,27/4/20 19:12,27/4/20,19:12:00,0.8,394,0.81
Protection,Mourachan,Death,Dingo,Protected,High,27/4/20 19:12,27/4/20,19:12:00,0.8,394,0.81
Protection,Mourachan,Death,Dingo,Protected,High,27/4/20 19:12,27/4/20,19:12:00,0.8,394,0.81
Protection,Mourachan,Death,Dingo,Protected,High,27/4/20 19:12,27/4/20,19:12:00,0.8,394,0.81
Protection,Mourachan,Death,Dingo,Protected,High,27/4/20 19:12,27/4/20,19:12:00,0.8,394,0.81
Protection,Mourachan,Death,Dingo,Protected,High,27/4/20 19:12,27/4/20,19:12:00,0.8,394,0.81
Protection,Mourachan,Death,Dingo,Protected,High,27/4/20 19:12,27/4/20,19:12:00,0.8,394,0.81
Protection,Mourachan,Death,Dingo,Protected,High,27/4/20 19:12,27/4/20,19:12:00,0.8,394,0.81
Protection,Mourachan,Death,Dingo,Protected,High,27/4/20 19:12,27/4/20,19:12:00,0.8,394,0.81
Protection,Mourachan,Death,Dingo,Protected,High,27/4/20 19:12,27/4/20,19:12:00,0.8,394,0.81
Protection,Mourachan,Death,Dingo,Protected,High,5/1/20 20:24,5/1/20,20:24:00,0.85,394,0.81
Protection,Mourachan,Death,Fox,Protected,High,20/6/20 18:57,20/6/20,18:57:36,0.79,394,0.81
Protection,Mourachan,Death,Dingo,Protected,High,27/12/19 20:24,27/12/19,20:24:00,0.85,394,0.81
Protection,Mourachan,Death,Dingo,Protected,High,27/4/20 19:26,27/4/20,19:26:24,0.81,394,0.82
Protection,Mourachan,Death,Dingo,Protected,High,28/8/20 19:55,28/8/20,19:55:12,0.83,394,0.83
Protection,Mourachan,Death,Fox,Protected,High,8/8/20 20:09,8/8/20,20:09:36,0.84,394,0.84
Protection,Mourachan,Death,Dingo,Protected,High,2/4/20 20:09,2/4/20,20:09:36,0.84,394,0.84
Protection,Mourachan,Death,Dingo,Protected,High,2/4/20 20:09,2/4/20,20:09:36,0.84,394,0.84
Protection,Mourachan,Death,Dingo,Protected,High,2/4/20 20:09,2/4/20,20:09:36,0.84,394,0.84
Protection,Mourachan,Death,Dingo,Protected,High,2/4/20 20:09,2/4/20,20:09:36,0.84,394,0.84
Protection,Mourachan,Death,Dingo,Protected,High,2/7/20 20:09,2/7/20,20:09:36,0.84,394,0.85
Protection,Mourachan,Death,Dingo,Protected,High,2/7/20 20:09,2/7/20,20:09:36,0.84,394,0.85
Protection,Mourachan,Death,Dingo,Protected,High,22/12/19 21:21,22/12/19,21:21:36,0.89,394,0.86
Protection,Mourachan,Death,Fox,Protected,High,16/4/20 20:38,16/4/20,20:38:24,0.86,394,0.86
Protection,Mourachan,Death,Fox,Protected,High,4/8/20 20:52,4/8/20,20:52:48,0.87,394,0.87
Protection,Mourachan,Death,Fox,Protected,High,4/8/20 20:52,4/8/20,20:52:48,0.87,394,0.87
Protection,Mourachan,Death,Dingo,Protected,High,22/5/20 20:38,22/5/20,20:38:24,0.86,394,0.87
Protection,Mourachan,Death,Fox,Protected,High,14/6/20 20:38,14/6/20,20:38:24,0.86,394,0.87
Protection,Mourachan,Death,Fox,Protected,High,5/7/20 20:52,5/7/20,20:52:48,0.87,394,0.88
Protection,Mourachan,Death,Fox,Protected,High,12/6/20 20:52,12/6/20,20:52:48,0.87,394,0.88
Protection,Mourachan,Death,Dingo,Protected,High,28/8/20 21:36,28/8/20,21:36:00,0.9,394,0.9
Protection,Mourachan,Death,Fox,Protected,High,1/2/20 22:19,1/2/20,22:19:12,0.93,394,0.91
Protection,Mourachan,Death,Fox,Protected,High,5/4/20 21:50,5/4/20,21:50:24,0.91,394,0.91
Protection,Mourachan,Death,Fox,Protected,High,2/7/20 22:04,2/7/20,22:04:48,0.92,394,0.92
Protection,Mourachan,Death,Fox,Protected,High,25/4/20 22:19,25/4/20,22:19:12,0.93,394,0.93
Protection,Mourachan,Death,Dingo,Protected,High,9/1/20 23:02,9/1/20,23:02:24,0.96,394,0.93
Protection,Mourachan,Death,Dingo,Protected,High,10/1/20 23:02,10/1/20,23:02:24,0.96,394,0.93
Protection,Mourachan,Death,Dingo,Protected,High,6/7/20 22:33,6/7/20,22:33:36,0.94,394,0.94
Protection,Mourachan,Death,Dingo,Protected,High,28/8/20 22:48,28/8/20,22:48:00,0.95,394,0.95
Protection,Mourachan,Death,Dingo,Protected,High,28/8/20 22:48,28/8/20,22:48:00,0.95,394,0.95
Protection,Mourachan,Death,Dingo,Protected,High,14/1/20 23:31,14/1/20,23:31:12,0.98,394,0.96
Protection,Mourachan,Death,Fox,Protected,High,27/1/20 23:31,27/1/20,23:31:12,0.98,394,0.96
Protection,Mourachan,Death,Dingo,Protected,High,11/6/20 23:02,11/6/20,23:02:24,0.96,394,0.96
Protection,Mourachan,Death,Dingo,Protected,High,11/6/20 23:02,11/6/20,23:02:24,0.96,394,0.96
Protection,Mourachan,Death,Dingo,Protected,High,11/6/20 23:02,11/6/20,23:02:24,0.96,394,0.96
Protection,Mourachan,Death,Dingo,Protected,High,14/1/20 23:45,14/1/20,23:45:36,0.99,394,0.97
Protection,Mourachan,Death,Dingo,Protected,High,3/8/20 23:31,3/8/20,23:31:12,0.98,394,0.97
Protection,Mourachan,Death,Dingo,Protected,High,29/8/20 23:31,29/8/20,23:31:12,0.98,394,0.97
Protection,Mourachan,Death,Dingo,Protected,High,28/8/20 23:31,28/8/20,23:31:12,0.98,394,0.97
Protection,Mourachan,Death,Dingo,Protected,High,4/7/20 23:31,4/7/20,23:31:12,0.98,394,0.98
Protection,Mourachan,Death,Dingo,Protected,High,4/7/20 23:31,4/7/20,23:31:12,0.98,394,0.98
Protection,Mourachan,Death,Dingo,Protected,High,20/6/20 23:31,20/6/20,23:31:12,0.98,394,0.98
Protection,Mourachan,Death,Dingo,Protected,High,16/1/20 0:00,16/1/20,0:00:00,0,394,0.98
Protection,Mourachan,End,Dingo,Protected,High,24/1/20 5:02,24/1/20,5:02:24,0.21,399,0.22
Protection,Mourachan,End,Dingo,Protected,High,24/1/20 5:02,24/1/20,5:02:24,0.21,399,0.22
Protection,Mourachan,End,Dingo,Protected,High,16/1/20 5:02,16/1/20,5:02:24,0.21,399,0.22
Protection,Mourachan,End,Dingo,Protected,High,11/12/19 5:16,11/12/19,5:16:48,0.22,399,0.25
Protection,Mourachan,End,Dingo,Protected,High,29/11/19 5:45,29/11/19,5:45:36,0.24,399,0.27
Protection,Mourachan,Far_East,Dingo,Protected,High,5/12/19 0:14,5/12/19,0:14:24,0.01,394,0
Protection,Mourachan,Far_East,Dingo,Protected,High,5/12/19 0:14,5/12/19,0:14:24,0.01,394,0
Protection,Mourachan,Far_East,Dingo,Protected,High,5/12/19 0:14,5/12/19,0:14:24,0.01,394,0
Protection,Mourachan,Far_East,Fox,Protected,High,5/1/20 0:28,5/1/20,0:28:48,0.02,394,0
Protection,Mourachan,Far_East,Fox,Protected,High,20/12/19 0:28,20/12/19,0:28:48,0.02,394,0.01
Protection,Mourachan,Far_East,Fox,Protected,High,29/12/19 0:28,29/12/19,0:28:48,0.02,394,0.02
Protection,Mourachan,Far_East,Fox,Protected,High,25/12/19 0:28,25/12/19,0:28:48,0.02,394,0.02
Protection,Mourachan,Far_East,Fox,Protected,High,30/12/19 0:28,30/12/19,0:28:48,0.02,394,0.02
Protection,Mourachan,Far_East,Fox,Protected,High,18/12/19 0:28,18/12/19,0:28:48,0.02,394,0.02
Protection,Mourachan,Far_East,Fox,Protected,High,27/12/19 0:28,27/12/19,0:28:48,0.02,394,0.02
Protection,Mourachan,Far_East,Fox,Protected,High,27/12/19 0:28,27/12/19,0:28:48,0.02,394,0.02
Protection,Mourachan,Far_East,Fox,Protected,High,27/12/19 0:28,27/12/19,0:28:48,0.02,394,0.02
Protection,Mourachan,Far_East,Dingo,Protected,High,22/1/20 0:43,22/1/20,0:43:12,0.03,394,0.02
Protection,Mourachan,Far_East,Dingo,Protected,High,4/12/19 0:43,4/12/19,0:43:12,0.03,394,0.03
Protection,Mourachan,Far_East,Fox,Protected,High,30/12/19 0:43,30/12/19,0:43:12,0.03,394,0.03
Protection,Mourachan,Far_East,Dingo,Protected,High,29/11/19 0:43,29/11/19,0:43:12,0.03,394,0.04
Protection,Mourachan,Far_East,Dingo,Protected,High,29/11/19 0:43,29/11/19,0:43:12,0.03,394,0.04
Protection,Mourachan,Far_East,Dingo,Protected,High,29/11/19 0:43,29/11/19,0:43:12,0.03,394,0.04
Protection,Mourachan,Far_East,Dingo,Protected,High,29/11/19 0:43,29/11/19,0:43:12,0.03,394,0.04
Protection,Mourachan,Far_East,Dingo,Protected,High,29/11/19 0:43,29/11/19,0:43:12,0.03,394,0.04
Protection,Mourachan,Far_East,Fox,Protected,High,20/1/20 1:12,20/1/20,1:12:00,0.05,394,0.04
Protection,Mourachan,Far_East,Fox,Protected,High,4/1/20 1:12,4/1/20,1:12:00,0.05,394,0.04
Protection,Mourachan,Far_East,Fox,Protected,High,29/12/19 0:57,29/12/19,0:57:36,0.04,394,0.04
Protection,Mourachan,Far_East,Fox,Protected,High,29/12/19 0:57,29/12/19,0:57:36,0.04,394,0.04
Protection,Mourachan,Far_East,Dingo,Protected,High,29/11/19 1:12,29/11/19,1:12:00,0.05,394,0.06
Protection,Mourachan,Far_East,Dingo,Protected,High,29/11/19 1:12,29/11/19,1:12:00,0.05,394,0.06
Protection,Mourachan,Far_East,Dingo,Protected,High,29/11/19 1:12,29/11/19,1:12:00,0.05,394,0.06
Protection,Mourachan,Far_East,Dingo,Protected,High,29/11/19 1:12,29/11/19,1:12:00,0.05,394,0.06
Protection,Mourachan,Far_East,Fox,Protected,High,21/12/19 1:26,21/12/19,1:26:24,0.06,394,0.06
Protection,Mourachan,Far_East,Fox,Protected,High,22/12/19 1:26,22/12/19,1:26:24,0.06,394,0.06
Protection,Mourachan,Far_East,Fox,Protected,High,22/12/19 1:26,22/12/19,1:26:24,0.06,394,0.06
Protection,Mourachan,Far_East,Fox,Protected,High,2/1/20 1:55,2/1/20,1:55:12,0.08,394,0.07
Protection,Mourachan,Far_East,Fox,Protected,High,28/12/19 1:40,28/12/19,1:40:48,0.07,394,0.07
Protection,Mourachan,Far_East,Fox,Protected,High,23/12/19 1:40,23/12/19,1:40:48,0.07,394,0.07
Protection,Mourachan,Far_East,Fox,Protected,High,3/1/20 2:09,3/1/20,2:09:36,0.09,394,0.09
Protection,Mourachan,Far_East,Fox,Protected,High,4/1/20 2:09,4/1/20,2:09:36,0.09,394,0.09
Protection,Mourachan,Far_East,Fox,Protected,High,14/12/19 1:55,14/12/19,1:55:12,0.08,394,0.09
Protection,Mourachan,Far_East,Fox,Protected,High,15/12/19 1:55,15/12/19,1:55:12,0.08,394,0.09
Protection,Mourachan,Far_East,Dingo,Protected,High,29/11/19 1:55,29/11/19,1:55:12,0.08,394,0.09
Protection,Mourachan,Far_East,Dingo,Protected,High,29/11/19 1:55,29/11/19,1:55:12,0.08,394,0.09
Protection,Mourachan,Far_East,Dingo,Protected,High,22/1/20 2:24,22/1/20,2:24:00,0.1,394,0.1
Protection,Mourachan,Far_East,Dingo,Protected,High,22/1/20 2:24,22/1/20,2:24:00,0.1,394,0.1
Protection,Mourachan,Far_East,Fox,Protected,High,31/12/19 2:09,31/12/19,2:09:36,0.09,394,0.1
Protection,Mourachan,Far_East,Dingo,Protected,High,29/11/19 2:24,29/11/19,2:24:00,0.1,394,0.12
Protection,Mourachan,Far_East,Fox,Protected,High,2/1/20 2:52,2/1/20,2:52:48,0.12,394,0.12
Protection,Mourachan,Far_East,Fox,Protected,High,4/1/20 2:52,4/1/20,2:52:48,0.12,394,0.12
Protection,Mourachan,Far_East,Fox,Protected,High,4/1/20 2:52,4/1/20,2:52:48,0.12,394,0.12
Protection,Mourachan,Far_East,Fox,Protected,High,23/12/19 2:38,23/12/19,2:38:24,0.11,394,0.12
Protection,Mourachan,Far_East,Dingo,Protected,High,29/11/19 2:38,29/11/19,2:38:24,0.11,394,0.13
Protection,Mourachan,Far_East,Dingo,Protected,High,29/11/19 2:38,29/11/19,2:38:24,0.11,394,0.13
Protection,Mourachan,Far_East,Fox,Protected,High,18/1/20 3:07,18/1/20,3:07:12,0.13,394,0.13
Protection,Mourachan,Far_East,Dingo,Protected,High,22/1/20 3:07,22/1/20,3:07:12,0.13,394,0.13
Protection,Mourachan,Far_East,Fox,Protected,High,6/1/20 3:07,6/1/20,3:07:12,0.13,394,0.13
Protection,Mourachan,Far_East,Fox,Protected,High,4/1/20 3:07,4/1/20,3:07:12,0.13,394,0.13
Protection,Mourachan,Far_East,Fox,Protected,High,18/12/19 2:52,18/12/19,2:52:48,0.12,394,0.13
Protection,Mourachan,Far_East,Fox,Protected,High,18/12/19 2:52,18/12/19,2:52:48,0.12,394,0.13
Protection,Mourachan,Far_East,Fox,Protected,High,18/1/20 3:21,18/1/20,3:21:36,0.14,394,0.14
Protection,Mourachan,Far_East,Fox,Protected,High,18/1/20 3:21,18/1/20,3:21:36,0.14,394,0.14
Protection,Mourachan,Far_East,Dingo,Protected,High,22/1/20 3:36,22/1/20,3:36:00,0.15,394,0.15
Protection,Mourachan,Far_East,Dingo,Protected,High,6/1/20 3:36,6/1/20,3:36:00,0.15,394,0.15
Protection,Mourachan,Far_East,Dingo,Protected,High,6/1/20 3:36,6/1/20,3:36:00,0.15,394,0.15
Protection,Mourachan,Far_East,Dingo,Protected,High,6/1/20 3:36,6/1/20,3:36:00,0.15,394,0.15
Protection,Mourachan,Far_East,Dingo,Protected,High,6/1/20 3:36,6/1/20,3:36:00,0.15,394,0.15
Protection,Mourachan,Far_East,Fox,Protected,High,21/12/19 3:21,21/12/19,3:21:36,0.14,394,0.16
Protection,Mourachan,Far_East,Dingo,Protected,High,6/1/20 3:50,6/1/20,3:50:24,0.16,394,0.17
Protection,Mourachan,Far_East,Dingo,Protected,High,6/1/20 3:50,6/1/20,3:50:24,0.16,394,0.17
Protection,Mourachan,Far_East,Dingo,Protected,High,6/1/20 3:50,6/1/20,3:50:24,0.16,394,0.17
Protection,Mourachan,Far_East,Dingo,Protected,High,6/1/20 3:50,6/1/20,3:50:24,0.16,394,0.17
Protection,Mourachan,Far_East,Dingo,Protected,High,6/1/20 3:50,6/1/20,3:50:24,0.16,394,0.17
Protection,Mourachan,Far_East,Fox,Protected,High,4/1/20 3:50,4/1/20,3:50:24,0.16,394,0.17
Protection,Mourachan,Far_East,Fox,Protected,High,4/1/20 3:50,4/1/20,3:50:24,0.16,394,0.17
Protection,Mourachan,Far_East,Fox,Protected,High,22/12/19 3:36,22/12/19,3:36:00,0.15,394,0.17
Protection,Mourachan,Far_East,Dingo,Protected,High,23/11/19 3:36,23/11/19,3:36:00,0.15,394,0.17
Protection,Mourachan,Far_East,Fox,Protected,High,4/1/20 4:04,4/1/20,4:04:48,0.17,394,0.18
Protection,Mourachan,Far_East,Fox,Protected,High,5/1/20 4:19,5/1/20,4:19:12,0.18,394,0.19
Protection,Mourachan,Far_East,Fox,Protected,High,5/1/20 4:19,5/1/20,4:19:12,0.18,394,0.19
Protection,Mourachan,Far_East,Fox,Protected,High,5/1/20 5:02,5/1/20,5:02:24,0.21,394,0.22
Protection,Mourachan,Far_East,Dingo,Protected,High,4/12/19 6:14,4/12/19,6:14:24,0.26,394,0.29
Protection,Mourachan,Far_East,Dingo,Protected,High,4/12/19 6:14,4/12/19,6:14:24,0.26,394,0.29
Protection,Mourachan,Far_East,Dingo,Protected,High,4/12/19 6:14,4/12/19,6:14:24,0.26,394,0.29
Protection,Mourachan,Far_East,Dingo,Protected,High,14/12/19 6:14,14/12/19,6:14:24,0.26,394,0.29
Protection,Mourachan,Far_East,Dingo,Protected,High,14/12/19 6:14,14/12/19,6:14:24,0.26,394,0.29
Protection,Mourachan,Far_East,Dingo,Protected,High,14/12/19 6:14,14/12/19,6:14:24,0.26,394,0.29
Protection,Mourachan,Far_East,Dingo,Protected,High,14/12/19 6:14,14/12/19,6:14:24,0.26,394,0.29
Protection,Mourachan,Far_East,Dingo,Protected,High,14/12/19 6:14,14/12/19,6:14:24,0.26,394,0.29
Protection,Mourachan,Far_East,Dingo,Protected,High,14/12/19 6:14,14/12/19,6:14:24,0.26,394,0.29
Protection,Mourachan,Far_East,Dingo,Protected,High,14/12/19 6:28,14/12/19,6:28:48,0.27,394,0.3
Protection,Mourachan,Far_East,Dingo,Protected,High,14/12/19 6:28,14/12/19,6:28:48,0.27,394,0.3
Protection,Mourachan,Far_East,Dingo,Protected,High,5/12/19 6:57,5/12/19,6:57:36,0.29,394,0.31
Protection,Mourachan,Far_East,Dingo,Protected,High,14/12/19 6:57,14/12/19,6:57:36,0.29,394,0.31
Protection,Mourachan,Far_East,Dingo,Protected,High,14/12/19 6:57,14/12/19,6:57:36,0.29,394,0.31
Protection,Mourachan,Far_East,Dingo,Protected,High,10/1/20 7:26,10/1/20,7:26:24,0.31,394,0.32
Protection,Mourachan,Far_East,Dingo,Protected,High,14/12/19 7:12,14/12/19,7:12:00,0.3,394,0.32
Protection,Mourachan,Far_East,Dingo,Protected,High,28/11/19 7:12,28/11/19,7:12:00,0.3,394,0.32
Protection,Mourachan,Far_East,Dingo,Protected,High,28/11/19 7:12,28/11/19,7:12:00,0.3,394,0.32
Protection,Mourachan,Far_East,Dingo,Protected,High,28/11/19 7:12,28/11/19,7:12:00,0.3,394,0.32
Protection,Mourachan,Far_East,Dingo,Protected,High,28/11/19 7:12,28/11/19,7:12:00,0.3,394,0.32
Protection,Mourachan,Far_East,Dingo,Protected,High,28/11/19 7:12,28/11/19,7:12:00,0.3,394,0.32
Protection,Mourachan,Far_East,Dingo,Protected,High,28/11/19 7:12,28/11/19,7:12:00,0.3,394,0.32
Protection,Mourachan,Far_East,Dingo,Protected,High,28/11/19 7:12,28/11/19,7:12:00,0.3,394,0.32
Protection,Mourachan,Far_East,Dingo,Protected,High,28/11/19 7:12,28/11/19,7:12:00,0.3,394,0.32
Protection,Mourachan,Far_East,Dingo,Protected,High,28/11/19 7:12,28/11/19,7:12:00,0.3,394,0.32
Protection,Mourachan,Far_East,Dingo,Protected,High,28/11/19 7:12,28/11/19,7:12:00,0.3,394,0.32
Protection,Mourachan,Far_East,Dingo,Protected,High,28/11/19 7:12,28/11/19,7:12:00,0.3,394,0.32
Protection,Mourachan,Far_East,Dingo,Protected,High,28/11/19 7:12,28/11/19,7:12:00,0.3,394,0.32
Protection,Mourachan,Far_East,Dingo,Protected,High,27/12/19 7:26,27/12/19,7:26:24,0.31,394,0.33
Protection,Mourachan,Far_East,Dingo,Protected,High,20/12/19 7:40,20/12/19,7:40:48,0.32,394,0.34
Protection,Mourachan,Far_East,Dingo,Protected,High,23/3/20 8:52,23/3/20,8:52:48,0.37,394,0.36
Protection,Mourachan,Far_East,Dingo,Protected,High,23/3/20 8:52,23/3/20,8:52:48,0.37,394,0.36
Protection,Mourachan,Far_East,Dingo,Protected,High,23/3/20 8:52,23/3/20,8:52:48,0.37,394,0.36
Protection,Mourachan,Far_East,Dingo,Protected,High,23/3/20 9:50,23/3/20,9:50:24,0.41,394,0.4
Protection,Mourachan,Far_East,Dingo,Protected,High,4/12/19 14:24,4/12/19,14:24:00,0.6,394,0.58
Protection,Mourachan,Far_East,Dingo,Protected,High,9/12/19 14:52,9/12/19,14:52:48,0.62,394,0.6
Protection,Mourachan,Far_East,Dingo,Protected,High,9/12/19 15:07,9/12/19,15:07:12,0.63,394,0.61
Protection,Mourachan,Far_East,Dingo,Protected,High,9/12/19 15:07,9/12/19,15:07:12,0.63,394,0.61
Protection,Mourachan,Far_East,Dingo,Protected,High,8/5/20 14:24,8/5/20,14:24:00,0.6,394,0.61
Protection,Mourachan,Far_East,Dingo,Protected,High,9/12/19 15:21,9/12/19,15:21:36,0.64,394,0.61
Protection,Mourachan,Far_East,Dingo,Protected,High,9/12/19 15:21,9/12/19,15:21:36,0.64,394,0.61
Protection,Mourachan,Far_East,Dingo,Protected,High,13/1/20 17:16,13/1/20,17:16:48,0.72,394,0.68
Protection,Mourachan,Far_East,Dingo,Protected,High,22/3/20 16:48,22/3/20,16:48:00,0.7,394,0.69
Protection,Mourachan,Far_East,Dingo,Protected,High,8/12/19 17:31,8/12/19,17:31:12,0.73,394,0.69
Protection,Mourachan,Far_East,Dingo,Protected,High,8/12/19 17:31,8/12/19,17:31:12,0.73,394,0.69
Protection,Mourachan,Far_East,Dingo,Protected,High,3/12/19 17:45,3/12/19,17:45:36,0.74,394,0.7
Protection,Mourachan,Far_East,Dingo,Protected,High,14/12/19 18:00,14/12/19,18:00:00,0.75,394,0.71
Protection,Mourachan,Far_East,Dingo,Protected,High,14/12/19 18:00,14/12/19,18:00:00,0.75,394,0.71
Protection,Mourachan,Far_East,Dingo,Protected,High,14/12/19 18:43,14/12/19,18:43:12,0.78,394,0.73
Protection,Mourachan,Far_East,Dingo,Protected,High,8/1/20 18:57,8/1/20,18:57:36,0.79,394,0.74
Protection,Mourachan,Far_East,Dingo,Protected,High,21/1/20 19:26,21/1/20,19:26:24,0.81,394,0.76
Protection,Mourachan,Far_East,Dingo,Protected,High,14/12/19 19:26,14/12/19,19:26:24,0.81,394,0.76
Protection,Mourachan,Far_East,Dingo,Protected,High,14/12/19 19:26,14/12/19,19:26:24,0.81,394,0.76
Protection,Mourachan,Far_East,Dingo,Protected,High,14/12/19 19:26,14/12/19,19:26:24,0.81,394,0.76
Protection,Mourachan,Far_East,Dingo,Protected,High,28/11/19 19:12,28/11/19,19:12:00,0.8,394,0.77
Protection,Mourachan,Far_East,Dingo,Protected,High,21/1/20 19:55,21/1/20,19:55:12,0.83,394,0.78
Protection,Mourachan,Far_East,Dingo,Protected,High,5/12/19 19:55,5/12/19,19:55:12,0.83,394,0.79
Protection,Mourachan,Far_East,Dingo,Protected,High,5/12/19 20:09,5/12/19,20:09:36,0.84,394,0.8
Protection,Mourachan,Far_East,Dingo,Protected,High,5/12/19 20:09,5/12/19,20:09:36,0.84,394,0.8
Protection,Mourachan,Far_East,Fox,Protected,High,5/1/20 20:24,5/1/20,20:24:00,0.85,394,0.81
Protection,Mourachan,Far_East,Dingo,Protected,High,5/12/19 20:24,5/12/19,20:24:00,0.85,394,0.81
Protection,Mourachan,Far_East,Dingo,Protected,High,7/1/20 20:38,7/1/20,20:38:24,0.86,394,0.82
Protection,Mourachan,Far_East,Dingo,Protected,High,7/1/20 20:52,7/1/20,20:52:48,0.87,394,0.83
Protection,Mourachan,Far_East,Dingo,Protected,High,7/1/20 20:52,7/1/20,20:52:48,0.87,394,0.83
Protection,Mourachan,Far_East,Dingo,Protected,High,7/1/20 20:52,7/1/20,20:52:48,0.87,394,0.83
Protection,Mourachan,Far_East,Dingo,Protected,High,7/1/20 20:52,7/1/20,20:52:48,0.87,394,0.83
Protection,Mourachan,Far_East,Dingo,Protected,High,7/1/20 20:52,7/1/20,20:52:48,0.87,394,0.83
Protection,Mourachan,Far_East,Dingo,Protected,High,7/1/20 20:52,7/1/20,20:52:48,0.87,394,0.83
Protection,Mourachan,Far_East,Dingo,Protected,High,7/1/20 20:52,7/1/20,20:52:48,0.87,394,0.83
Protection,Mourachan,Far_East,Fox,Protected,High,28/12/19 20:52,28/12/19,20:52:48,0.87,394,0.84
Protection,Mourachan,Far_East,Dingo,Protected,High,5/12/19 20:52,5/12/19,20:52:48,0.87,394,0.84
Protection,Mourachan,Far_East,Dingo,Protected,High,5/12/19 20:52,5/12/19,20:52:48,0.87,394,0.84
Protection,Mourachan,Far_East,Dingo,Protected,High,5/12/19 20:52,5/12/19,20:52:48,0.87,394,0.84
Protection,Mourachan,Far_East,Dingo,Protected,High,7/1/20 21:07,7/1/20,21:07:12,0.88,394,0.84
Protection,Mourachan,Far_East,Fox,Protected,High,2/1/20 21:07,2/1/20,21:07:12,0.88,394,0.84
Protection,Mourachan,Far_East,Fox,Protected,High,5/1/20 21:21,5/1/20,21:21:36,0.89,394,0.85
Protection,Mourachan,Far_East,Dingo,Protected,High,4/12/19 21:21,4/12/19,21:21:36,0.89,394,0.86
Protection,Mourachan,Far_East,Dingo,Protected,High,4/12/19 21:21,4/12/19,21:21:36,0.89,394,0.86
Protection,Mourachan,Far_East,Dingo,Protected,High,4/12/19 21:21,4/12/19,21:21:36,0.89,394,0.86
Protection,Mourachan,Far_East,Dingo,Protected,High,4/12/19 21:21,4/12/19,21:21:36,0.89,394,0.86
Protection,Mourachan,Far_East,Dingo,Protected,High,4/12/19 21:21,4/12/19,21:21:36,0.89,394,0.86
Protection,Mourachan,Far_East,Dingo,Protected,High,4/12/19 21:21,4/12/19,21:21:36,0.89,394,0.86
Protection,Mourachan,Far_East,Fox,Protected,High,4/1/20 21:36,4/1/20,21:36:00,0.9,394,0.87
Protection,Mourachan,Far_East,Dingo,Protected,High,4/12/19 21:36,4/12/19,21:36:00,0.9,394,0.87
Protection,Mourachan,Far_East,Dingo,Protected,High,4/12/19 21:36,4/12/19,21:36:00,0.9,394,0.87
Protection,Mourachan,Far_East,Fox,Protected,High,27/12/19 21:36,27/12/19,21:36:00,0.9,394,0.87
Protection,Mourachan,Far_East,Fox,Protected,High,13/12/19 21:50,13/12/19,21:50:24,0.91,394,0.88
Protection,Mourachan,Far_East,Fox,Protected,High,3/1/20 22:04,3/1/20,22:04:48,0.92,394,0.89
Protection,Mourachan,Far_East,Fox,Protected,High,4/1/20 22:04,4/1/20,22:04:48,0.92,394,0.89
Protection,Mourachan,Far_East,Fox,Protected,High,15/12/19 22:04,15/12/19,22:04:48,0.92,394,0.9
Protection,Mourachan,Far_East,Fox,Protected,High,4/1/20 22:19,4/1/20,22:19:12,0.93,394,0.9
Protection,Mourachan,Far_East,Fox,Protected,High,4/1/20 22:19,4/1/20,22:19:12,0.93,394,0.9
Protection,Mourachan,Far_East,Fox,Protected,High,19/12/19 22:19,19/12/19,22:19:12,0.93,394,0.91
Protection,Mourachan,Far_East,Fox,Protected,High,4/1/20 22:33,4/1/20,22:33:36,0.94,394,0.91
Protection,Mourachan,Far_East,Fox,Protected,High,4/1/20 22:33,4/1/20,22:33:36,0.94,394,0.91
Protection,Mourachan,Far_East,Fox,Protected,High,4/1/20 22:33,4/1/20,22:33:36,0.94,394,0.91
Protection,Mourachan,Far_East,Fox,Protected,High,4/1/20 22:33,4/1/20,22:33:36,0.94,394,0.91
Protection,Mourachan,Far_East,Fox,Protected,High,25/12/19 22:33,25/12/19,22:33:36,0.94,394,0.92
Protection,Mourachan,Far_East,Fox,Protected,High,30/12/19 22:33,30/12/19,22:33:36,0.94,394,0.92
Protection,Mourachan,Far_East,Fox,Protected,High,19/12/19 22:33,19/12/19,22:33:36,0.94,394,0.92
Protection,Mourachan,Far_East,Dingo,Protected,High,10/1/20 22:48,10/1/20,22:48:00,0.95,394,0.92
Protection,Mourachan,Far_East,Dingo,Protected,High,10/1/20 22:48,10/1/20,22:48:00,0.95,394,0.92
Protection,Mourachan,Far_East,Dingo,Protected,High,10/1/20 22:48,10/1/20,22:48:00,0.95,394,0.92
Protection,Mourachan,Far_East,Dingo,Protected,High,10/1/20 22:48,10/1/20,22:48:00,0.95,394,0.92
Protection,Mourachan,Far_East,Dingo,Protected,High,10/1/20 22:48,10/1/20,22:48:00,0.95,394,0.92
Protection,Mourachan,Far_East,Dingo,Protected,High,10/1/20 22:48,10/1/20,22:48:00,0.95,394,0.92
Protection,Mourachan,Far_East,Dingo,Protected,High,10/1/20 22:48,10/1/20,22:48:00,0.95,394,0.92
Protection,Mourachan,Far_East,Fox,Protected,High,29/12/19 22:48,29/12/19,22:48:00,0.95,394,0.93
Protection,Mourachan,Far_East,Dingo,Protected,High,5/1/20 23:02,5/1/20,23:02:24,0.96,394,0.93
Protection,Mourachan,Far_East,Dingo,Protected,High,5/1/20 23:02,5/1/20,23:02:24,0.96,394,0.93
Protection,Mourachan,Far_East,Fox,Protected,High,4/1/20 23:02,4/1/20,23:02:24,0.96,394,0.93
Protection,Mourachan,Far_East,Fox,Protected,High,4/1/20 23:02,4/1/20,23:02:24,0.96,394,0.93
Protection,Mourachan,Far_East,Fox,Protected,High,20/12/19 23:02,20/12/19,23:02:24,0.96,394,0.94
Protection,Mourachan,Far_East,Fox,Protected,High,20/12/19 23:02,20/12/19,23:02:24,0.96,394,0.94
Protection,Mourachan,Far_East,Fox,Protected,High,20/12/19 23:02,20/12/19,23:02:24,0.96,394,0.94
Protection,Mourachan,Far_East,Fox,Protected,High,19/12/19 23:02,19/12/19,23:02:24,0.96,394,0.94
Protection,Mourachan,Far_East,Fox,Protected,High,19/12/19 23:16,19/12/19,23:16:48,0.97,394,0.96
Protection,Mourachan,Far_East,Fox,Protected,High,29/12/19 23:31,29/12/19,23:31:12,0.98,394,0.97
Protection,Mourachan,Far_East,Fox,Protected,High,24/12/19 23:45,24/12/19,23:45:36,0.99,394,0.98
Protection,Mourachan,Far_East,Fox,Protected,High,19/12/19 23:45,19/12/19,23:45:36,0.99,394,0.98
Protection,Mourachan,Far_East,Fox,Protected,High,19/12/19 23:45,19/12/19,23:45:36,0.99,394,0.98
Protection,Mourachan,Far_East,Dingo,Protected,High,7/1/20 0:00,7/1/20,0:00:00,1,394,0.98
Protection,Mourachan,Far_East,Dingo,Protected,High,7/1/20 0:00,7/1/20,0:00:00,1,394,0.98
Protection,Mourachan,Far_East,Dingo,Protected,High,7/1/20 0:00,7/1/20,0:00:00,1,394,0.98
Protection,Mourachan,Far_East,Fox,Protected,High,22/12/19 0:00,22/12/19,0:00:00,0,394,0.99
Protection,Mourachan,Far_East,Fox,Protected,High,31/12/19 0:00,31/12/19,0:00:00,0,394,0.99
Protection,Mourachan,Far_East,Fox,Protected,High,16/1/20 0:14,16/1/20,0:14:24,0.01,394,0.99
Protection,Mourachan,Grave_Dam,Dingo,Protected,High,26/11/19 7:12,26/11/19,7:12:00,0.3,397,0.32
Protection,Mourachan,Number_11_Dam,Dingo,Protected,High,23/11/19 0:57,23/11/19,0:57:36,0.04,393,0.05
Protection,Mourachan,Number_11_Dam,Dingo,Protected,High,23/11/19 0:57,23/11/19,0:57:36,0.04,393,0.05
Protection,Mourachan,Number_11_Dam,Dingo,Protected,High,23/11/19 0:57,23/11/19,0:57:36,0.04,393,0.05
Protection,Mourachan,Number_11_Dam,Dingo,Protected,High,23/11/19 0:57,23/11/19,0:57:36,0.04,393,0.05
Protection,Mourachan,Number_11_Dam,Dingo,Protected,High,23/11/19 0:57,23/11/19,0:57:36,0.04,393,0.05
Protection,Mourachan,Number_11_Dam,Dingo,Protected,High,23/11/19 0:57,23/11/19,0:57:36,0.04,393,0.05
Protection,Mourachan,Number_11_Dam,Dingo,Protected,High,23/11/19 0:57,23/11/19,0:57:36,0.04,393,0.05
Protection,Mourachan,Number_11_Dam,Dingo,Protected,High,23/11/19 0:57,23/11/19,0:57:36,0.04,393,0.05
Protection,Mourachan,Number_11_Dam,Dingo,Protected,High,23/11/19 0:57,23/11/19,0:57:36,0.04,393,0.05
Protection,Mourachan,Number_11_Dam,Dingo,Protected,High,23/11/19 0:57,23/11/19,0:57:36,0.04,393,0.05
Protection,Mourachan,Number_11_Dam,Fox,Protected,High,22/11/19 1:55,22/11/19,1:55:12,0.08,393,0.09
Protection,Mourachan,Number_11_Dam,Fox,Protected,High,22/11/19 1:55,22/11/19,1:55:12,0.08,393,0.09
Protection,Mourachan,Number_11_Dam,Fox,Protected,High,22/11/19 1:55,22/11/19,1:55:12,0.08,393,0.09
Protection,Mourachan,Number_11_Dam,Dingo,Protected,High,18/11/19 3:21,18/11/19,3:21:36,0.14,393,0.16
Protection,Mourachan,Number_11_Dam,Dingo,Protected,High,18/11/19 3:21,18/11/19,3:21:36,0.14,393,0.16
Protection,Mourachan,Number_11_Dam,Dingo,Protected,High,18/11/19 3:21,18/11/19,3:21:36,0.14,393,0.16
Protection,Mourachan,Number_11_Dam,Dingo,Protected,High,18/11/19 3:21,18/11/19,3:21:36,0.14,393,0.16
Protection,Mourachan,Number_11_Dam,Dingo,Protected,High,18/11/19 3:21,18/11/19,3:21:36,0.14,393,0.16
Protection,Mourachan,Number_11_Dam,Dingo,Protected,High,18/11/19 3:21,18/11/19,3:21:36,0.14,393,0.16
Protection,Mourachan,Number_11_Dam,Dingo,Protected,High,18/11/19 3:21,18/11/19,3:21:36,0.14,393,0.16
Protection,Mourachan,Number_11_Dam,Dingo,Protected,High,18/11/19 3:21,18/11/19,3:21:36,0.14,393,0.16
Protection,Mourachan,Number_11_Dam,Dingo,Protected,High,18/11/19 3:21,18/11/19,3:21:36,0.14,393,0.16
Protection,Mourachan,Number_11_Dam,Dingo,Protected,High,18/11/19 3:21,18/11/19,3:21:36,0.14,393,0.16
Protection,Mourachan,Number_11_Dam,Dingo,Protected,High,18/11/19 3:21,18/11/19,3:21:36,0.14,393,0.16
Protection,Mourachan,Number_11_Dam,Dingo,Protected,High,18/11/19 3:21,18/11/19,3:21:36,0.14,393,0.16
Protection,Mourachan,Number_11_Dam,Dingo,Protected,High,18/11/19 3:21,18/11/19,3:21:36,0.14,393,0.16
Protection,Mourachan,Number_11_Dam,Dingo,Protected,High,18/11/19 3:21,18/11/19,3:21:36,0.14,393,0.16
Protection,Mourachan,Number_11_Dam,Dingo,Protected,High,18/11/19 3:21,18/11/19,3:21:36,0.14,393,0.16
Protection,Mourachan,Number_11_Dam,Dingo,Protected,High,18/11/19 3:21,18/11/19,3:21:36,0.14,393,0.16
Protection,Mourachan,Number_11_Dam,Dingo,Protected,High,18/11/19 3:21,18/11/19,3:21:36,0.14,393,0.16
Protection,Mourachan,Number_11_Dam,Dingo,Protected,High,18/11/19 3:21,18/11/19,3:21:36,0.14,393,0.16
Protection,Mourachan,Number_11_Dam,Dingo,Protected,High,18/11/19 3:21,18/11/19,3:21:36,0.14,393,0.16
Protection,Mourachan,Number_11_Dam,Dingo,Protected,High,18/11/19 3:21,18/11/19,3:21:36,0.14,393,0.16
Protection,Mourachan,Number_11_Dam,Dingo,Protected,High,18/11/19 3:21,18/11/19,3:21:36,0.14,393,0.16
Protection,Mourachan,Number_11_Dam,Dingo,Protected,High,18/11/19 3:21,18/11/19,3:21:36,0.14,393,0.16
Protection,Mourachan,Number_11_Dam,Dingo,Protected,High,18/11/19 3:21,18/11/19,3:21:36,0.14,393,0.16
Protection,Mourachan,Number_11_Dam,Dingo,Protected,High,18/11/19 3:21,18/11/19,3:21:36,0.14,393,0.16
Protection,Mourachan,Number_11_Dam,Dingo,Protected,High,18/11/19 3:21,18/11/19,3:21:36,0.14,393,0.16
Protection,Mourachan,Number_11_Dam,Dingo,Protected,High,18/11/19 3:21,18/11/19,3:21:36,0.14,393,0.16
Protection,Mourachan,Number_11_Dam,Dingo,Protected,High,18/11/19 3:21,18/11/19,3:21:36,0.14,393,0.16
Protection,Mourachan,Number_11_Dam,Dingo,Protected,High,18/11/19 3:21,18/11/19,3:21:36,0.14,393,0.16
Protection,Mourachan,Number_11_Dam,Dingo,Protected,High,18/11/19 3:21,18/11/19,3:21:36,0.14,393,0.16
Protection,Mourachan,Number_11_Dam,Dingo,Protected,High,18/11/19 3:21,18/11/19,3:21:36,0.14,393,0.16
Protection,Mourachan,Number_11_Dam,Dingo,Protected,High,18/11/19 3:21,18/11/19,3:21:36,0.14,393,0.16
Protection,Mourachan,Number_11_Dam,Dingo,Protected,High,18/11/19 3:21,18/11/19,3:21:36,0.14,393,0.16
Protection,Mourachan,Number_11_Dam,Dingo,Protected,High,18/11/19 3:21,18/11/19,3:21:36,0.14,393,0.16
Protection,Mourachan,Number_11_Dam,Dingo,Protected,High,18/11/19 3:21,18/11/19,3:21:36,0.14,393,0.16
Protection,Mourachan,Number_11_Dam,Dingo,Protected,High,18/11/19 3:21,18/11/19,3:21:36,0.14,393,0.16
Protection,Mourachan,Number_11_Dam,Dingo,Protected,High,18/11/19 3:21,18/11/19,3:21:36,0.14,393,0.16
Protection,Mourachan,Number_11_Dam,Dingo,Protected,High,18/11/19 3:21,18/11/19,3:21:36,0.14,393,0.16
Protection,Mourachan,Number_11_Dam,Dingo,Protected,High,18/11/19 3:21,18/11/19,3:21:36,0.14,393,0.16
Protection,Mourachan,Number_11_Dam,Dingo,Protected,High,18/11/19 3:21,18/11/19,3:21:36,0.14,393,0.16
Protection,Mourachan,Number_11_Dam,Dingo,Protected,High,18/11/19 3:21,18/11/19,3:21:36,0.14,393,0.16
Protection,Mourachan,Number_11_Dam,Dingo,Protected,High,18/11/19 3:21,18/11/19,3:21:36,0.14,393,0.16
Protection,Mourachan,Number_11_Dam,Dingo,Protected,High,18/11/19 3:21,18/11/19,3:21:36,0.14,393,0.16
Protection,Mourachan,Number_11_Dam,Dingo,Protected,High,18/11/19 3:21,18/11/19,3:21:36,0.14,393,0.16
Protection,Mourachan,Number_11_Dam,Dingo,Protected,High,18/11/19 3:21,18/11/19,3:21:36,0.14,393,0.16
Protection,Mourachan,Number_11_Dam,Dingo,Protected,High,18/11/19 3:21,18/11/19,3:21:36,0.14,393,0.16
Protection,Mourachan,Number_11_Dam,Dingo,Protected,High,18/11/19 3:21,18/11/19,3:21:36,0.14,393,0.16
Protection,Mourachan,Number_11_Dam,Dingo,Protected,High,18/11/19 3:21,18/11/19,3:21:36,0.14,393,0.16
Protection,Mourachan,Number_11_Dam,Dingo,Protected,High,18/11/19 3:21,18/11/19,3:21:36,0.14,393,0.16
Protection,Mourachan,Number_11_Dam,Dingo,Protected,High,18/11/19 3:21,18/11/19,3:21:36,0.14,393,0.16
Protection,Mourachan,Number_11_Dam,Dingo,Protected,High,18/11/19 3:21,18/11/19,3:21:36,0.14,393,0.16
Protection,Mourachan,Number_11_Dam,Dingo,Protected,High,18/11/19 3:21,18/11/19,3:21:36,0.14,393,0.16
Protection,Mourachan,Number_11_Dam,Dingo,Protected,High,18/11/19 3:21,18/11/19,3:21:36,0.14,393,0.16
Protection,Mourachan,Number_11_Dam,Dingo,Protected,High,18/11/19 3:21,18/11/19,3:21:36,0.14,393,0.16
Protection,Mourachan,Number_11_Dam,Dingo,Protected,High,18/11/19 3:21,18/11/19,3:21:36,0.14,393,0.16
Protection,Mourachan,Number_11_Dam,Dingo,Protected,High,18/11/19 3:21,18/11/19,3:21:36,0.14,393,0.16
Protection,Mourachan,Number_11_Dam,Dingo,Protected,High,18/11/19 3:21,18/11/19,3:21:36,0.14,393,0.16
Protection,Mourachan,Number_11_Dam,Dingo,Protected,High,18/11/19 3:21,18/11/19,3:21:36,0.14,393,0.16
Protection,Mourachan,Number_11_Dam,Dingo,Protected,High,18/11/19 3:21,18/11/19,3:21:36,0.14,393,0.16
Protection,Mourachan,Number_11_Dam,Dingo,Protected,High,18/11/19 3:21,18/11/19,3:21:36,0.14,393,0.16
Protection,Mourachan,Number_11_Dam,Dingo,Protected,High,18/11/19 3:21,18/11/19,3:21:36,0.14,393,0.16
Protection,Mourachan,Number_11_Dam,Dingo,Protected,High,18/11/19 3:21,18/11/19,3:21:36,0.14,393,0.16
Protection,Mourachan,Number_11_Dam,Dingo,Protected,High,18/11/19 3:21,18/11/19,3:21:36,0.14,393,0.16
Protection,Mourachan,Number_11_Dam,Dingo,Protected,High,18/11/19 3:21,18/11/19,3:21:36,0.14,393,0.16
Protection,Mourachan,Number_11_Dam,Dingo,Protected,High,18/11/19 3:21,18/11/19,3:21:36,0.14,393,0.16
Protection,Mourachan,Number_11_Dam,Dingo,Protected,High,18/11/19 3:21,18/11/19,3:21:36,0.14,393,0.16
Protection,Mourachan,Number_11_Dam,Dingo,Protected,High,18/11/19 3:21,18/11/19,3:21:36,0.14,393,0.16
Protection,Mourachan,Number_11_Dam,Dingo,Protected,High,18/11/19 3:21,18/11/19,3:21:36,0.14,393,0.16
Protection,Mourachan,Number_11_Dam,Dingo,Protected,High,18/11/19 3:21,18/11/19,3:21:36,0.14,393,0.16
Protection,Mourachan,Number_11_Dam,Dingo,Protected,High,18/11/19 3:21,18/11/19,3:21:36,0.14,393,0.16
Protection,Mourachan,Number_11_Dam,Dingo,Protected,High,18/11/19 3:21,18/11/19,3:21:36,0.14,393,0.16
Protection,Mourachan,Number_11_Dam,Dingo,Protected,High,18/11/19 3:21,18/11/19,3:21:36,0.14,393,0.16
Protection,Mourachan,Number_11_Dam,Dingo,Protected,High,18/11/19 3:21,18/11/19,3:21:36,0.14,393,0.16
Protection,Mourachan,Number_11_Dam,Dingo,Protected,High,18/11/19 3:21,18/11/19,3:21:36,0.14,393,0.16
Protection,Mourachan,Number_11_Dam,Dingo,Protected,High,18/11/19 3:21,18/11/19,3:21:36,0.14,393,0.16
Protection,Mourachan,Number_11_Dam,Dingo,Protected,High,18/11/19 3:21,18/11/19,3:21:36,0.14,393,0.16
Protection,Mourachan,Number_11_Dam,Dingo,Protected,High,18/11/19 3:21,18/11/19,3:21:36,0.14,393,0.16
Protection,Mourachan,Number_11_Dam,Dingo,Protected,High,18/11/19 3:21,18/11/19,3:21:36,0.14,393,0.16
Protection,Mourachan,Number_11_Dam,Dingo,Protected,High,18/11/19 3:21,18/11/19,3:21:36,0.14,393,0.16
Protection,Mourachan,Number_11_Dam,Dingo,Protected,High,18/11/19 3:21,18/11/19,3:21:36,0.14,393,0.16
Protection,Mourachan,Number_11_Dam,Dingo,Protected,High,18/11/19 3:21,18/11/19,3:21:36,0.14,393,0.16
Protection,Mourachan,Number_11_Dam,Dingo,Protected,High,18/11/19 3:21,18/11/19,3:21:36,0.14,393,0.16
Protection,Mourachan,Number_11_Dam,Dingo,Protected,High,18/11/19 3:21,18/11/19,3:21:36,0.14,393,0.16
Protection,Mourachan,Number_11_Dam,Dingo,Protected,High,18/11/19 3:21,18/11/19,3:21:36,0.14,393,0.16
Protection,Mourachan,Number_11_Dam,Dingo,Protected,High,18/11/19 3:21,18/11/19,3:21:36,0.14,393,0.16
Protection,Mourachan,Number_11_Dam,Dingo,Protected,High,18/11/19 3:36,18/11/19,3:36:00,0.15,393,0.17
Protection,Mourachan,Number_11_Dam,Dingo,Protected,High,18/11/19 3:36,18/11/19,3:36:00,0.15,393,0.17
Protection,Mourachan,Number_11_Dam,Dingo,Protected,High,18/11/19 3:36,18/11/19,3:36:00,0.15,393,0.17
Protection,Mourachan,Number_11_Dam,Dingo,Protected,High,18/11/19 3:36,18/11/19,3:36:00,0.15,393,0.17
Protection,Mourachan,Number_11_Dam,Dingo,Protected,High,18/11/19 3:36,18/11/19,3:36:00,0.15,393,0.17
Protection,Mourachan,Number_11_Dam,Dingo,Protected,High,18/11/19 3:36,18/11/19,3:36:00,0.15,393,0.17
Protection,Mourachan,Number_11_Dam,Dingo,Protected,High,18/11/19 3:36,18/11/19,3:36:00,0.15,393,0.17
Protection,Mourachan,Number_11_Dam,Dingo,Protected,High,18/11/19 3:36,18/11/19,3:36:00,0.15,393,0.17
Protection,Mourachan,Number_11_Dam,Dingo,Protected,High,18/11/19 3:36,18/11/19,3:36:00,0.15,393,0.17
Protection,Mourachan,Number_11_Dam,Dingo,Protected,High,18/11/19 3:36,18/11/19,3:36:00,0.15,393,0.17
Protection,Mourachan,Number_11_Dam,Dingo,Protected,High,18/11/19 3:36,18/11/19,3:36:00,0.15,393,0.17
Protection,Mourachan,Number_11_Dam,Dingo,Protected,High,18/11/19 3:36,18/11/19,3:36:00,0.15,393,0.17
Protection,Mourachan,Number_11_Dam,Dingo,Protected,High,25/11/19 4:04,25/11/19,4:04:48,0.17,393,0.2
Protection,Mourachan,Number_11_Dam,Dingo,Protected,High,25/11/19 4:04,25/11/19,4:04:48,0.17,393,0.2
Protection,Mourachan,Number_11_Dam,Dingo,Protected,High,25/11/19 4:04,25/11/19,4:04:48,0.17,393,0.2
Protection,Mourachan,Number_11_Dam,Dingo,Protected,High,25/11/19 4:04,25/11/19,4:04:48,0.17,393,0.2
Protection,Mourachan,Number_11_Dam,Dingo,Protected,High,25/11/19 4:04,25/11/19,4:04:48,0.17,393,0.2
Protection,Mourachan,Number_11_Dam,Dingo,Protected,High,25/11/19 4:04,25/11/19,4:04:48,0.17,393,0.2
Protection,Mourachan,Number_11_Dam,Dingo,Protected,High,25/11/19 4:04,25/11/19,4:04:48,0.17,393,0.2
Protection,Mourachan,Number_11_Dam,Dingo,Protected,High,25/11/19 4:04,25/11/19,4:04:48,0.17,393,0.2
Protection,Mourachan,Number_11_Dam,Dingo,Protected,High,25/11/19 4:04,25/11/19,4:04:48,0.17,393,0.2
Protection,Mourachan,Number_11_Dam,Dingo,Protected,High,25/11/19 4:04,25/11/19,4:04:48,0.17,393,0.2
Protection,Mourachan,Number_11_Dam,Dingo,Protected,High,23/11/19 5:02,23/11/19,5:02:24,0.21,393,0.24
Protection,Mourachan,Number_11_Dam,Dingo,Protected,High,23/11/19 5:02,23/11/19,5:02:24,0.21,393,0.24
Protection,Mourachan,Number_11_Dam,Dingo,Protected,High,23/11/19 5:02,23/11/19,5:02:24,0.21,393,0.24
Protection,Mourachan,Number_11_Dam,Dingo,Protected,High,23/11/19 5:02,23/11/19,5:02:24,0.21,393,0.24
Protection,Mourachan,Number_11_Dam,Dingo,Protected,High,23/11/19 5:02,23/11/19,5:02:24,0.21,393,0.24
Protection,Mourachan,Number_11_Dam,Dingo,Protected,High,23/11/19 5:02,23/11/19,5:02:24,0.21,393,0.24
Protection,Mourachan,Number_11_Dam,Dingo,Protected,High,23/11/19 5:02,23/11/19,5:02:24,0.21,393,0.24
Protection,Mourachan,Number_11_Dam,Dingo,Protected,High,23/11/19 5:02,23/11/19,5:02:24,0.21,393,0.24
Protection,Mourachan,Number_11_Dam,Dingo,Protected,High,23/11/19 5:02,23/11/19,5:02:24,0.21,393,0.24
Protection,Mourachan,Number_11_Dam,Dingo,Protected,High,23/11/19 5:02,23/11/19,5:02:24,0.21,393,0.24
Protection,Mourachan,Number_11_Dam,Dingo,Protected,High,23/11/19 5:02,23/11/19,5:02:24,0.21,393,0.24
Protection,Mourachan,Number_11_Dam,Dingo,Protected,High,23/11/19 5:02,23/11/19,5:02:24,0.21,393,0.24
Protection,Mourachan,Number_11_Dam,Dingo,Protected,High,23/11/19 5:02,23/11/19,5:02:24,0.21,393,0.24
Protection,Mourachan,Number_11_Dam,Dingo,Protected,High,23/11/19 5:02,23/11/19,5:02:24,0.21,393,0.24
Protection,Mourachan,Number_11_Dam,Dingo,Protected,High,23/11/19 5:02,23/11/19,5:02:24,0.21,393,0.24
Protection,Mourachan,Number_11_Dam,Dingo,Protected,High,23/11/19 5:02,23/11/19,5:02:24,0.21,393,0.24
Protection,Mourachan,Number_11_Dam,Dingo,Protected,High,24/11/19 5:02,24/11/19,5:02:24,0.21,393,0.24
Protection,Mourachan,Number_11_Dam,Dingo,Protected,High,24/11/19 5:02,24/11/19,5:02:24,0.21,393,0.24
Protection,Mourachan,Number_11_Dam,Dingo,Protected,High,24/11/19 5:02,24/11/19,5:02:24,0.21,393,0.24
Protection,Mourachan,Number_11_Dam,Dingo,Protected,High,24/11/19 5:02,24/11/19,5:02:24,0.21,393,0.24
Protection,Mourachan,Number_11_Dam,Dingo,Protected,High,24/11/19 5:02,24/11/19,5:02:24,0.21,393,0.24
Protection,Mourachan,Number_11_Dam,Dingo,Protected,High,24/11/19 5:02,24/11/19,5:02:24,0.21,393,0.24
Protection,Mourachan,Number_11_Dam,Dingo,Protected,High,24/11/19 5:02,24/11/19,5:02:24,0.21,393,0.24
Protection,Mourachan,Number_11_Dam,Dingo,Protected,High,24/11/19 5:02,24/11/19,5:02:24,0.21,393,0.24
Protection,Mourachan,Number_11_Dam,Dingo,Protected,High,28/11/19 5:02,28/11/19,5:02:24,0.21,393,0.24
Protection,Mourachan,Number_11_Dam,Dingo,Protected,High,28/11/19 5:02,28/11/19,5:02:24,0.21,393,0.24
Protection,Mourachan,Number_11_Dam,Dingo,Protected,High,24/11/19 5:16,24/11/19,5:16:48,0.22,393,0.25
Protection,Mourachan,Number_11_Dam,Dingo,Protected,High,24/11/19 5:16,24/11/19,5:16:48,0.22,393,0.25
Protection,Mourachan,Number_11_Dam,Dingo,Protected,High,24/11/19 5:16,24/11/19,5:16:48,0.22,393,0.25
Protection,Mourachan,Number_11_Dam,Dingo,Protected,High,24/11/19 5:16,24/11/19,5:16:48,0.22,393,0.25
Protection,Mourachan,Number_11_Dam,Dingo,Protected,High,24/11/19 5:16,24/11/19,5:16:48,0.22,393,0.25
Protection,Mourachan,Number_11_Dam,Dingo,Protected,High,24/11/19 5:16,24/11/19,5:16:48,0.22,393,0.25
Protection,Mourachan,Number_11_Dam,Dingo,Protected,High,24/11/19 5:16,24/11/19,5:16:48,0.22,393,0.25
Protection,Mourachan,Number_11_Dam,Dingo,Protected,High,24/11/19 5:16,24/11/19,5:16:48,0.22,393,0.25
Protection,Mourachan,Number_11_Dam,Dingo,Protected,High,24/11/19 5:16,24/11/19,5:16:48,0.22,393,0.25
Protection,Mourachan,Number_11_Dam,Dingo,Protected,High,24/11/19 5:16,24/11/19,5:16:48,0.22,393,0.25
Protection,Mourachan,Number_11_Dam,Dingo,Protected,High,24/11/19 5:16,24/11/19,5:16:48,0.22,393,0.25
Protection,Mourachan,Number_11_Dam,Dingo,Protected,High,18/11/19 5:31,18/11/19,5:31:12,0.23,393,0.26
Protection,Mourachan,Number_11_Dam,Dingo,Protected,High,18/11/19 5:31,18/11/19,5:31:12,0.23,393,0.26
Protection,Mourachan,Number_11_Dam,Dingo,Protected,High,18/11/19 5:31,18/11/19,5:31:12,0.23,393,0.26
Protection,Mourachan,Number_11_Dam,Dingo,Protected,High,18/11/19 5:31,18/11/19,5:31:12,0.23,393,0.26
Protection,Mourachan,Number_11_Dam,Dingo,Protected,High,18/11/19 5:31,18/11/19,5:31:12,0.23,393,0.26
Protection,Mourachan,Number_11_Dam,Dingo,Protected,High,18/11/19 5:31,18/11/19,5:31:12,0.23,393,0.26
Protection,Mourachan,Number_11_Dam,Dingo,Protected,High,18/11/19 5:31,18/11/19,5:31:12,0.23,393,0.26
Protection,Mourachan,Number_11_Dam,Dingo,Protected,High,18/11/19 5:31,18/11/19,5:31:12,0.23,393,0.26
Protection,Mourachan,Number_11_Dam,Dingo,Protected,High,18/11/19 5:31,18/11/19,5:31:12,0.23,393,0.26
Protection,Mourachan,Number_11_Dam,Dingo,Protected,High,20/11/19 5:31,20/11/19,5:31:12,0.23,393,0.26
Protection,Mourachan,Number_11_Dam,Dingo,Protected,High,20/11/19 5:31,20/11/19,5:31:12,0.23,393,0.26
Protection,Mourachan,Number_11_Dam,Dingo,Protected,High,20/11/19 5:31,20/11/19,5:31:12,0.23,393,0.26
Protection,Mourachan,Number_11_Dam,Dingo,Protected,High,20/11/19 5:31,20/11/19,5:31:12,0.23,393,0.26
Protection,Mourachan,Number_11_Dam,Dingo,Protected,High,20/11/19 5:31,20/11/19,5:31:12,0.23,393,0.26
Protection,Mourachan,Number_11_Dam,Dingo,Protected,High,20/11/19 5:31,20/11/19,5:31:12,0.23,393,0.26
Protection,Mourachan,Number_11_Dam,Dingo,Protected,High,20/11/19 5:31,20/11/19,5:31:12,0.23,393,0.26
Protection,Mourachan,Number_11_Dam,Dingo,Protected,High,20/11/19 5:31,20/11/19,5:31:12,0.23,393,0.26
Protection,Mourachan,Number_11_Dam,Dingo,Protected,High,20/11/19 5:31,20/11/19,5:31:12,0.23,393,0.26
Protection,Mourachan,Number_11_Dam,Dingo,Protected,High,20/11/19 5:31,20/11/19,5:31:12,0.23,393,0.26
Protection,Mourachan,Number_11_Dam,Dingo,Protected,High,20/11/19 5:31,20/11/19,5:31:12,0.23,393,0.26
Protection,Mourachan,Number_11_Dam,Dingo,Protected,High,20/11/19 5:31,20/11/19,5:31:12,0.23,393,0.26
Protection,Mourachan,Number_11_Dam,Dingo,Protected,High,20/11/19 5:31,20/11/19,5:31:12,0.23,393,0.26
Protection,Mourachan,Number_11_Dam,Dingo,Protected,High,20/11/19 5:31,20/11/19,5:31:12,0.23,393,0.26
Protection,Mourachan,Number_11_Dam,Dingo,Protected,High,20/11/19 5:31,20/11/19,5:31:12,0.23,393,0.26
Protection,Mourachan,Number_11_Dam,Dingo,Protected,High,20/11/19 5:31,20/11/19,5:31:12,0.23,393,0.26
Protection,Mourachan,Number_11_Dam,Dingo,Protected,High,20/11/19 5:31,20/11/19,5:31:12,0.23,393,0.26
Protection,Mourachan,Number_11_Dam,Dingo,Protected,High,28/11/19 5:45,28/11/19,5:45:36,0.24,393,0.27
Protection,Mourachan,Number_11_Dam,Dingo,Protected,High,28/11/19 5:45,28/11/19,5:45:36,0.24,393,0.27
Protection,Mourachan,Number_11_Dam,Dingo,Protected,High,26/11/19 6:14,26/11/19,6:14:24,0.26,393,0.29
Protection,Mourachan,Number_11_Dam,Dingo,Protected,High,26/11/19 6:14,26/11/19,6:14:24,0.26,393,0.29
Protection,Mourachan,Number_11_Dam,Dingo,Protected,High,26/11/19 6:14,26/11/19,6:14:24,0.26,393,0.29
Protection,Mourachan,Number_11_Dam,Dingo,Protected,High,26/11/19 6:14,26/11/19,6:14:24,0.26,393,0.29
Protection,Mourachan,Number_11_Dam,Dingo,Protected,High,26/11/19 6:14,26/11/19,6:14:24,0.26,393,0.29
Protection,Mourachan,Number_11_Dam,Dingo,Protected,High,26/11/19 6:14,26/11/19,6:14:24,0.26,393,0.29
Protection,Mourachan,Number_11_Dam,Dingo,Protected,High,20/11/19 6:14,20/11/19,6:14:24,0.26,393,0.29
Protection,Mourachan,Number_11_Dam,Dingo,Protected,High,20/11/19 6:14,20/11/19,6:14:24,0.26,393,0.29
Protection,Mourachan,Number_11_Dam,Dingo,Protected,High,20/11/19 6:14,20/11/19,6:14:24,0.26,393,0.29
Protection,Mourachan,Number_11_Dam,Dingo,Protected,High,20/11/19 6:14,20/11/19,6:14:24,0.26,393,0.29
Protection,Mourachan,Number_11_Dam,Dingo,Protected,High,20/11/19 6:14,20/11/19,6:14:24,0.26,393,0.29
Protection,Mourachan,Number_11_Dam,Dingo,Protected,High,20/11/19 6:14,20/11/19,6:14:24,0.26,393,0.29
Protection,Mourachan,Number_11_Dam,Dingo,Protected,High,20/11/19 6:14,20/11/19,6:14:24,0.26,393,0.29
Protection,Mourachan,Number_11_Dam,Dingo,Protected,High,20/11/19 6:14,20/11/19,6:14:24,0.26,393,0.29
Protection,Mourachan,Number_11_Dam,Dingo,Protected,High,20/11/19 6:14,20/11/19,6:14:24,0.26,393,0.29
Protection,Mourachan,Number_11_Dam,Dingo,Protected,High,20/11/19 6:14,20/11/19,6:14:24,0.26,393,0.29
Protection,Mourachan,Number_11_Dam,Dingo,Protected,High,20/11/19 6:14,20/11/19,6:14:24,0.26,393,0.29
Protection,Mourachan,Number_11_Dam,Dingo,Protected,High,20/11/19 6:14,20/11/19,6:14:24,0.26,393,0.29
Protection,Mourachan,Number_11_Dam,Dingo,Protected,High,20/11/19 6:14,20/11/19,6:14:24,0.26,393,0.29
Protection,Mourachan,Number_11_Dam,Dingo,Protected,High,20/11/19 6:14,20/11/19,6:14:24,0.26,393,0.29
Protection,Mourachan,Number_11_Dam,Dingo,Protected,High,20/11/19 6:14,20/11/19,6:14:24,0.26,393,0.29
Protection,Mourachan,Number_11_Dam,Dingo,Protected,High,20/11/19 6:14,20/11/19,6:14:24,0.26,393,0.29
Protection,Mourachan,Number_11_Dam,Dingo,Protected,High,20/11/19 6:14,20/11/19,6:14:24,0.26,393,0.29
Protection,Mourachan,Number_11_Dam,Dingo,Protected,High,20/11/19 6:14,20/11/19,6:14:24,0.26,393,0.29
Protection,Mourachan,Number_11_Dam,Dingo,Protected,High,20/11/19 6:14,20/11/19,6:14:24,0.26,393,0.29
Protection,Mourachan,Number_11_Dam,Dingo,Protected,High,27/11/19 6:28,27/11/19,6:28:48,0.27,393,0.3
Protection,Mourachan,Number_11_Dam,Dingo,Protected,High,18/11/19 6:43,18/11/19,6:43:12,0.28,393,0.31
Protection,Mourachan,Number_11_Dam,Dingo,Protected,High,18/11/19 6:43,18/11/19,6:43:12,0.28,393,0.31
Protection,Mourachan,Number_11_Dam,Dingo,Protected,High,18/11/19 6:43,18/11/19,6:43:12,0.28,393,0.31
Protection,Mourachan,Number_11_Dam,Dingo,Protected,High,18/11/19 6:43,18/11/19,6:43:12,0.28,393,0.31
Protection,Mourachan,Number_11_Dam,Dingo,Protected,High,18/11/19 6:43,18/11/19,6:43:12,0.28,393,0.31
Protection,Mourachan,Number_11_Dam,Dingo,Protected,High,18/11/19 6:43,18/11/19,6:43:12,0.28,393,0.31
Protection,Mourachan,Number_11_Dam,Dingo,Protected,High,18/11/19 6:43,18/11/19,6:43:12,0.28,393,0.31
Protection,Mourachan,Number_11_Dam,Dingo,Protected,High,18/11/19 6:43,18/11/19,6:43:12,0.28,393,0.31
Protection,Mourachan,Number_11_Dam,Dingo,Protected,High,18/11/19 6:43,18/11/19,6:43:12,0.28,393,0.31
Protection,Mourachan,Number_11_Dam,Dingo,Protected,High,18/11/19 6:43,18/11/19,6:43:12,0.28,393,0.31
Protection,Mourachan,Number_11_Dam,Dingo,Protected,High,18/11/19 6:43,18/11/19,6:43:12,0.28,393,0.31
Protection,Mourachan,Number_11_Dam,Dingo,Protected,High,18/11/19 6:43,18/11/19,6:43:12,0.28,393,0.31
Protection,Mourachan,Number_11_Dam,Dingo,Protected,High,18/11/19 6:43,18/11/19,6:43:12,0.28,393,0.31
Protection,Mourachan,Number_11_Dam,Dingo,Protected,High,18/11/19 6:43,18/11/19,6:43:12,0.28,393,0.31
Protection,Mourachan,Number_11_Dam,Dingo,Protected,High,18/11/19 6:43,18/11/19,6:43:12,0.28,393,0.31
Protection,Mourachan,Number_11_Dam,Dingo,Protected,High,18/11/19 6:43,18/11/19,6:43:12,0.28,393,0.31
Protection,Mourachan,Number_11_Dam,Dingo,Protected,High,18/11/19 6:43,18/11/19,6:43:12,0.28,393,0.31
Protection,Mourachan,Number_11_Dam,Dingo,Protected,High,18/11/19 6:43,18/11/19,6:43:12,0.28,393,0.31
Protection,Mourachan,Number_11_Dam,Dingo,Protected,High,18/11/19 6:43,18/11/19,6:43:12,0.28,393,0.31
Protection,Mourachan,Number_11_Dam,Dingo,Protected,High,18/11/19 6:43,18/11/19,6:43:12,0.28,393,0.31
Protection,Mourachan,Number_11_Dam,Dingo,Protected,High,18/11/19 6:43,18/11/19,6:43:12,0.28,393,0.31
Protection,Mourachan,Number_11_Dam,Dingo,Protected,High,18/11/19 6:43,18/11/19,6:43:12,0.28,393,0.31
Protection,Mourachan,Number_11_Dam,Dingo,Protected,High,18/11/19 6:43,18/11/19,6:43:12,0.28,393,0.31
Protection,Mourachan,Number_11_Dam,Dingo,Protected,High,18/11/19 6:43,18/11/19,6:43:12,0.28,393,0.31
Protection,Mourachan,Number_11_Dam,Dingo,Protected,High,18/11/19 6:43,18/11/19,6:43:12,0.28,393,0.31
Protection,Mourachan,Number_11_Dam,Dingo,Protected,High,18/11/19 6:43,18/11/19,6:43:12,0.28,393,0.31
Protection,Mourachan,Number_11_Dam,Dingo,Protected,High,18/11/19 6:43,18/11/19,6:43:12,0.28,393,0.31
Protection,Mourachan,Number_11_Dam,Dingo,Protected,High,18/11/19 6:43,18/11/19,6:43:12,0.28,393,0.31
Protection,Mourachan,Number_11_Dam,Dingo,Protected,High,18/11/19 6:43,18/11/19,6:43:12,0.28,393,0.31
Protection,Mourachan,Number_11_Dam,Dingo,Protected,High,18/11/19 6:43,18/11/19,6:43:12,0.28,393,0.31
Protection,Mourachan,Number_11_Dam,Dingo,Protected,High,18/11/19 6:43,18/11/19,6:43:12,0.28,393,0.31
Protection,Mourachan,Number_11_Dam,Dingo,Protected,High,18/11/19 6:43,18/11/19,6:43:12,0.28,393,0.31
Protection,Mourachan,Number_11_Dam,Dingo,Protected,High,18/11/19 6:43,18/11/19,6:43:12,0.28,393,0.31
Protection,Mourachan,Number_11_Dam,Dingo,Protected,High,18/11/19 6:43,18/11/19,6:43:12,0.28,393,0.31
Protection,Mourachan,Number_11_Dam,Dingo,Protected,High,18/11/19 6:43,18/11/19,6:43:12,0.28,393,0.31
Protection,Mourachan,Number_11_Dam,Dingo,Protected,High,18/11/19 6:43,18/11/19,6:43:12,0.28,393,0.31
Protection,Mourachan,Number_11_Dam,Dingo,Protected,High,18/11/19 6:43,18/11/19,6:43:12,0.28,393,0.31
Protection,Mourachan,Number_11_Dam,Dingo,Protected,High,18/11/19 6:43,18/11/19,6:43:12,0.28,393,0.31
Protection,Mourachan,Number_11_Dam,Dingo,Protected,High,18/11/19 6:43,18/11/19,6:43:12,0.28,393,0.31
Protection,Mourachan,Number_11_Dam,Dingo,Protected,High,18/11/19 6:43,18/11/19,6:43:12,0.28,393,0.31
Protection,Mourachan,Number_11_Dam,Dingo,Protected,High,18/11/19 6:43,18/11/19,6:43:12,0.28,393,0.31
Protection,Mourachan,Number_11_Dam,Dingo,Protected,High,18/11/19 6:43,18/11/19,6:43:12,0.28,393,0.31
Protection,Mourachan,Number_11_Dam,Dingo,Protected,High,30/11/19 6:57,30/11/19,6:57:36,0.29,393,0.32
Protection,Mourachan,Number_11_Dam,Dingo,Protected,High,30/11/19 6:57,30/11/19,6:57:36,0.29,393,0.32
Protection,Mourachan,Number_11_Dam,Dingo,Protected,High,30/11/19 6:57,30/11/19,6:57:36,0.29,393,0.32
Protection,Mourachan,Number_11_Dam,Dingo,Protected,High,30/11/19 6:57,30/11/19,6:57:36,0.29,393,0.32
Protection,Mourachan,Number_11_Dam,Dingo,Protected,High,30/11/19 6:57,30/11/19,6:57:36,0.29,393,0.32
Protection,Mourachan,Number_11_Dam,Dingo,Protected,High,30/11/19 6:57,30/11/19,6:57:36,0.29,393,0.32
Protection,Mourachan,Number_11_Dam,Dingo,Protected,High,30/11/19 6:57,30/11/19,6:57:36,0.29,393,0.32
Protection,Mourachan,Number_11_Dam,Dingo,Protected,High,28/11/19 7:12,28/11/19,7:12:00,0.3,393,0.32
Protection,Mourachan,Number_11_Dam,Dingo,Protected,High,28/11/19 7:12,28/11/19,7:12:00,0.3,393,0.32
Protection,Mourachan,Number_11_Dam,Dingo,Protected,High,28/11/19 7:12,28/11/19,7:12:00,0.3,393,0.32
Protection,Mourachan,Number_11_Dam,Dingo,Protected,High,28/11/19 7:12,28/11/19,7:12:00,0.3,393,0.32
Protection,Mourachan,Number_11_Dam,Dingo,Protected,High,28/11/19 7:12,28/11/19,7:12:00,0.3,393,0.32
Protection,Mourachan,Number_11_Dam,Dingo,Protected,High,28/11/19 7:12,28/11/19,7:12:00,0.3,393,0.32
Protection,Mourachan,Number_11_Dam,Dingo,Protected,High,28/11/19 7:12,28/11/19,7:12:00,0.3,393,0.32
Protection,Mourachan,Number_11_Dam,Dingo,Protected,High,28/11/19 7:12,28/11/19,7:12:00,0.3,393,0.32
Protection,Mourachan,Number_11_Dam,Dingo,Protected,High,28/11/19 7:12,28/11/19,7:12:00,0.3,393,0.32
Protection,Mourachan,Number_11_Dam,Dingo,Protected,High,28/11/19 7:12,28/11/19,7:12:00,0.3,393,0.32
Protection,Mourachan,Number_11_Dam,Dingo,Protected,High,28/11/19 7:12,28/11/19,7:12:00,0.3,393,0.32
Protection,Mourachan,Number_11_Dam,Dingo,Protected,High,28/11/19 7:12,28/11/19,7:12:00,0.3,393,0.32
Protection,Mourachan,Number_11_Dam,Dingo,Protected,High,28/11/19 7:12,28/11/19,7:12:00,0.3,393,0.32
Protection,Mourachan,Number_11_Dam,Dingo,Protected,High,28/11/19 7:12,28/11/19,7:12:00,0.3,393,0.32
Protection,Mourachan,Number_11_Dam,Dingo,Protected,High,28/11/19 7:12,28/11/19,7:12:00,0.3,393,0.32
Protection,Mourachan,Number_11_Dam,Dingo,Protected,High,28/11/19 7:26,28/11/19,7:26:24,0.31,393,0.33
Protection,Mourachan,Number_11_Dam,Dingo,Protected,High,28/11/19 7:26,28/11/19,7:26:24,0.31,393,0.33
Protection,Mourachan,Number_11_Dam,Dingo,Protected,High,28/11/19 7:26,28/11/19,7:26:24,0.31,393,0.33
Protection,Mourachan,Number_11_Dam,Dingo,Protected,High,28/11/19 7:26,28/11/19,7:26:24,0.31,393,0.33
Protection,Mourachan,Number_11_Dam,Dingo,Protected,High,28/11/19 7:40,28/11/19,7:40:48,0.32,393,0.34
Protection,Mourachan,Number_11_Dam,Dingo,Protected,High,28/11/19 7:40,28/11/19,7:40:48,0.32,393,0.34
Protection,Mourachan,Number_11_Dam,Dingo,Protected,High,28/11/19 7:40,28/11/19,7:40:48,0.32,393,0.34
Protection,Mourachan,Number_11_Dam,Dingo,Protected,High,28/11/19 7:40,28/11/19,7:40:48,0.32,393,0.34
Protection,Mourachan,Number_11_Dam,Dingo,Protected,High,18/11/19 8:09,18/11/19,8:09:36,0.34,393,0.36
Protection,Mourachan,Number_11_Dam,Dingo,Protected,High,18/11/19 8:09,18/11/19,8:09:36,0.34,393,0.36
Protection,Mourachan,Number_11_Dam,Dingo,Protected,High,18/11/19 8:09,18/11/19,8:09:36,0.34,393,0.36
Protection,Mourachan,Number_11_Dam,Dingo,Protected,High,23/11/19 8:24,23/11/19,8:24:00,0.35,393,0.37
Protection,Mourachan,Number_11_Dam,Dingo,Protected,High,23/11/19 8:24,23/11/19,8:24:00,0.35,393,0.37
Protection,Mourachan,Number_11_Dam,Dingo,Protected,High,23/11/19 8:24,23/11/19,8:24:00,0.35,393,0.37
Protection,Mourachan,Number_11_Dam,Dingo,Protected,High,23/11/19 8:24,23/11/19,8:24:00,0.35,393,0.37
Protection,Mourachan,Number_11_Dam,Dingo,Protected,High,23/11/19 8:24,23/11/19,8:24:00,0.35,393,0.37
Protection,Mourachan,Number_11_Dam,Dingo,Protected,High,23/11/19 8:24,23/11/19,8:24:00,0.35,393,0.37
Protection,Mourachan,Number_11_Dam,Dingo,Protected,High,23/11/19 8:24,23/11/19,8:24:00,0.35,393,0.37
Protection,Mourachan,Number_11_Dam,Dingo,Protected,High,23/11/19 8:24,23/11/19,8:24:00,0.35,393,0.37
Protection,Mourachan,Number_11_Dam,Dingo,Protected,High,23/11/19 8:24,23/11/19,8:24:00,0.35,393,0.37
Protection,Mourachan,Number_11_Dam,Dingo,Protected,High,23/11/19 8:24,23/11/19,8:24:00,0.35,393,0.37
Protection,Mourachan,Number_11_Dam,Dingo,Protected,High,23/11/19 8:24,23/11/19,8:24:00,0.35,393,0.37
Protection,Mourachan,Number_11_Dam,Dingo,Protected,High,23/11/19 8:24,23/11/19,8:24:00,0.35,393,0.37
Protection,Mourachan,Number_11_Dam,Dingo,Protected,High,23/11/19 8:24,23/11/19,8:24:00,0.35,393,0.37
Protection,Mourachan,Number_11_Dam,Dingo,Protected,High,23/11/19 8:24,23/11/19,8:24:00,0.35,393,0.37
Protection,Mourachan,Number_11_Dam,Dingo,Protected,High,23/11/19 8:24,23/11/19,8:24:00,0.35,393,0.37
Protection,Mourachan,Number_11_Dam,Dingo,Protected,High,23/11/19 8:24,23/11/19,8:24:00,0.35,393,0.37
Protection,Mourachan,Number_11_Dam,Dingo,Protected,High,23/11/19 8:24,23/11/19,8:24:00,0.35,393,0.37
Protection,Mourachan,Number_11_Dam,Dingo,Protected,High,23/11/19 8:24,23/11/19,8:24:00,0.35,393,0.37
Protection,Mourachan,Number_11_Dam,Dingo,Protected,High,23/11/19 8:24,23/11/19,8:24:00,0.35,393,0.37
Protection,Mourachan,Number_11_Dam,Dingo,Protected,High,23/11/19 8:24,23/11/19,8:24:00,0.35,393,0.37
Protection,Mourachan,Number_11_Dam,Dingo,Protected,High,23/11/19 8:24,23/11/19,8:24:00,0.35,393,0.37
Protection,Mourachan,Number_11_Dam,Dingo,Protected,High,23/11/19 8:24,23/11/19,8:24:00,0.35,393,0.37
Protection,Mourachan,Number_11_Dam,Dingo,Protected,High,23/11/19 8:24,23/11/19,8:24:00,0.35,393,0.37
Protection,Mourachan,Number_11_Dam,Dingo,Protected,High,23/11/19 8:24,23/11/19,8:24:00,0.35,393,0.37
Protection,Mourachan,Number_11_Dam,Dingo,Protected,High,23/11/19 8:24,23/11/19,8:24:00,0.35,393,0.37
Protection,Mourachan,Number_11_Dam,Dingo,Protected,High,23/11/19 8:24,23/11/19,8:24:00,0.35,393,0.37
Protection,Mourachan,Number_11_Dam,Dingo,Protected,High,23/11/19 8:24,23/11/19,8:24:00,0.35,393,0.37
Protection,Mourachan,Number_11_Dam,Dingo,Protected,High,23/11/19 8:24,23/11/19,8:24:00,0.35,393,0.37
Protection,Mourachan,Number_11_Dam,Dingo,Protected,High,23/11/19 8:24,23/11/19,8:24:00,0.35,393,0.37
Protection,Mourachan,Number_11_Dam,Dingo,Protected,High,23/11/19 8:24,23/11/19,8:24:00,0.35,393,0.37
Protection,Mourachan,Number_11_Dam,Dingo,Protected,High,23/11/19 8:24,23/11/19,8:24:00,0.35,393,0.37
Protection,Mourachan,Number_11_Dam,Dingo,Protected,High,23/11/19 8:24,23/11/19,8:24:00,0.35,393,0.37
Protection,Mourachan,Number_11_Dam,Dingo,Protected,High,21/11/19 8:38,21/11/19,8:38:24,0.36,393,0.38
Protection,Mourachan,Number_11_Dam,Dingo,Protected,High,21/11/19 8:38,21/11/19,8:38:24,0.36,393,0.38
Protection,Mourachan,Number_11_Dam,Dingo,Protected,High,23/11/19 8:38,23/11/19,8:38:24,0.36,393,0.38
Protection,Mourachan,Number_11_Dam,Dingo,Protected,High,23/11/19 8:38,23/11/19,8:38:24,0.36,393,0.38
Protection,Mourachan,Number_11_Dam,Dingo,Protected,High,23/11/19 8:38,23/11/19,8:38:24,0.36,393,0.38
Protection,Mourachan,Number_11_Dam,Dingo,Protected,High,23/11/19 8:38,23/11/19,8:38:24,0.36,393,0.38
Protection,Mourachan,Number_11_Dam,Dingo,Protected,High,23/11/19 8:38,23/11/19,8:38:24,0.36,393,0.38
Protection,Mourachan,Number_11_Dam,Dingo,Protected,High,23/11/19 8:38,23/11/19,8:38:24,0.36,393,0.38
Protection,Mourachan,Number_11_Dam,Dingo,Protected,High,23/11/19 8:38,23/11/19,8:38:24,0.36,393,0.38
Protection,Mourachan,Number_11_Dam,Dingo,Protected,High,23/11/19 8:38,23/11/19,8:38:24,0.36,393,0.38
Protection,Mourachan,Number_11_Dam,Dingo,Protected,High,23/11/19 8:38,23/11/19,8:38:24,0.36,393,0.38
Protection,Mourachan,Number_11_Dam,Dingo,Protected,High,23/11/19 8:38,23/11/19,8:38:24,0.36,393,0.38
Protection,Mourachan,Number_11_Dam,Dingo,Protected,High,23/11/19 8:38,23/11/19,8:38:24,0.36,393,0.38
Protection,Mourachan,Number_11_Dam,Dingo,Protected,High,23/11/19 8:52,23/11/19,8:52:48,0.37,393,0.39
Protection,Mourachan,Number_11_Dam,Dingo,Protected,High,23/11/19 8:52,23/11/19,8:52:48,0.37,393,0.39
Protection,Mourachan,Number_11_Dam,Dingo,Protected,High,23/11/19 8:52,23/11/19,8:52:48,0.37,393,0.39
Protection,Mourachan,Number_11_Dam,Dingo,Protected,High,23/11/19 8:52,23/11/19,8:52:48,0.37,393,0.39
Protection,Mourachan,Number_11_Dam,Dingo,Protected,High,23/11/19 8:52,23/11/19,8:52:48,0.37,393,0.39
Protection,Mourachan,Number_11_Dam,Dingo,Protected,High,23/11/19 8:52,23/11/19,8:52:48,0.37,393,0.39
Protection,Mourachan,Number_11_Dam,Dingo,Protected,High,23/11/19 8:52,23/11/19,8:52:48,0.37,393,0.39
Protection,Mourachan,Number_11_Dam,Dingo,Protected,High,23/11/19 8:52,23/11/19,8:52:48,0.37,393,0.39
Protection,Mourachan,Number_11_Dam,Dingo,Protected,High,23/11/19 8:52,23/11/19,8:52:48,0.37,393,0.39
Protection,Mourachan,Number_11_Dam,Dingo,Protected,High,23/11/19 8:52,23/11/19,8:52:48,0.37,393,0.39
Protection,Mourachan,Number_11_Dam,Dingo,Protected,High,23/11/19 8:52,23/11/19,8:52:48,0.37,393,0.39
Protection,Mourachan,Number_11_Dam,Dingo,Protected,High,23/11/19 8:52,23/11/19,8:52:48,0.37,393,0.39
Protection,Mourachan,Number_11_Dam,Dingo,Protected,High,23/11/19 8:52,23/11/19,8:52:48,0.37,393,0.39
Protection,Mourachan,Number_11_Dam,Dingo,Protected,High,23/11/19 8:52,23/11/19,8:52:48,0.37,393,0.39
Protection,Mourachan,Number_11_Dam,Dingo,Protected,High,23/11/19 8:52,23/11/19,8:52:48,0.37,393,0.39
Protection,Mourachan,Number_11_Dam,Dingo,Protected,High,23/11/19 8:52,23/11/19,8:52:48,0.37,393,0.39
Protection,Mourachan,Number_11_Dam,Dingo,Protected,High,23/11/19 8:52,23/11/19,8:52:48,0.37,393,0.39
Protection,Mourachan,Number_11_Dam,Dingo,Protected,High,23/11/19 8:52,23/11/19,8:52:48,0.37,393,0.39
Protection,Mourachan,Number_11_Dam,Dingo,Protected,High,24/11/19 9:36,24/11/19,9:36:00,0.4,393,0.41
Protection,Mourachan,Number_11_Dam,Dingo,Protected,High,24/11/19 9:36,24/11/19,9:36:00,0.4,393,0.41
Protection,Mourachan,Number_11_Dam,Dingo,Protected,High,24/11/19 9:36,24/11/19,9:36:00,0.4,393,0.41
Protection,Mourachan,Number_11_Dam,Dingo,Protected,High,24/11/19 9:36,24/11/19,9:36:00,0.4,393,0.41
Protection,Mourachan,Number_11_Dam,Dingo,Protected,High,24/11/19 9:36,24/11/19,9:36:00,0.4,393,0.41
Protection,Mourachan,Number_11_Dam,Dingo,Protected,High,24/11/19 9:36,24/11/19,9:36:00,0.4,393,0.41
Protection,Mourachan,Number_11_Dam,Dingo,Protected,High,24/11/19 9:36,24/11/19,9:36:00,0.4,393,0.41
Protection,Mourachan,Number_11_Dam,Dingo,Protected,High,18/11/19 9:50,18/11/19,9:50:24,0.41,393,0.42
Protection,Mourachan,Number_11_Dam,Dingo,Protected,High,18/11/19 9:50,18/11/19,9:50:24,0.41,393,0.42
Protection,Mourachan,Number_11_Dam,Dingo,Protected,High,18/11/19 9:50,18/11/19,9:50:24,0.41,393,0.42
Protection,Mourachan,Number_11_Dam,Dingo,Protected,High,18/11/19 9:50,18/11/19,9:50:24,0.41,393,0.42
Protection,Mourachan,Number_11_Dam,Dingo,Protected,High,18/11/19 9:50,18/11/19,9:50:24,0.41,393,0.42
Protection,Mourachan,Number_11_Dam,Dingo,Protected,High,18/11/19 9:50,18/11/19,9:50:24,0.41,393,0.42
Protection,Mourachan,Number_11_Dam,Dingo,Protected,High,18/11/19 9:50,18/11/19,9:50:24,0.41,393,0.42
Protection,Mourachan,Number_11_Dam,Dingo,Protected,High,18/11/19 9:50,18/11/19,9:50:24,0.41,393,0.42
Protection,Mourachan,Number_11_Dam,Dingo,Protected,High,18/11/19 9:50,18/11/19,9:50:24,0.41,393,0.42
Protection,Mourachan,Number_11_Dam,Dingo,Protected,High,18/11/19 9:50,18/11/19,9:50:24,0.41,393,0.42
Protection,Mourachan,Number_11_Dam,Dingo,Protected,High,18/11/19 9:50,18/11/19,9:50:24,0.41,393,0.42
Protection,Mourachan,Number_11_Dam,Dingo,Protected,High,18/11/19 9:50,18/11/19,9:50:24,0.41,393,0.42
Protection,Mourachan,Number_11_Dam,Dingo,Protected,High,18/11/19 9:50,18/11/19,9:50:24,0.41,393,0.42
Protection,Mourachan,Number_11_Dam,Dingo,Protected,High,18/11/19 9:50,18/11/19,9:50:24,0.41,393,0.42
Protection,Mourachan,Number_11_Dam,Dingo,Protected,High,18/11/19 9:50,18/11/19,9:50:24,0.41,393,0.42
Protection,Mourachan,Number_11_Dam,Dingo,Protected,High,18/11/19 9:50,18/11/19,9:50:24,0.41,393,0.42
Protection,Mourachan,Number_11_Dam,Dingo,Protected,High,18/11/19 9:50,18/11/19,9:50:24,0.41,393,0.42
Protection,Mourachan,Number_11_Dam,Dingo,Protected,High,18/11/19 9:50,18/11/19,9:50:24,0.41,393,0.42
Protection,Mourachan,Number_11_Dam,Dingo,Protected,High,18/11/19 9:50,18/11/19,9:50:24,0.41,393,0.42
Protection,Mourachan,Number_11_Dam,Dingo,Protected,High,18/11/19 9:50,18/11/19,9:50:24,0.41,393,0.42
Protection,Mourachan,Number_11_Dam,Dingo,Protected,High,18/11/19 9:50,18/11/19,9:50:24,0.41,393,0.42
Protection,Mourachan,Number_11_Dam,Dingo,Protected,High,18/11/19 9:50,18/11/19,9:50:24,0.41,393,0.42
Protection,Mourachan,Number_11_Dam,Dingo,Protected,High,18/11/19 9:50,18/11/19,9:50:24,0.41,393,0.42
Protection,Mourachan,Number_11_Dam,Dingo,Protected,High,18/11/19 9:50,18/11/19,9:50:24,0.41,393,0.42
Protection,Mourachan,Number_11_Dam,Dingo,Protected,High,18/11/19 9:50,18/11/19,9:50:24,0.41,393,0.42
Protection,Mourachan,Number_11_Dam,Dingo,Protected,High,18/11/19 9:50,18/11/19,9:50:24,0.41,393,0.42
Protection,Mourachan,Number_11_Dam,Dingo,Protected,High,18/11/19 9:50,18/11/19,9:50:24,0.41,393,0.42
Protection,Mourachan,Number_11_Dam,Dingo,Protected,High,28/11/19 10:33,28/11/19,10:33:36,0.44,393,0.45
Protection,Mourachan,Number_11_Dam,Dingo,Protected,High,28/11/19 10:33,28/11/19,10:33:36,0.44,393,0.45
Protection,Mourachan,Number_11_Dam,Dingo,Protected,High,28/11/19 10:33,28/11/19,10:33:36,0.44,393,0.45
Protection,Mourachan,Number_11_Dam,Dingo,Protected,High,28/11/19 10:33,28/11/19,10:33:36,0.44,393,0.45
Protection,Mourachan,Number_11_Dam,Dingo,Protected,High,28/11/19 10:33,28/11/19,10:33:36,0.44,393,0.45
Protection,Mourachan,Number_11_Dam,Dingo,Protected,High,28/11/19 10:48,28/11/19,10:48:00,0.45,393,0.46
Protection,Mourachan,Number_11_Dam,Dingo,Protected,High,27/11/19 11:31,27/11/19,11:31:12,0.48,393,0.48
Protection,Mourachan,Number_11_Dam,Dingo,Protected,High,27/11/19 11:31,27/11/19,11:31:12,0.48,393,0.48
Protection,Mourachan,Number_11_Dam,Dingo,Protected,High,27/11/19 11:31,27/11/19,11:31:12,0.48,393,0.48
Protection,Mourachan,Number_11_Dam,Dingo,Protected,High,27/11/19 11:31,27/11/19,11:31:12,0.48,393,0.48
Protection,Mourachan,Number_11_Dam,Dingo,Protected,High,27/11/19 11:31,27/11/19,11:31:12,0.48,393,0.48
Protection,Mourachan,Number_11_Dam,Dingo,Protected,High,27/11/19 11:31,27/11/19,11:31:12,0.48,393,0.48
Protection,Mourachan,Number_11_Dam,Dingo,Protected,High,27/11/19 11:31,27/11/19,11:31:12,0.48,393,0.48
Protection,Mourachan,Number_11_Dam,Dingo,Protected,High,27/11/19 11:31,27/11/19,11:31:12,0.48,393,0.48
Protection,Mourachan,Number_11_Dam,Dingo,Protected,High,27/11/19 11:31,27/11/19,11:31:12,0.48,393,0.48
Protection,Mourachan,Number_11_Dam,Dingo,Protected,High,27/11/19 11:31,27/11/19,11:31:12,0.48,393,0.48
Protection,Mourachan,Number_11_Dam,Dingo,Protected,High,27/11/19 11:31,27/11/19,11:31:12,0.48,393,0.48
Protection,Mourachan,Number_11_Dam,Dingo,Protected,High,27/11/19 11:31,27/11/19,11:31:12,0.48,393,0.48
Protection,Mourachan,Number_11_Dam,Dingo,Protected,High,27/11/19 11:31,27/11/19,11:31:12,0.48,393,0.48
Protection,Mourachan,Number_11_Dam,Dingo,Protected,High,27/11/19 11:31,27/11/19,11:31:12,0.48,393,0.48
Protection,Mourachan,Number_11_Dam,Dingo,Protected,High,27/11/19 11:31,27/11/19,11:31:12,0.48,393,0.48
Protection,Mourachan,Number_11_Dam,Dingo,Protected,High,27/11/19 11:31,27/11/19,11:31:12,0.48,393,0.48
Protection,Mourachan,Number_11_Dam,Dingo,Protected,High,27/11/19 11:31,27/11/19,11:31:12,0.48,393,0.48
Protection,Mourachan,Number_11_Dam,Dingo,Protected,High,27/11/19 11:31,27/11/19,11:31:12,0.48,393,0.48
Protection,Mourachan,Number_11_Dam,Dingo,Protected,High,27/11/19 11:31,27/11/19,11:31:12,0.48,393,0.48
Protection,Mourachan,Number_11_Dam,Dingo,Protected,High,27/11/19 11:31,27/11/19,11:31:12,0.48,393,0.48
Protection,Mourachan,Number_11_Dam,Dingo,Protected,High,27/11/19 11:31,27/11/19,11:31:12,0.48,393,0.48
Protection,Mourachan,Number_11_Dam,Dingo,Protected,High,27/11/19 11:31,27/11/19,11:31:12,0.48,393,0.48
Protection,Mourachan,Number_11_Dam,Dingo,Protected,High,28/11/19 12:00,28/11/19,12:00:00,0.5,393,0.5
Protection,Mourachan,Number_11_Dam,Dingo,Protected,High,28/11/19 12:00,28/11/19,12:00:00,0.5,393,0.5
Protection,Mourachan,Number_11_Dam,Dingo,Protected,High,28/11/19 12:00,28/11/19,12:00:00,0.5,393,0.5
Protection,Mourachan,Number_11_Dam,Dingo,Protected,High,28/11/19 12:00,28/11/19,12:00:00,0.5,393,0.5
Protection,Mourachan,Number_11_Dam,Dingo,Protected,High,28/11/19 12:00,28/11/19,12:00:00,0.5,393,0.5
Protection,Mourachan,Number_11_Dam,Dingo,Protected,High,28/11/19 12:00,28/11/19,12:00:00,0.5,393,0.5
Protection,Mourachan,Number_11_Dam,Dingo,Protected,High,28/11/19 12:00,28/11/19,12:00:00,0.5,393,0.5
Protection,Mourachan,Number_11_Dam,Dingo,Protected,High,28/11/19 12:00,28/11/19,12:00:00,0.5,393,0.5
Protection,Mourachan,Number_11_Dam,Dingo,Protected,High,28/11/19 12:00,28/11/19,12:00:00,0.5,393,0.5
Protection,Mourachan,Number_11_Dam,Dingo,Protected,High,28/11/19 12:00,28/11/19,12:00:00,0.5,393,0.5
Protection,Mourachan,Number_11_Dam,Dingo,Protected,High,28/11/19 12:00,28/11/19,12:00:00,0.5,393,0.5
Protection,Mourachan,Number_11_Dam,Dingo,Protected,High,28/11/19 12:00,28/11/19,12:00:00,0.5,393,0.5
Protection,Mourachan,Number_11_Dam,Dingo,Protected,High,28/11/19 12:00,28/11/19,12:00:00,0.5,393,0.5
Protection,Mourachan,Number_11_Dam,Dingo,Protected,High,28/11/19 12:00,28/11/19,12:00:00,0.5,393,0.5
Protection,Mourachan,Number_11_Dam,Dingo,Protected,High,28/11/19 12:00,28/11/19,12:00:00,0.5,393,0.5
Protection,Mourachan,Number_11_Dam,Dingo,Protected,High,28/11/19 12:00,28/11/19,12:00:00,0.5,393,0.5
Protection,Mourachan,Number_11_Dam,Dingo,Protected,High,28/11/19 12:00,28/11/19,12:00:00,0.5,393,0.5
Protection,Mourachan,Number_11_Dam,Dingo,Protected,High,28/11/19 12:00,28/11/19,12:00:00,0.5,393,0.5
Protection,Mourachan,Number_11_Dam,Dingo,Protected,High,21/11/19 12:57,21/11/19,12:57:36,0.54,393,0.54
Protection,Mourachan,Number_11_Dam,Dingo,Protected,High,21/11/19 12:57,21/11/19,12:57:36,0.54,393,0.54
Protection,Mourachan,Number_11_Dam,Dingo,Protected,High,21/11/19 12:57,21/11/19,12:57:36,0.54,393,0.54
Protection,Mourachan,Number_11_Dam,Dingo,Protected,High,21/11/19 12:57,21/11/19,12:57:36,0.54,393,0.54
Protection,Mourachan,Number_11_Dam,Dingo,Protected,High,21/11/19 12:57,21/11/19,12:57:36,0.54,393,0.54
Protection,Mourachan,Number_11_Dam,Dingo,Protected,High,21/11/19 12:57,21/11/19,12:57:36,0.54,393,0.54
Protection,Mourachan,Number_11_Dam,Dingo,Protected,High,21/11/19 13:12,21/11/19,13:12:00,0.55,393,0.55
Protection,Mourachan,Number_11_Dam,Dingo,Protected,High,21/11/19 13:12,21/11/19,13:12:00,0.55,393,0.55
Protection,Mourachan,Number_11_Dam,Dingo,Protected,High,25/11/19 13:12,25/11/19,13:12:00,0.55,393,0.55
Protection,Mourachan,Number_11_Dam,Dingo,Protected,High,25/11/19 13:12,25/11/19,13:12:00,0.55,393,0.55
Protection,Mourachan,Number_11_Dam,Dingo,Protected,High,25/11/19 13:12,25/11/19,13:12:00,0.55,393,0.55
Protection,Mourachan,Number_11_Dam,Dingo,Protected,High,25/11/19 13:12,25/11/19,13:12:00,0.55,393,0.55
Protection,Mourachan,Number_11_Dam,Dingo,Protected,High,28/11/19 13:26,28/11/19,13:26:24,0.56,393,0.55
Protection,Mourachan,Number_11_Dam,Dingo,Protected,High,21/11/19 13:26,21/11/19,13:26:24,0.56,393,0.55
Protection,Mourachan,Number_11_Dam,Dingo,Protected,High,21/11/19 13:26,21/11/19,13:26:24,0.56,393,0.55
Protection,Mourachan,Number_11_Dam,Dingo,Protected,High,21/11/19 13:26,21/11/19,13:26:24,0.56,393,0.55
Protection,Mourachan,Number_11_Dam,Dingo,Protected,High,25/11/19 13:26,25/11/19,13:26:24,0.56,393,0.55
Protection,Mourachan,Number_11_Dam,Dingo,Protected,High,25/11/19 13:26,25/11/19,13:26:24,0.56,393,0.55
Protection,Mourachan,Number_11_Dam,Dingo,Protected,High,25/11/19 13:26,25/11/19,13:26:24,0.56,393,0.55
Protection,Mourachan,Number_11_Dam,Dingo,Protected,High,25/11/19 13:26,25/11/19,13:26:24,0.56,393,0.55
Protection,Mourachan,Number_11_Dam,Dingo,Protected,High,25/11/19 13:26,25/11/19,13:26:24,0.56,393,0.55
Protection,Mourachan,Number_11_Dam,Dingo,Protected,High,25/11/19 13:26,25/11/19,13:26:24,0.56,393,0.55
Protection,Mourachan,Number_11_Dam,Dingo,Protected,High,25/11/19 13:26,25/11/19,13:26:24,0.56,393,0.55
Protection,Mourachan,Number_11_Dam,Dingo,Protected,High,25/11/19 13:26,25/11/19,13:26:24,0.56,393,0.55
Protection,Mourachan,Number_11_Dam,Dingo,Protected,High,25/11/19 13:26,25/11/19,13:26:24,0.56,393,0.55
Protection,Mourachan,Number_11_Dam,Dingo,Protected,High,25/11/19 13:26,25/11/19,13:26:24,0.56,393,0.55
Protection,Mourachan,Number_11_Dam,Dingo,Protected,High,25/11/19 13:26,25/11/19,13:26:24,0.56,393,0.55
Protection,Mourachan,Number_11_Dam,Dingo,Protected,High,25/11/19 13:26,25/11/19,13:26:24,0.56,393,0.55
Protection,Mourachan,Number_11_Dam,Dingo,Protected,High,25/11/19 13:26,25/11/19,13:26:24,0.56,393,0.55
Protection,Mourachan,Number_11_Dam,Dingo,Protected,High,25/11/19 13:26,25/11/19,13:26:24,0.56,393,0.55
Protection,Mourachan,Number_11_Dam,Dingo,Protected,High,28/11/19 13:55,28/11/19,13:55:12,0.58,393,0.57
Protection,Mourachan,Number_11_Dam,Dingo,Protected,High,25/11/19 13:55,25/11/19,13:55:12,0.58,393,0.57
Protection,Mourachan,Number_11_Dam,Dingo,Protected,High,25/11/19 13:55,25/11/19,13:55:12,0.58,393,0.57
Protection,Mourachan,Number_11_Dam,Dingo,Protected,High,25/11/19 13:55,25/11/19,13:55:12,0.58,393,0.57
Protection,Mourachan,Number_11_Dam,Dingo,Protected,High,25/11/19 13:55,25/11/19,13:55:12,0.58,393,0.57
Protection,Mourachan,Number_11_Dam,Dingo,Protected,High,25/11/19 13:55,25/11/19,13:55:12,0.58,393,0.57
Protection,Mourachan,Number_11_Dam,Dingo,Protected,High,25/11/19 13:55,25/11/19,13:55:12,0.58,393,0.57
Protection,Mourachan,Number_11_Dam,Dingo,Protected,High,25/11/19 13:55,25/11/19,13:55:12,0.58,393,0.57
Protection,Mourachan,Number_11_Dam,Dingo,Protected,High,25/11/19 13:55,25/11/19,13:55:12,0.58,393,0.57
Protection,Mourachan,Number_11_Dam,Dingo,Protected,High,25/11/19 13:55,25/11/19,13:55:12,0.58,393,0.57
Protection,Mourachan,Number_11_Dam,Dingo,Protected,High,25/11/19 13:55,25/11/19,13:55:12,0.58,393,0.57
Protection,Mourachan,Number_11_Dam,Dingo,Protected,High,25/11/19 13:55,25/11/19,13:55:12,0.58,393,0.57
Protection,Mourachan,Number_11_Dam,Dingo,Protected,High,25/11/19 14:09,25/11/19,14:09:36,0.59,393,0.58
Protection,Mourachan,Number_11_Dam,Dingo,Protected,High,25/11/19 14:09,25/11/19,14:09:36,0.59,393,0.58
Protection,Mourachan,Number_11_Dam,Dingo,Protected,High,25/11/19 14:09,25/11/19,14:09:36,0.59,393,0.58
Protection,Mourachan,Number_11_Dam,Dingo,Protected,High,25/11/19 14:09,25/11/19,14:09:36,0.59,393,0.58
Protection,Mourachan,Number_11_Dam,Dingo,Protected,High,25/11/19 14:09,25/11/19,14:09:36,0.59,393,0.58
Protection,Mourachan,Number_11_Dam,Dingo,Protected,High,27/11/19 14:09,27/11/19,14:09:36,0.59,393,0.58
Protection,Mourachan,Number_11_Dam,Dingo,Protected,High,27/11/19 14:09,27/11/19,14:09:36,0.59,393,0.58
Protection,Mourachan,Number_11_Dam,Dingo,Protected,High,27/11/19 14:09,27/11/19,14:09:36,0.59,393,0.58
Protection,Mourachan,Number_11_Dam,Dingo,Protected,High,28/11/19 14:24,28/11/19,14:24:00,0.6,393,0.59
Protection,Mourachan,Number_11_Dam,Dingo,Protected,High,28/11/19 14:24,28/11/19,14:24:00,0.6,393,0.59
Protection,Mourachan,Number_11_Dam,Dingo,Protected,High,28/11/19 14:24,28/11/19,14:24:00,0.6,393,0.59
Protection,Mourachan,Number_11_Dam,Dingo,Protected,High,28/11/19 14:24,28/11/19,14:24:00,0.6,393,0.59
Protection,Mourachan,Number_11_Dam,Dingo,Protected,High,28/11/19 14:24,28/11/19,14:24:00,0.6,393,0.59
Protection,Mourachan,Number_11_Dam,Dingo,Protected,High,28/11/19 14:24,28/11/19,14:24:00,0.6,393,0.59
Protection,Mourachan,Number_11_Dam,Dingo,Protected,High,28/11/19 14:24,28/11/19,14:24:00,0.6,393,0.59
Protection,Mourachan,Number_11_Dam,Dingo,Protected,High,28/11/19 14:24,28/11/19,14:24:00,0.6,393,0.59
Protection,Mourachan,Number_11_Dam,Dingo,Protected,High,28/11/19 14:24,28/11/19,14:24:00,0.6,393,0.59
Protection,Mourachan,Number_11_Dam,Dingo,Protected,High,28/11/19 14:24,28/11/19,14:24:00,0.6,393,0.59
Protection,Mourachan,Number_11_Dam,Dingo,Protected,High,28/11/19 14:24,28/11/19,14:24:00,0.6,393,0.59
Protection,Mourachan,Number_11_Dam,Dingo,Protected,High,28/11/19 14:24,28/11/19,14:24:00,0.6,393,0.59
Protection,Mourachan,Number_11_Dam,Dingo,Protected,High,26/11/19 14:24,26/11/19,14:24:00,0.6,393,0.59
Protection,Mourachan,Number_11_Dam,Dingo,Protected,High,26/11/19 14:24,26/11/19,14:24:00,0.6,393,0.59
Protection,Mourachan,Number_11_Dam,Dingo,Protected,High,26/11/19 14:24,26/11/19,14:24:00,0.6,393,0.59
Protection,Mourachan,Number_11_Dam,Dingo,Protected,High,26/11/19 14:24,26/11/19,14:24:00,0.6,393,0.59
Protection,Mourachan,Number_11_Dam,Dingo,Protected,High,26/11/19 14:24,26/11/19,14:24:00,0.6,393,0.59
Protection,Mourachan,Number_11_Dam,Dingo,Protected,High,26/11/19 14:24,26/11/19,14:24:00,0.6,393,0.59
Protection,Mourachan,Number_11_Dam,Dingo,Protected,High,26/11/19 14:24,26/11/19,14:24:00,0.6,393,0.59
Protection,Mourachan,Number_11_Dam,Dingo,Protected,High,26/11/19 14:24,26/11/19,14:24:00,0.6,393,0.59
Protection,Mourachan,Number_11_Dam,Dingo,Protected,High,26/11/19 14:24,26/11/19,14:24:00,0.6,393,0.59
Protection,Mourachan,Number_11_Dam,Dingo,Protected,High,26/11/19 14:24,26/11/19,14:24:00,0.6,393,0.59
Protection,Mourachan,Number_11_Dam,Dingo,Protected,High,26/11/19 14:24,26/11/19,14:24:00,0.6,393,0.59
Protection,Mourachan,Number_11_Dam,Dingo,Protected,High,23/11/19 14:24,23/11/19,14:24:00,0.6,393,0.59
Protection,Mourachan,Number_11_Dam,Dingo,Protected,High,23/11/19 14:24,23/11/19,14:24:00,0.6,393,0.59
Protection,Mourachan,Number_11_Dam,Dingo,Protected,High,23/11/19 14:24,23/11/19,14:24:00,0.6,393,0.59
Protection,Mourachan,Number_11_Dam,Dingo,Protected,High,23/11/19 14:24,23/11/19,14:24:00,0.6,393,0.59
Protection,Mourachan,Number_11_Dam,Dingo,Protected,High,23/11/19 14:24,23/11/19,14:24:00,0.6,393,0.59
Protection,Mourachan,Number_11_Dam,Dingo,Protected,High,23/11/19 14:24,23/11/19,14:24:00,0.6,393,0.59
Protection,Mourachan,Number_11_Dam,Dingo,Protected,High,23/11/19 14:24,23/11/19,14:24:00,0.6,393,0.59
Protection,Mourachan,Number_11_Dam,Dingo,Protected,High,23/11/19 14:24,23/11/19,14:24:00,0.6,393,0.59
Protection,Mourachan,Number_11_Dam,Dingo,Protected,High,23/11/19 14:24,23/11/19,14:24:00,0.6,393,0.59
Protection,Mourachan,Number_11_Dam,Dingo,Protected,High,23/11/19 14:24,23/11/19,14:24:00,0.6,393,0.59
Protection,Mourachan,Number_11_Dam,Dingo,Protected,High,23/11/19 14:24,23/11/19,14:24:00,0.6,393,0.59
Protection,Mourachan,Number_11_Dam,Dingo,Protected,High,23/11/19 14:24,23/11/19,14:24:00,0.6,393,0.59
Protection,Mourachan,Number_11_Dam,Dingo,Protected,High,23/11/19 14:24,23/11/19,14:24:00,0.6,393,0.59
Protection,Mourachan,Number_11_Dam,Dingo,Protected,High,23/11/19 14:24,23/11/19,14:24:00,0.6,393,0.59
Protection,Mourachan,Number_11_Dam,Dingo,Protected,High,23/11/19 14:24,23/11/19,14:24:00,0.6,393,0.59
Protection,Mourachan,Number_11_Dam,Dingo,Protected,High,23/11/19 14:24,23/11/19,14:24:00,0.6,393,0.59
Protection,Mourachan,Number_11_Dam,Dingo,Protected,High,23/11/19 14:24,23/11/19,14:24:00,0.6,393,0.59
Protection,Mourachan,Number_11_Dam,Dingo,Protected,High,23/11/19 14:24,23/11/19,14:24:00,0.6,393,0.59
Protection,Mourachan,Number_11_Dam,Dingo,Protected,High,23/11/19 14:24,23/11/19,14:24:00,0.6,393,0.59
Protection,Mourachan,Number_11_Dam,Dingo,Protected,High,23/11/19 14:24,23/11/19,14:24:00,0.6,393,0.59
Protection,Mourachan,Number_11_Dam,Dingo,Protected,High,23/11/19 14:24,23/11/19,14:24:00,0.6,393,0.59
Protection,Mourachan,Number_11_Dam,Dingo,Protected,High,23/11/19 14:24,23/11/19,14:24:00,0.6,393,0.59
Protection,Mourachan,Number_11_Dam,Dingo,Protected,High,23/11/19 14:24,23/11/19,14:24:00,0.6,393,0.59
Protection,Mourachan,Number_11_Dam,Dingo,Protected,High,23/11/19 14:24,23/11/19,14:24:00,0.6,393,0.59
Protection,Mourachan,Number_11_Dam,Dingo,Protected,High,23/11/19 14:24,23/11/19,14:24:00,0.6,393,0.59
Protection,Mourachan,Number_11_Dam,Dingo,Protected,High,23/11/19 14:24,23/11/19,14:24:00,0.6,393,0.59
Protection,Mourachan,Number_11_Dam,Dingo,Protected,High,23/11/19 14:24,23/11/19,14:24:00,0.6,393,0.59
Protection,Mourachan,Number_11_Dam,Dingo,Protected,High,23/11/19 14:24,23/11/19,14:24:00,0.6,393,0.59
Protection,Mourachan,Number_11_Dam,Dingo,Protected,High,23/11/19 14:24,23/11/19,14:24:00,0.6,393,0.59
Protection,Mourachan,Number_11_Dam,Dingo,Protected,High,23/11/19 14:24,23/11/19,14:24:00,0.6,393,0.59
Protection,Mourachan,Number_11_Dam,Dingo,Protected,High,23/11/19 14:24,23/11/19,14:24:00,0.6,393,0.59
Protection,Mourachan,Number_11_Dam,Dingo,Protected,High,23/11/19 14:24,23/11/19,14:24:00,0.6,393,0.59
Protection,Mourachan,Number_11_Dam,Dingo,Protected,High,23/11/19 14:24,23/11/19,14:24:00,0.6,393,0.59
Protection,Mourachan,Number_11_Dam,Dingo,Protected,High,28/11/19 14:38,28/11/19,14:38:24,0.61,393,0.6
Protection,Mourachan,Number_11_Dam,Dingo,Protected,High,23/11/19 14:38,23/11/19,14:38:24,0.61,393,0.6
Protection,Mourachan,Number_11_Dam,Dingo,Protected,High,23/11/19 14:38,23/11/19,14:38:24,0.61,393,0.6
Protection,Mourachan,Number_11_Dam,Dingo,Protected,High,25/11/19 14:52,25/11/19,14:52:48,0.62,393,0.61
Protection,Mourachan,Number_11_Dam,Dingo,Protected,High,25/11/19 14:52,25/11/19,14:52:48,0.62,393,0.61
Protection,Mourachan,Number_11_Dam,Dingo,Protected,High,25/11/19 14:52,25/11/19,14:52:48,0.62,393,0.61
Protection,Mourachan,Number_11_Dam,Dingo,Protected,High,25/11/19 14:52,25/11/19,14:52:48,0.62,393,0.61
Protection,Mourachan,Number_11_Dam,Dingo,Protected,High,25/11/19 14:52,25/11/19,14:52:48,0.62,393,0.61
Protection,Mourachan,Number_11_Dam,Dingo,Protected,High,25/11/19 14:52,25/11/19,14:52:48,0.62,393,0.61
Protection,Mourachan,Number_11_Dam,Dingo,Protected,High,25/11/19 15:07,25/11/19,15:07:12,0.63,393,0.62
Protection,Mourachan,Number_11_Dam,Dingo,Protected,High,25/11/19 15:07,25/11/19,15:07:12,0.63,393,0.62
Protection,Mourachan,Number_11_Dam,Dingo,Protected,High,25/11/19 15:07,25/11/19,15:07:12,0.63,393,0.62
Protection,Mourachan,Number_11_Dam,Dingo,Protected,High,25/11/19 15:07,25/11/19,15:07:12,0.63,393,0.62
Protection,Mourachan,Number_11_Dam,Dingo,Protected,High,25/11/19 15:07,25/11/19,15:07:12,0.63,393,0.62
Protection,Mourachan,Number_11_Dam,Dingo,Protected,High,25/11/19 15:07,25/11/19,15:07:12,0.63,393,0.62
Protection,Mourachan,Number_11_Dam,Dingo,Protected,High,22/11/19 15:07,22/11/19,15:07:12,0.63,393,0.62
Protection,Mourachan,Number_11_Dam,Dingo,Protected,High,22/11/19 15:07,22/11/19,15:07:12,0.63,393,0.62
Protection,Mourachan,Number_11_Dam,Dingo,Protected,High,22/11/19 15:07,22/11/19,15:07:12,0.63,393,0.62
Protection,Mourachan,Number_11_Dam,Dingo,Protected,High,22/11/19 15:07,22/11/19,15:07:12,0.63,393,0.62
Protection,Mourachan,Number_11_Dam,Dingo,Protected,High,22/11/19 15:07,22/11/19,15:07:12,0.63,393,0.62
Protection,Mourachan,Number_11_Dam,Dingo,Protected,High,22/11/19 15:07,22/11/19,15:07:12,0.63,393,0.62
Protection,Mourachan,Number_11_Dam,Dingo,Protected,High,22/11/19 15:07,22/11/19,15:07:12,0.63,393,0.62
Protection,Mourachan,Number_11_Dam,Dingo,Protected,High,22/11/19 15:07,22/11/19,15:07:12,0.63,393,0.62
Protection,Mourachan,Number_11_Dam,Dingo,Protected,High,22/11/19 15:07,22/11/19,15:07:12,0.63,393,0.62
Protection,Mourachan,Number_11_Dam,Dingo,Protected,High,22/11/19 15:21,22/11/19,15:21:36,0.64,393,0.62
Protection,Mourachan,Number_11_Dam,Dingo,Protected,High,22/11/19 15:21,22/11/19,15:21:36,0.64,393,0.62
Protection,Mourachan,Number_11_Dam,Dingo,Protected,High,22/11/19 15:21,22/11/19,15:21:36,0.64,393,0.62
Protection,Mourachan,Number_11_Dam,Dingo,Protected,High,22/11/19 15:21,22/11/19,15:21:36,0.64,393,0.62
Protection,Mourachan,Number_11_Dam,Dingo,Protected,High,22/11/19 15:21,22/11/19,15:21:36,0.64,393,0.62
Protection,Mourachan,Number_11_Dam,Dingo,Protected,High,22/11/19 15:21,22/11/19,15:21:36,0.64,393,0.62
Protection,Mourachan,Number_11_Dam,Dingo,Protected,High,22/11/19 15:21,22/11/19,15:21:36,0.64,393,0.62
Protection,Mourachan,Number_11_Dam,Dingo,Protected,High,22/11/19 15:21,22/11/19,15:21:36,0.64,393,0.62
Protection,Mourachan,Number_11_Dam,Dingo,Protected,High,22/11/19 15:21,22/11/19,15:21:36,0.64,393,0.62
Protection,Mourachan,Number_11_Dam,Dingo,Protected,High,22/11/19 15:21,22/11/19,15:21:36,0.64,393,0.62
Protection,Mourachan,Number_11_Dam,Dingo,Protected,High,22/11/19 15:21,22/11/19,15:21:36,0.64,393,0.62
Protection,Mourachan,Number_11_Dam,Dingo,Protected,High,22/11/19 15:21,22/11/19,15:21:36,0.64,393,0.62
Protection,Mourachan,Number_11_Dam,Dingo,Protected,High,22/11/19 15:21,22/11/19,15:21:36,0.64,393,0.62
Protection,Mourachan,Number_11_Dam,Dingo,Protected,High,22/11/19 15:21,22/11/19,15:21:36,0.64,393,0.62
Protection,Mourachan,Number_11_Dam,Dingo,Protected,High,22/11/19 15:21,22/11/19,15:21:36,0.64,393,0.62
Protection,Mourachan,Number_11_Dam,Dingo,Protected,High,22/11/19 15:21,22/11/19,15:21:36,0.64,393,0.62
Protection,Mourachan,Number_11_Dam,Dingo,Protected,High,22/11/19 15:21,22/11/19,15:21:36,0.64,393,0.62
Protection,Mourachan,Number_11_Dam,Dingo,Protected,High,22/11/19 15:21,22/11/19,15:21:36,0.64,393,0.62
Protection,Mourachan,Number_11_Dam,Dingo,Protected,High,26/11/19 15:21,26/11/19,15:21:36,0.64,393,0.62
Protection,Mourachan,Number_11_Dam,Dingo,Protected,High,26/11/19 15:21,26/11/19,15:21:36,0.64,393,0.62
Protection,Mourachan,Number_11_Dam,Dingo,Protected,High,26/11/19 15:21,26/11/19,15:21:36,0.64,393,0.62
Protection,Mourachan,Number_11_Dam,Dingo,Protected,High,26/11/19 15:21,26/11/19,15:21:36,0.64,393,0.62
Protection,Mourachan,Number_11_Dam,Dingo,Protected,High,26/11/19 15:21,26/11/19,15:21:36,0.64,393,0.62
Protection,Mourachan,Number_11_Dam,Dingo,Protected,High,26/11/19 15:21,26/11/19,15:21:36,0.64,393,0.62
Protection,Mourachan,Number_11_Dam,Dingo,Protected,High,26/11/19 15:21,26/11/19,15:21:36,0.64,393,0.62
Protection,Mourachan,Number_11_Dam,Dingo,Protected,High,27/11/19 15:21,27/11/19,15:21:36,0.64,393,0.62
Protection,Mourachan,Number_11_Dam,Dingo,Protected,High,27/11/19 15:21,27/11/19,15:21:36,0.64,393,0.62
Protection,Mourachan,Number_11_Dam,Dingo,Protected,High,27/11/19 15:21,27/11/19,15:21:36,0.64,393,0.62
Protection,Mourachan,Number_11_Dam,Dingo,Protected,High,27/11/19 15:21,27/11/19,15:21:36,0.64,393,0.62
Protection,Mourachan,Number_11_Dam,Dingo,Protected,High,27/11/19 15:21,27/11/19,15:21:36,0.64,393,0.62
Protection,Mourachan,Number_11_Dam,Dingo,Protected,High,27/11/19 15:21,27/11/19,15:21:36,0.64,393,0.62
Protection,Mourachan,Number_11_Dam,Dingo,Protected,High,27/11/19 15:21,27/11/19,15:21:36,0.64,393,0.62
Protection,Mourachan,Number_11_Dam,Dingo,Protected,High,27/11/19 15:21,27/11/19,15:21:36,0.64,393,0.62
Protection,Mourachan,Number_11_Dam,Dingo,Protected,High,27/11/19 15:21,27/11/19,15:21:36,0.64,393,0.62
Protection,Mourachan,Number_11_Dam,Dingo,Protected,High,22/11/19 15:36,22/11/19,15:36:00,0.65,393,0.63
Protection,Mourachan,Number_11_Dam,Dingo,Protected,High,22/11/19 15:36,22/11/19,15:36:00,0.65,393,0.63
Protection,Mourachan,Number_11_Dam,Dingo,Protected,High,22/11/19 15:36,22/11/19,15:36:00,0.65,393,0.63
Protection,Mourachan,Number_11_Dam,Dingo,Protected,High,22/11/19 15:36,22/11/19,15:36:00,0.65,393,0.63
Protection,Mourachan,Number_11_Dam,Dingo,Protected,High,22/11/19 15:36,22/11/19,15:36:00,0.65,393,0.63
Protection,Mourachan,Number_11_Dam,Dingo,Protected,High,22/11/19 15:36,22/11/19,15:36:00,0.65,393,0.63
Protection,Mourachan,Number_11_Dam,Dingo,Protected,High,27/11/19 15:50,27/11/19,15:50:24,0.66,393,0.64
Protection,Mourachan,Number_11_Dam,Dingo,Protected,High,27/11/19 15:50,27/11/19,15:50:24,0.66,393,0.64
Protection,Mourachan,Number_11_Dam,Dingo,Protected,High,27/11/19 15:50,27/11/19,15:50:24,0.66,393,0.64
Protection,Mourachan,Number_11_Dam,Dingo,Protected,High,27/11/19 15:50,27/11/19,15:50:24,0.66,393,0.64
Protection,Mourachan,Number_11_Dam,Dingo,Protected,High,28/11/19 16:04,28/11/19,16:04:48,0.67,393,0.65
Protection,Mourachan,Number_11_Dam,Dingo,Protected,High,28/11/19 16:04,28/11/19,16:04:48,0.67,393,0.65
Protection,Mourachan,Number_11_Dam,Dingo,Protected,High,28/11/19 16:04,28/11/19,16:04:48,0.67,393,0.65
Protection,Mourachan,Number_11_Dam,Dingo,Protected,High,28/11/19 16:04,28/11/19,16:04:48,0.67,393,0.65
Protection,Mourachan,Number_11_Dam,Dingo,Protected,High,28/11/19 16:04,28/11/19,16:04:48,0.67,393,0.65
Protection,Mourachan,Number_11_Dam,Dingo,Protected,High,28/11/19 16:04,28/11/19,16:04:48,0.67,393,0.65
Protection,Mourachan,Number_11_Dam,Dingo,Protected,High,28/11/19 16:04,28/11/19,16:04:48,0.67,393,0.65
Protection,Mourachan,Number_11_Dam,Dingo,Protected,High,28/11/19 16:04,28/11/19,16:04:48,0.67,393,0.65
Protection,Mourachan,Number_11_Dam,Dingo,Protected,High,25/11/19 16:04,25/11/19,16:04:48,0.67,393,0.65
Protection,Mourachan,Number_11_Dam,Dingo,Protected,High,25/11/19 16:04,25/11/19,16:04:48,0.67,393,0.65
Protection,Mourachan,Number_11_Dam,Dingo,Protected,High,25/11/19 16:04,25/11/19,16:04:48,0.67,393,0.65
Protection,Mourachan,Number_11_Dam,Dingo,Protected,High,25/11/19 16:04,25/11/19,16:04:48,0.67,393,0.65
Protection,Mourachan,Number_11_Dam,Dingo,Protected,High,25/11/19 16:04,25/11/19,16:04:48,0.67,393,0.65
Protection,Mourachan,Number_11_Dam,Dingo,Protected,High,25/11/19 16:04,25/11/19,16:04:48,0.67,393,0.65
Protection,Mourachan,Number_11_Dam,Dingo,Protected,High,25/11/19 16:04,25/11/19,16:04:48,0.67,393,0.65
Protection,Mourachan,Number_11_Dam,Dingo,Protected,High,25/11/19 16:04,25/11/19,16:04:48,0.67,393,0.65
Protection,Mourachan,Number_11_Dam,Dingo,Protected,High,25/11/19 16:04,25/11/19,16:04:48,0.67,393,0.65
Protection,Mourachan,Number_11_Dam,Dingo,Protected,High,25/11/19 16:04,25/11/19,16:04:48,0.67,393,0.65
Protection,Mourachan,Number_11_Dam,Dingo,Protected,High,25/11/19 16:04,25/11/19,16:04:48,0.67,393,0.65
Protection,Mourachan,Number_11_Dam,Dingo,Protected,High,25/11/19 16:04,25/11/19,16:04:48,0.67,393,0.65
Protection,Mourachan,Number_11_Dam,Dingo,Protected,High,25/11/19 16:04,25/11/19,16:04:48,0.67,393,0.65
Protection,Mourachan,Number_11_Dam,Dingo,Protected,High,25/11/19 16:04,25/11/19,16:04:48,0.67,393,0.65
Protection,Mourachan,Number_11_Dam,Dingo,Protected,High,25/11/19 16:04,25/11/19,16:04:48,0.67,393,0.65
Protection,Mourachan,Number_11_Dam,Dingo,Protected,High,25/11/19 16:04,25/11/19,16:04:48,0.67,393,0.65
Protection,Mourachan,Number_11_Dam,Dingo,Protected,High,25/11/19 16:04,25/11/19,16:04:48,0.67,393,0.65
Protection,Mourachan,Number_11_Dam,Dingo,Protected,High,25/11/19 16:04,25/11/19,16:04:48,0.67,393,0.65
Protection,Mourachan,Number_11_Dam,Dingo,Protected,High,25/11/19 16:04,25/11/19,16:04:48,0.67,393,0.65
Protection,Mourachan,Number_11_Dam,Dingo,Protected,High,25/11/19 16:04,25/11/19,16:04:48,0.67,393,0.65
Protection,Mourachan,Number_11_Dam,Dingo,Protected,High,25/11/19 16:04,25/11/19,16:04:48,0.67,393,0.65
Protection,Mourachan,Number_11_Dam,Dingo,Protected,High,25/11/19 16:04,25/11/19,16:04:48,0.67,393,0.65
Protection,Mourachan,Number_11_Dam,Dingo,Protected,High,25/11/19 16:04,25/11/19,16:04:48,0.67,393,0.65
Protection,Mourachan,Number_11_Dam,Dingo,Protected,High,25/11/19 16:04,25/11/19,16:04:48,0.67,393,0.65
Protection,Mourachan,Number_11_Dam,Dingo,Protected,High,25/11/19 16:04,25/11/19,16:04:48,0.67,393,0.65
Protection,Mourachan,Number_11_Dam,Dingo,Protected,High,25/11/19 16:04,25/11/19,16:04:48,0.67,393,0.65
Protection,Mourachan,Number_11_Dam,Dingo,Protected,High,25/11/19 16:04,25/11/19,16:04:48,0.67,393,0.65
Protection,Mourachan,Number_11_Dam,Dingo,Protected,High,28/11/19 16:19,28/11/19,16:19:12,0.68,393,0.66
Protection,Mourachan,Number_11_Dam,Dingo,Protected,High,28/11/19 16:33,28/11/19,16:33:36,0.69,393,0.67
Protection,Mourachan,Number_11_Dam,Dingo,Protected,High,28/11/19 16:33,28/11/19,16:33:36,0.69,393,0.67
Protection,Mourachan,Number_11_Dam,Dingo,Protected,High,28/11/19 16:33,28/11/19,16:33:36,0.69,393,0.67
Protection,Mourachan,Number_11_Dam,Dingo,Protected,High,28/11/19 16:33,28/11/19,16:33:36,0.69,393,0.67
Protection,Mourachan,Number_11_Dam,Dingo,Protected,High,28/11/19 16:33,28/11/19,16:33:36,0.69,393,0.67
Protection,Mourachan,Number_11_Dam,Dingo,Protected,High,28/11/19 16:33,28/11/19,16:33:36,0.69,393,0.67
Protection,Mourachan,Number_11_Dam,Dingo,Protected,High,28/11/19 16:33,28/11/19,16:33:36,0.69,393,0.67
Protection,Mourachan,Number_11_Dam,Dingo,Protected,High,28/11/19 16:33,28/11/19,16:33:36,0.69,393,0.67
Protection,Mourachan,Number_11_Dam,Dingo,Protected,High,28/11/19 16:33,28/11/19,16:33:36,0.69,393,0.67
Protection,Mourachan,Number_11_Dam,Dingo,Protected,High,28/11/19 16:33,28/11/19,16:33:36,0.69,393,0.67
Protection,Mourachan,Number_11_Dam,Dingo,Protected,High,28/11/19 16:33,28/11/19,16:33:36,0.69,393,0.67
Protection,Mourachan,Number_11_Dam,Dingo,Protected,High,28/11/19 16:33,28/11/19,16:33:36,0.69,393,0.67
Protection,Mourachan,Number_11_Dam,Dingo,Protected,High,21/11/19 16:48,21/11/19,16:48:00,0.7,393,0.68
Protection,Mourachan,Number_11_Dam,Dingo,Protected,High,21/11/19 16:48,21/11/19,16:48:00,0.7,393,0.68
Protection,Mourachan,Number_11_Dam,Dingo,Protected,High,21/11/19 16:48,21/11/19,16:48:00,0.7,393,0.68
Protection,Mourachan,Number_11_Dam,Dingo,Protected,High,25/11/19 16:48,25/11/19,16:48:00,0.7,393,0.68
Protection,Mourachan,Number_11_Dam,Dingo,Protected,High,22/11/19 16:48,22/11/19,16:48:00,0.7,393,0.68
Protection,Mourachan,Number_11_Dam,Dingo,Protected,High,22/11/19 16:48,22/11/19,16:48:00,0.7,393,0.68
Protection,Mourachan,Number_11_Dam,Dingo,Protected,High,22/11/19 16:48,22/11/19,16:48:00,0.7,393,0.68
Protection,Mourachan,Number_11_Dam,Dingo,Protected,High,22/11/19 16:48,22/11/19,16:48:00,0.7,393,0.68
Protection,Mourachan,Number_11_Dam,Dingo,Protected,High,22/11/19 16:48,22/11/19,16:48:00,0.7,393,0.68
Protection,Mourachan,Number_11_Dam,Dingo,Protected,High,22/11/19 16:48,22/11/19,16:48:00,0.7,393,0.68
Protection,Mourachan,Number_11_Dam,Dingo,Protected,High,22/11/19 16:48,22/11/19,16:48:00,0.7,393,0.68
Protection,Mourachan,Number_11_Dam,Dingo,Protected,High,22/11/19 16:48,22/11/19,16:48:00,0.7,393,0.68
Protection,Mourachan,Number_11_Dam,Dingo,Protected,High,22/11/19 16:48,22/11/19,16:48:00,0.7,393,0.68
Protection,Mourachan,Number_11_Dam,Dingo,Protected,High,22/11/19 16:48,22/11/19,16:48:00,0.7,393,0.68
Protection,Mourachan,Number_11_Dam,Dingo,Protected,High,22/11/19 16:48,22/11/19,16:48:00,0.7,393,0.68
Protection,Mourachan,Number_11_Dam,Dingo,Protected,High,22/11/19 16:48,22/11/19,16:48:00,0.7,393,0.68
Protection,Mourachan,Number_11_Dam,Dingo,Protected,High,22/11/19 16:48,22/11/19,16:48:00,0.7,393,0.68
Protection,Mourachan,Number_11_Dam,Dingo,Protected,High,22/11/19 16:48,22/11/19,16:48:00,0.7,393,0.68
Protection,Mourachan,Number_11_Dam,Dingo,Protected,High,22/11/19 16:48,22/11/19,16:48:00,0.7,393,0.68
Protection,Mourachan,Number_11_Dam,Dingo,Protected,High,22/11/19 16:48,22/11/19,16:48:00,0.7,393,0.68
Protection,Mourachan,Number_11_Dam,Dingo,Protected,High,26/11/19 16:48,26/11/19,16:48:00,0.7,393,0.68
Protection,Mourachan,Number_11_Dam,Dingo,Protected,High,26/11/19 16:48,26/11/19,16:48:00,0.7,393,0.68
Protection,Mourachan,Number_11_Dam,Dingo,Protected,High,26/11/19 16:48,26/11/19,16:48:00,0.7,393,0.68
Protection,Mourachan,Number_11_Dam,Dingo,Protected,High,26/11/19 16:48,26/11/19,16:48:00,0.7,393,0.68
Protection,Mourachan,Number_11_Dam,Dingo,Protected,High,26/11/19 16:48,26/11/19,16:48:00,0.7,393,0.68
Protection,Mourachan,Number_11_Dam,Dingo,Protected,High,26/11/19 16:48,26/11/19,16:48:00,0.7,393,0.68
Protection,Mourachan,Number_11_Dam,Dingo,Protected,High,28/11/19 17:02,28/11/19,17:02:24,0.71,393,0.69
Protection,Mourachan,Number_11_Dam,Dingo,Protected,High,25/11/19 17:02,25/11/19,17:02:24,0.71,393,0.69
Protection,Mourachan,Number_11_Dam,Dingo,Protected,High,25/11/19 17:02,25/11/19,17:02:24,0.71,393,0.69
Protection,Mourachan,Number_11_Dam,Dingo,Protected,High,25/11/19 17:02,25/11/19,17:02:24,0.71,393,0.69
Protection,Mourachan,Number_11_Dam,Dingo,Protected,High,28/11/19 17:16,28/11/19,17:16:48,0.72,393,0.7
Protection,Mourachan,Number_11_Dam,Dingo,Protected,High,22/11/19 17:16,22/11/19,17:16:48,0.72,393,0.7
Protection,Mourachan,Number_11_Dam,Dingo,Protected,High,22/11/19 17:16,22/11/19,17:16:48,0.72,393,0.7
Protection,Mourachan,Number_11_Dam,Dingo,Protected,High,22/11/19 17:16,22/11/19,17:16:48,0.72,393,0.7
Protection,Mourachan,Number_11_Dam,Dingo,Protected,High,22/11/19 17:16,22/11/19,17:16:48,0.72,393,0.7
Protection,Mourachan,Number_11_Dam,Dingo,Protected,High,22/11/19 17:16,22/11/19,17:16:48,0.72,393,0.7
Protection,Mourachan,Number_11_Dam,Dingo,Protected,High,22/11/19 17:16,22/11/19,17:16:48,0.72,393,0.7
Protection,Mourachan,Number_11_Dam,Dingo,Protected,High,22/11/19 17:16,22/11/19,17:16:48,0.72,393,0.7
Protection,Mourachan,Number_11_Dam,Dingo,Protected,High,22/11/19 17:16,22/11/19,17:16:48,0.72,393,0.7
Protection,Mourachan,Number_11_Dam,Dingo,Protected,High,22/11/19 17:16,22/11/19,17:16:48,0.72,393,0.7
Protection,Mourachan,Number_11_Dam,Dingo,Protected,High,22/11/19 17:16,22/11/19,17:16:48,0.72,393,0.7
Protection,Mourachan,Number_11_Dam,Dingo,Protected,High,22/11/19 17:16,22/11/19,17:16:48,0.72,393,0.7
Protection,Mourachan,Number_11_Dam,Dingo,Protected,High,22/11/19 17:16,22/11/19,17:16:48,0.72,393,0.7
Protection,Mourachan,Number_11_Dam,Dingo,Protected,High,22/11/19 17:16,22/11/19,17:16:48,0.72,393,0.7
Protection,Mourachan,Number_11_Dam,Dingo,Protected,High,22/11/19 17:16,22/11/19,17:16:48,0.72,393,0.7
Protection,Mourachan,Number_11_Dam,Dingo,Protected,High,22/11/19 17:16,22/11/19,17:16:48,0.72,393,0.7
Protection,Mourachan,Number_11_Dam,Dingo,Protected,High,22/11/19 17:16,22/11/19,17:16:48,0.72,393,0.7
Protection,Mourachan,Number_11_Dam,Dingo,Protected,High,22/11/19 17:16,22/11/19,17:16:48,0.72,393,0.7
Protection,Mourachan,Number_11_Dam,Dingo,Protected,High,22/11/19 17:16,22/11/19,17:16:48,0.72,393,0.7
Protection,Mourachan,Number_11_Dam,Dingo,Protected,High,22/11/19 17:16,22/11/19,17:16:48,0.72,393,0.7
Protection,Mourachan,Number_11_Dam,Dingo,Protected,High,22/11/19 17:16,22/11/19,17:16:48,0.72,393,0.7
Protection,Mourachan,Number_11_Dam,Dingo,Protected,High,22/11/19 17:16,22/11/19,17:16:48,0.72,393,0.7
Protection,Mourachan,Number_11_Dam,Dingo,Protected,High,22/11/19 17:16,22/11/19,17:16:48,0.72,393,0.7
Protection,Mourachan,Number_11_Dam,Dingo,Protected,High,22/11/19 17:16,22/11/19,17:16:48,0.72,393,0.7
Protection,Mourachan,Number_11_Dam,Dingo,Protected,High,22/11/19 17:16,22/11/19,17:16:48,0.72,393,0.7
Protection,Mourachan,Number_11_Dam,Dingo,Protected,High,22/11/19 17:16,22/11/19,17:16:48,0.72,393,0.7
Protection,Mourachan,Number_11_Dam,Dingo,Protected,High,22/11/19 17:16,22/11/19,17:16:48,0.72,393,0.7
Protection,Mourachan,Number_11_Dam,Dingo,Protected,High,22/11/19 17:16,22/11/19,17:16:48,0.72,393,0.7
Protection,Mourachan,Number_11_Dam,Dingo,Protected,High,22/11/19 17:16,22/11/19,17:16:48,0.72,393,0.7
Protection,Mourachan,Number_11_Dam,Dingo,Protected,High,22/11/19 17:16,22/11/19,17:16:48,0.72,393,0.7
Protection,Mourachan,Number_11_Dam,Dingo,Protected,High,22/11/19 17:16,22/11/19,17:16:48,0.72,393,0.7
Protection,Mourachan,Number_11_Dam,Dingo,Protected,High,22/11/19 17:16,22/11/19,17:16:48,0.72,393,0.7
Protection,Mourachan,Number_11_Dam,Dingo,Protected,High,22/11/19 17:16,22/11/19,17:16:48,0.72,393,0.7
Protection,Mourachan,Number_11_Dam,Dingo,Protected,High,22/11/19 17:16,22/11/19,17:16:48,0.72,393,0.7
Protection,Mourachan,Number_11_Dam,Dingo,Protected,High,22/11/19 17:16,22/11/19,17:16:48,0.72,393,0.7
Protection,Mourachan,Number_11_Dam,Dingo,Protected,High,22/11/19 17:16,22/11/19,17:16:48,0.72,393,0.7
Protection,Mourachan,Number_11_Dam,Dingo,Protected,High,22/11/19 17:16,22/11/19,17:16:48,0.72,393,0.7
Protection,Mourachan,Number_11_Dam,Dingo,Protected,High,22/11/19 17:16,22/11/19,17:16:48,0.72,393,0.7
Protection,Mourachan,Number_11_Dam,Dingo,Protected,High,22/11/19 17:16,22/11/19,17:16:48,0.72,393,0.7
Protection,Mourachan,Number_11_Dam,Dingo,Protected,High,22/11/19 17:16,22/11/19,17:16:48,0.72,393,0.7
Protection,Mourachan,Number_11_Dam,Dingo,Protected,High,22/11/19 17:16,22/11/19,17:16:48,0.72,393,0.7
Protection,Mourachan,Number_11_Dam,Dingo,Protected,High,22/11/19 17:16,22/11/19,17:16:48,0.72,393,0.7
Protection,Mourachan,Number_11_Dam,Dingo,Protected,High,22/11/19 17:16,22/11/19,17:16:48,0.72,393,0.7
Protection,Mourachan,Number_11_Dam,Dingo,Protected,High,22/11/19 17:16,22/11/19,17:16:48,0.72,393,0.7
Protection,Mourachan,Number_11_Dam,Dingo,Protected,High,22/11/19 17:16,22/11/19,17:16:48,0.72,393,0.7
Protection,Mourachan,Number_11_Dam,Dingo,Protected,High,22/11/19 17:16,22/11/19,17:16:48,0.72,393,0.7
Protection,Mourachan,Number_11_Dam,Dingo,Protected,High,22/11/19 17:16,22/11/19,17:16:48,0.72,393,0.7
Protection,Mourachan,Number_11_Dam,Dingo,Protected,High,22/11/19 17:16,22/11/19,17:16:48,0.72,393,0.7
Protection,Mourachan,Number_11_Dam,Dingo,Protected,High,22/11/19 17:16,22/11/19,17:16:48,0.72,393,0.7
Protection,Mourachan,Number_11_Dam,Dingo,Protected,High,22/11/19 17:16,22/11/19,17:16:48,0.72,393,0.7
Protection,Mourachan,Number_11_Dam,Dingo,Protected,High,22/11/19 17:16,22/11/19,17:16:48,0.72,393,0.7
Protection,Mourachan,Number_11_Dam,Dingo,Protected,High,22/11/19 17:16,22/11/19,17:16:48,0.72,393,0.7
Protection,Mourachan,Number_11_Dam,Dingo,Protected,High,22/11/19 17:16,22/11/19,17:16:48,0.72,393,0.7
Protection,Mourachan,Number_11_Dam,Dingo,Protected,High,22/11/19 17:16,22/11/19,17:16:48,0.72,393,0.7
Protection,Mourachan,Number_11_Dam,Dingo,Protected,High,22/11/19 17:16,22/11/19,17:16:48,0.72,393,0.7
Protection,Mourachan,Number_11_Dam,Dingo,Protected,High,22/11/19 17:16,22/11/19,17:16:48,0.72,393,0.7
Protection,Mourachan,Number_11_Dam,Dingo,Protected,High,22/11/19 17:16,22/11/19,17:16:48,0.72,393,0.7
Protection,Mourachan,Number_11_Dam,Dingo,Protected,High,22/11/19 17:16,22/11/19,17:16:48,0.72,393,0.7
Protection,Mourachan,Number_11_Dam,Dingo,Protected,High,22/11/19 17:16,22/11/19,17:16:48,0.72,393,0.7
Protection,Mourachan,Number_11_Dam,Dingo,Protected,High,22/11/19 17:16,22/11/19,17:16:48,0.72,393,0.7
Protection,Mourachan,Number_11_Dam,Dingo,Protected,High,22/11/19 17:16,22/11/19,17:16:48,0.72,393,0.7
Protection,Mourachan,Number_11_Dam,Dingo,Protected,High,22/11/19 17:16,22/11/19,17:16:48,0.72,393,0.7
Protection,Mourachan,Number_11_Dam,Dingo,Protected,High,22/11/19 17:16,22/11/19,17:16:48,0.72,393,0.7
Protection,Mourachan,Number_11_Dam,Dingo,Protected,High,22/11/19 17:16,22/11/19,17:16:48,0.72,393,0.7
Protection,Mourachan,Number_11_Dam,Dingo,Protected,High,22/11/19 17:16,22/11/19,17:16:48,0.72,393,0.7
Protection,Mourachan,Number_11_Dam,Dingo,Protected,High,22/11/19 17:16,22/11/19,17:16:48,0.72,393,0.7
Protection,Mourachan,Number_11_Dam,Dingo,Protected,High,22/11/19 17:16,22/11/19,17:16:48,0.72,393,0.7
Protection,Mourachan,Number_11_Dam,Dingo,Protected,High,22/11/19 17:16,22/11/19,17:16:48,0.72,393,0.7
Protection,Mourachan,Number_11_Dam,Dingo,Protected,High,22/11/19 17:16,22/11/19,17:16:48,0.72,393,0.7
Protection,Mourachan,Number_11_Dam,Dingo,Protected,High,22/11/19 17:16,22/11/19,17:16:48,0.72,393,0.7
Protection,Mourachan,Number_11_Dam,Dingo,Protected,High,22/11/19 17:16,22/11/19,17:16:48,0.72,393,0.7
Protection,Mourachan,Number_11_Dam,Dingo,Protected,High,22/11/19 17:16,22/11/19,17:16:48,0.72,393,0.7
Protection,Mourachan,Number_11_Dam,Dingo,Protected,High,22/11/19 17:16,22/11/19,17:16:48,0.72,393,0.7
Protection,Mourachan,Number_11_Dam,Dingo,Protected,High,22/11/19 17:16,22/11/19,17:16:48,0.72,393,0.7
Protection,Mourachan,Number_11_Dam,Dingo,Protected,High,22/11/19 17:16,22/11/19,17:16:48,0.72,393,0.7
Protection,Mourachan,Number_11_Dam,Dingo,Protected,High,28/11/19 17:31,28/11/19,17:31:12,0.73,393,0.7
Protection,Mourachan,Number_11_Dam,Dingo,Protected,High,28/11/19 17:31,28/11/19,17:31:12,0.73,393,0.7
Protection,Mourachan,Number_11_Dam,Dingo,Protected,High,28/11/19 17:31,28/11/19,17:31:12,0.73,393,0.7
Protection,Mourachan,Number_11_Dam,Dingo,Protected,High,28/11/19 17:31,28/11/19,17:31:12,0.73,393,0.7
Protection,Mourachan,Number_11_Dam,Dingo,Protected,High,28/11/19 17:31,28/11/19,17:31:12,0.73,393,0.7
Protection,Mourachan,Number_11_Dam,Dingo,Protected,High,28/11/19 17:31,28/11/19,17:31:12,0.73,393,0.7
Protection,Mourachan,Number_11_Dam,Dingo,Protected,High,22/11/19 17:45,22/11/19,17:45:36,0.74,393,0.71
Protection,Mourachan,Number_11_Dam,Dingo,Protected,High,22/11/19 17:45,22/11/19,17:45:36,0.74,393,0.71
Protection,Mourachan,Number_11_Dam,Dingo,Protected,High,22/11/19 17:45,22/11/19,17:45:36,0.74,393,0.71
Protection,Mourachan,Number_11_Dam,Dingo,Protected,High,22/11/19 17:45,22/11/19,17:45:36,0.74,393,0.71
Protection,Mourachan,Number_11_Dam,Dingo,Protected,High,22/11/19 17:45,22/11/19,17:45:36,0.74,393,0.71
Protection,Mourachan,Number_11_Dam,Dingo,Protected,High,22/11/19 17:45,22/11/19,17:45:36,0.74,393,0.71
Protection,Mourachan,Number_11_Dam,Dingo,Protected,High,22/11/19 17:45,22/11/19,17:45:36,0.74,393,0.71
Protection,Mourachan,Number_11_Dam,Dingo,Protected,High,22/11/19 17:45,22/11/19,17:45:36,0.74,393,0.71
Protection,Mourachan,Number_11_Dam,Dingo,Protected,High,22/11/19 17:45,22/11/19,17:45:36,0.74,393,0.71
Protection,Mourachan,Number_11_Dam,Dingo,Protected,High,22/11/19 17:45,22/11/19,17:45:36,0.74,393,0.71
Protection,Mourachan,Number_11_Dam,Dingo,Protected,High,22/11/19 17:45,22/11/19,17:45:36,0.74,393,0.71
Protection,Mourachan,Number_11_Dam,Dingo,Protected,High,22/11/19 17:45,22/11/19,17:45:36,0.74,393,0.71
Protection,Mourachan,Number_11_Dam,Dingo,Protected,High,22/11/19 17:45,22/11/19,17:45:36,0.74,393,0.71
Protection,Mourachan,Number_11_Dam,Dingo,Protected,High,22/11/19 17:45,22/11/19,17:45:36,0.74,393,0.71
Protection,Mourachan,Number_11_Dam,Dingo,Protected,High,22/11/19 17:45,22/11/19,17:45:36,0.74,393,0.71
Protection,Mourachan,Number_11_Dam,Dingo,Protected,High,22/11/19 17:45,22/11/19,17:45:36,0.74,393,0.71
Protection,Mourachan,Number_11_Dam,Dingo,Protected,High,22/11/19 17:45,22/11/19,17:45:36,0.74,393,0.71
Protection,Mourachan,Number_11_Dam,Dingo,Protected,High,22/11/19 17:45,22/11/19,17:45:36,0.74,393,0.71
Protection,Mourachan,Number_11_Dam,Dingo,Protected,High,22/11/19 17:45,22/11/19,17:45:36,0.74,393,0.71
Protection,Mourachan,Number_11_Dam,Dingo,Protected,High,22/11/19 17:45,22/11/19,17:45:36,0.74,393,0.71
Protection,Mourachan,Number_11_Dam,Dingo,Protected,High,22/11/19 17:45,22/11/19,17:45:36,0.74,393,0.71
Protection,Mourachan,Number_11_Dam,Dingo,Protected,High,22/11/19 17:45,22/11/19,17:45:36,0.74,393,0.71
Protection,Mourachan,Number_11_Dam,Dingo,Protected,High,28/11/19 18:00,28/11/19,18:00:00,0.75,393,0.72
Protection,Mourachan,Number_11_Dam,Dingo,Protected,High,28/11/19 18:00,28/11/19,18:00:00,0.75,393,0.72
Protection,Mourachan,Number_11_Dam,Dingo,Protected,High,28/11/19 18:00,28/11/19,18:00:00,0.75,393,0.72
Protection,Mourachan,Number_11_Dam,Dingo,Protected,High,28/11/19 18:00,28/11/19,18:00:00,0.75,393,0.72
Protection,Mourachan,Number_11_Dam,Dingo,Protected,High,28/11/19 18:00,28/11/19,18:00:00,0.75,393,0.72
Protection,Mourachan,Number_11_Dam,Dingo,Protected,High,28/11/19 18:00,28/11/19,18:00:00,0.75,393,0.72
Protection,Mourachan,Number_11_Dam,Dingo,Protected,High,28/11/19 18:00,28/11/19,18:00:00,0.75,393,0.72
Protection,Mourachan,Number_11_Dam,Dingo,Protected,High,26/11/19 18:00,26/11/19,18:00:00,0.75,393,0.72
Protection,Mourachan,Number_11_Dam,Dingo,Protected,High,26/11/19 18:00,26/11/19,18:00:00,0.75,393,0.72
Protection,Mourachan,Number_11_Dam,Dingo,Protected,High,26/11/19 18:00,26/11/19,18:00:00,0.75,393,0.72
Protection,Mourachan,Number_11_Dam,Dingo,Protected,High,26/11/19 18:00,26/11/19,18:00:00,0.75,393,0.72
Protection,Mourachan,Number_11_Dam,Dingo,Protected,High,26/11/19 18:00,26/11/19,18:00:00,0.75,393,0.72
Protection,Mourachan,Number_11_Dam,Dingo,Protected,High,26/11/19 18:00,26/11/19,18:00:00,0.75,393,0.72
Protection,Mourachan,Number_11_Dam,Dingo,Protected,High,26/11/19 18:00,26/11/19,18:00:00,0.75,393,0.72
Protection,Mourachan,Number_11_Dam,Dingo,Protected,High,26/11/19 18:00,26/11/19,18:00:00,0.75,393,0.72
Protection,Mourachan,Number_11_Dam,Dingo,Protected,High,26/11/19 18:00,26/11/19,18:00:00,0.75,393,0.72
Protection,Mourachan,Number_11_Dam,Dingo,Protected,High,26/11/19 18:00,26/11/19,18:00:00,0.75,393,0.72
Protection,Mourachan,Number_11_Dam,Dingo,Protected,High,26/11/19 18:00,26/11/19,18:00:00,0.75,393,0.72
Protection,Mourachan,Number_11_Dam,Dingo,Protected,High,27/11/19 18:14,27/11/19,18:14:24,0.76,393,0.73
Protection,Mourachan,Number_11_Dam,Dingo,Protected,High,27/11/19 18:14,27/11/19,18:14:24,0.76,393,0.73
Protection,Mourachan,Number_11_Dam,Dingo,Protected,High,27/11/19 18:14,27/11/19,18:14:24,0.76,393,0.73
Protection,Mourachan,Number_11_Dam,Dingo,Protected,High,27/11/19 18:14,27/11/19,18:14:24,0.76,393,0.73
Protection,Mourachan,Number_11_Dam,Dingo,Protected,High,27/11/19 18:14,27/11/19,18:14:24,0.76,393,0.73
Protection,Mourachan,Number_11_Dam,Dingo,Protected,High,22/11/19 18:28,22/11/19,18:28:48,0.77,393,0.74
Protection,Mourachan,Number_11_Dam,Dingo,Protected,High,22/11/19 18:28,22/11/19,18:28:48,0.77,393,0.74
Protection,Mourachan,Number_11_Dam,Dingo,Protected,High,22/11/19 18:28,22/11/19,18:28:48,0.77,393,0.74
Protection,Mourachan,Number_11_Dam,Dingo,Protected,High,22/11/19 18:28,22/11/19,18:28:48,0.77,393,0.74
Protection,Mourachan,Number_11_Dam,Dingo,Protected,High,22/11/19 18:28,22/11/19,18:28:48,0.77,393,0.74
Protection,Mourachan,Number_11_Dam,Dingo,Protected,High,22/11/19 18:28,22/11/19,18:28:48,0.77,393,0.74
Protection,Mourachan,Number_11_Dam,Dingo,Protected,High,22/11/19 18:28,22/11/19,18:28:48,0.77,393,0.74
Protection,Mourachan,Number_11_Dam,Dingo,Protected,High,22/11/19 18:28,22/11/19,18:28:48,0.77,393,0.74
Protection,Mourachan,Number_11_Dam,Dingo,Protected,High,22/11/19 18:28,22/11/19,18:28:48,0.77,393,0.74
Protection,Mourachan,Number_11_Dam,Dingo,Protected,High,22/11/19 18:28,22/11/19,18:28:48,0.77,393,0.74
Protection,Mourachan,Number_11_Dam,Dingo,Protected,High,22/11/19 18:28,22/11/19,18:28:48,0.77,393,0.74
Protection,Mourachan,Number_11_Dam,Dingo,Protected,High,22/11/19 18:28,22/11/19,18:28:48,0.77,393,0.74
Protection,Mourachan,Number_11_Dam,Dingo,Protected,High,22/11/19 18:28,22/11/19,18:28:48,0.77,393,0.74
Protection,Mourachan,Number_11_Dam,Dingo,Protected,High,22/11/19 18:28,22/11/19,18:28:48,0.77,393,0.74
Protection,Mourachan,Number_11_Dam,Dingo,Protected,High,28/11/19 18:43,28/11/19,18:43:12,0.78,393,0.75
Protection,Mourachan,Number_11_Dam,Dingo,Protected,High,28/11/19 18:43,28/11/19,18:43:12,0.78,393,0.75
Protection,Mourachan,Number_11_Dam,Dingo,Protected,High,28/11/19 18:43,28/11/19,18:43:12,0.78,393,0.75
Protection,Mourachan,Number_11_Dam,Dingo,Protected,High,28/11/19 18:43,28/11/19,18:43:12,0.78,393,0.75
Protection,Mourachan,Number_11_Dam,Dingo,Protected,High,21/11/19 19:12,21/11/19,19:12:00,0.8,393,0.77
Protection,Mourachan,Number_11_Dam,Dingo,Protected,High,21/11/19 19:12,21/11/19,19:12:00,0.8,393,0.77
Protection,Mourachan,Number_11_Dam,Dingo,Protected,High,21/11/19 19:55,21/11/19,19:55:12,0.83,393,0.81
Protection,Mourachan,Number_11_Dam,Dingo,Protected,High,21/11/19 19:55,21/11/19,19:55:12,0.83,393,0.81
Protection,Mourachan,Number_11_Dam,Dingo,Protected,High,21/11/19 19:55,21/11/19,19:55:12,0.83,393,0.81
Protection,Mourachan,Quick_Shot_Dam,Dingo,Protected,High,24/11/19 5:45,24/11/19,5:45:36,0.24,391,0.27
Protection,Mourachan,Quick_Shot_Dam,Dingo,Protected,High,24/11/19 5:45,24/11/19,5:45:36,0.24,391,0.27
Protection,Mourachan,Quick_Shot_Dam,Dingo,Protected,High,24/11/19 5:45,24/11/19,5:45:36,0.24,391,0.27
Protection,Mourachan,Quick_Shot_Dam,Dingo,Protected,High,24/11/19 5:45,24/11/19,5:45:36,0.24,391,0.27
Protection,Mourachan,Quick_Shot_Dam,Dingo,Protected,High,24/11/19 5:45,24/11/19,5:45:36,0.24,391,0.27
Protection,Mourachan,Quick_Shot_Dam,Dingo,Protected,High,24/11/19 5:45,24/11/19,5:45:36,0.24,391,0.27
Protection,Mourachan,Quick_Shot_Dam,Dingo,Protected,High,24/11/19 5:45,24/11/19,5:45:36,0.24,391,0.27
Protection,Mourachan,Quick_Shot_Dam,Dingo,Protected,High,28/11/19 6:14,28/11/19,6:14:24,0.26,391,0.29
Protection,Mourachan,Quick_Shot_Dam,Dingo,Protected,High,28/11/19 6:14,28/11/19,6:14:24,0.26,391,0.29
Protection,Mourachan,Quick_Shot_Dam,Dingo,Protected,High,25/11/19 7:26,25/11/19,7:26:24,0.31,391,0.33
Protection,Mourachan,Quick_Shot_Dam,Dingo,Protected,High,25/11/19 7:26,25/11/19,7:26:24,0.31,391,0.33
Protection,Mourachan,Quick_Shot_Dam,Dingo,Protected,High,25/11/19 7:26,25/11/19,7:26:24,0.31,391,0.33
Protection,Mourachan,Quick_Shot_Dam,Dingo,Protected,High,25/11/19 7:26,25/11/19,7:26:24,0.31,391,0.33
Protection,Mourachan,Quick_Shot_Dam,Dingo,Protected,High,26/11/19 12:57,26/11/19,12:57:36,0.54,391,0.54
Protection,Mourachan,Quick_Shot_Dam,Dingo,Protected,High,28/11/19 15:36,28/11/19,15:36:00,0.65,391,0.63
Protection,Mourachan,Quick_Shot_Dam,Dingo,Protected,High,28/11/19 15:36,28/11/19,15:36:00,0.65,391,0.63
Protection,Mourachan,Quick_Shot_Dam,Dingo,Protected,High,26/11/19 15:50,26/11/19,15:50:24,0.66,391,0.64
Protection,Mourachan,Quick_Shot_Dam,Dingo,Protected,High,26/11/19 16:33,26/11/19,16:33:36,0.69,391,0.67
Protection,Mourachan,Quick_Shot_Dam,Dingo,Protected,High,26/11/19 16:33,26/11/19,16:33:36,0.69,391,0.67
Protection,Mourachan,Quick_Shot_Dam,Dingo,Protected,High,26/11/19 16:33,26/11/19,16:33:36,0.69,391,0.67
Protection,Mourachan,Quick_Shot_Dam,Dingo,Protected,High,27/11/19 17:02,27/11/19,17:02:24,0.71,391,0.69
Protection,Mourachan,Quick_Shot_Dam,Dingo,Protected,High,28/11/19 17:16,28/11/19,17:16:48,0.72,391,0.7
Protection,Mourachan,Quick_Shot_Dam,Dingo,Protected,High,28/11/19 17:16,28/11/19,17:16:48,0.72,391,0.7
Protection,Mourachan,Quick_Shot_Dam,Dingo,Protected,High,28/11/19 17:16,28/11/19,17:16:48,0.72,391,0.7
Protection,Mourachan,Quick_Shot_Dam,Dingo,Protected,High,28/11/19 17:16,28/11/19,17:16:48,0.72,391,0.7
Protection,Mourachan,Quick_Shot_Dam,Dingo,Protected,High,28/11/19 17:16,28/11/19,17:16:48,0.72,391,0.7
Protection,Mourachan,Quick_Shot_Dam,Dingo,Protected,High,26/11/19 17:31,26/11/19,17:31:12,0.73,391,0.7
Protection,Mourachan,Quick_Shot_Dam,Dingo,Protected,High,23/11/19 17:45,23/11/19,17:45:36,0.74,391,0.71
Protection,Mourachan,Quick_Shot_Dam,Dingo,Protected,High,23/11/19 17:45,23/11/19,17:45:36,0.74,391,0.71
Protection,Mourachan,Quick_Shot_Dam,Dingo,Protected,High,23/11/19 17:45,23/11/19,17:45:36,0.74,391,0.71
Protection,Mourachan,Quick_Shot_Dam,Dingo,Protected,High,23/11/19 17:45,23/11/19,17:45:36,0.74,391,0.71
Protection,Mourachan,Quick_Shot_Dam,Dingo,Protected,High,23/11/19 17:45,23/11/19,17:45:36,0.74,391,0.71
Protection,Mourachan,Quick_Shot_Dam,Dingo,Protected,High,23/11/19 17:45,23/11/19,17:45:36,0.74,391,0.71
Protection,Mourachan,Quick_Shot_Dam,Dingo,Protected,High,23/11/19 17:45,23/11/19,17:45:36,0.74,391,0.71
Protection,Mourachan,Quick_Shot_Dam,Dingo,Protected,High,23/11/19 17:45,23/11/19,17:45:36,0.74,391,0.71
Protection,Mourachan,Quick_Shot_Dam,Dingo,Protected,High,23/11/19 17:45,23/11/19,17:45:36,0.74,391,0.71
Protection,Mourachan,Quick_Shot_Dam,Dingo,Protected,High,23/11/19 17:45,23/11/19,17:45:36,0.74,391,0.71
Protection,Mourachan,Quick_Shot_Dam,Dingo,Protected,High,23/11/19 17:45,23/11/19,17:45:36,0.74,391,0.71
Protection,Mourachan,Quick_Shot_Dam,Dingo,Protected,High,24/11/19 18:00,24/11/19,18:00:00,0.75,391,0.72
Protection,Mourachan,Quick_Shot_Dam,Dingo,Protected,High,25/11/19 18:00,25/11/19,18:00:00,0.75,391,0.72
Protection,Mourachan,Quick_Shot_Dam,Dingo,Protected,High,25/11/19 18:00,25/11/19,18:00:00,0.75,391,0.72
Protection,Mourachan,Sucker_Pig,Fox,Protected,High,20/7/20 1:12,20/7/20,1:12:00,0.05,400,0.04
Protection,Mourachan,Sucker_Pig,Dingo,Protected,High,1/5/20 4:33,1/5/20,4:33:36,0.19,400,0.17
Protection,Mourachan,Sucker_Pig,Dingo,Protected,High,10/8/20 5:02,10/8/20,5:02:24,0.21,400,0.19
Protection,Mourachan,Sucker_Pig,Dingo,Protected,High,20/7/20 7:12,20/7/20,7:12:00,0.3,400,0.26
Protection,Mourachan,Sucker_Pig,Dingo,Protected,High,20/7/20 7:12,20/7/20,7:12:00,0.3,400,0.26
Protection,Mourachan,Sucker_Pig,Dingo,Protected,High,20/7/20 7:12,20/7/20,7:12:00,0.3,400,0.26
Protection,Mourachan,Sucker_Pig,Dingo,Protected,High,20/7/20 7:12,20/7/20,7:12:00,0.3,400,0.26
Protection,Mourachan,Sucker_Pig,Dingo,Protected,High,24/5/20 8:52,24/5/20,8:52:48,0.37,400,0.35
Protection,Mourachan,Sucker_Pig,Dingo,Protected,High,10/9/20 8:38,10/9/20,8:38:24,0.36,400,0.36
Protection,Mourachan,Sucker_Pig,Dingo,Protected,High,10/9/20 12:28,10/9/20,12:28:48,0.52,400,0.52
Protection,Mourachan,Sucker_Pig,Dingo,Protected,High,10/9/20 12:28,10/9/20,12:28:48,0.52,400,0.52
Protection,Mourachan,Sucker_Pig,Dingo,Protected,High,22/8/20 13:12,22/8/20,13:12:00,0.55,400,0.55
Protection,Mourachan,Sucker_Pig,Dingo,Protected,High,22/8/20 13:12,22/8/20,13:12:00,0.55,400,0.55
Protection,Mourachan,Sucker_Pig,Dingo,Protected,High,23/8/20 13:26,23/8/20,13:26:24,0.56,400,0.56
Protection,Mourachan,Sucker_Pig,Dingo,Protected,High,23/8/20 13:26,23/8/20,13:26:24,0.56,400,0.56
Protection,Mourachan,Sucker_Pig,Dingo,Protected,High,10/8/20 14:24,10/8/20,14:24:00,0.6,400,0.6
Protection,Mourachan,Sucker_Pig,Dingo,Protected,High,19/4/20 15:50,19/4/20,15:50:24,0.66,400,0.67
Protection,Mourachan,Sucker_Pig,Dingo,Protected,High,3/8/20 16:48,3/8/20,16:48:00,0.7,400,0.71
Protection,Mourachan,Sucker_Pig,Dingo,Protected,High,3/8/20 16:48,3/8/20,16:48:00,0.7,400,0.71
Protection,Mourachan,Sucker_Pig,Dingo,Protected,High,28/6/20 17:45,28/6/20,17:45:36,0.74,400,0.77
Protection,Mourachan,Sucker_Pig,Dingo,Protected,High,28/6/20 17:45,28/6/20,17:45:36,0.74,400,0.77
Protection,Mourachan,Sucker_Pig,Dingo,Protected,High,28/6/20 17:45,28/6/20,17:45:36,0.74,400,0.77
Protection,Mourachan,Sucker_Pig,Dingo,Protected,High,21/7/20 18:28,21/7/20,18:28:48,0.77,400,0.79
Protection,Mourachan,Sucker_Pig,Fox,Protected,High,21/7/20 20:24,21/7/20,20:24:00,0.85,400,0.86
Protection,Mourachan,Sucker_Pig,Dingo,Protected,High,5/8/20 20:52,5/8/20,20:52:48,0.87,400,0.87
Protection,Mourachan,Sucker_Pig,Dingo,Protected,High,5/8/20 20:52,5/8/20,20:52:48,0.87,400,0.87
Protection,Mourachan,Sucker_Pig,Fox,Protected,High,17/7/20 22:48,17/7/20,22:48:00,0.95,400,0.95
Protection,Mourachan,Thomby_Dam,Dingo,Protected,High,25/11/19 21:21,25/11/19,21:21:36,0.89,400,0.87
Protection,Mourachan,Thomby_Dam,Dingo,Protected,High,25/11/19 21:21,25/11/19,21:21:36,0.89,400,0.87
Protection,Mourachan,Thomby_Dam,Dingo,Protected,High,22/11/19 22:33,22/11/19,22:33:36,0.94,400,0.93